,algorithm,num_nodes,ratio_fraction,domain_size,sample_size,trial,time,equiv,precision,recall,f1,pure,structural
0,MIIC,5,1.1,2,100,0,0.003966093063354492,False,0.0,0.0,0.0,5,5
1,GHC,5,1.1,2,100,0,0.011714935302734375,False,0.75,0.6,0.6666666666666665,3,3
2,FCI,5,1.1,2,100,0,0.0025131702423095703,False,0.0,0.0,0.0,5,5
3,MIIC,5,1.1,2,100,1,0.0019578933715820312,False,1.0,0.6,0.7499999999999999,2,2
4,GHC,5,1.1,2,100,1,0.010277032852172852,False,1.0,0.6,0.7499999999999999,2,2
5,FCI,5,1.1,2,100,1,0.0017862319946289062,False,1.0,0.4,0.5714285714285715,3,3
6,MIIC,5,1.1,2,100,2,0.0015900135040283203,False,1.0,0.6,0.7499999999999999,2,3
7,GHC,5,1.1,2,100,2,0.010882854461669922,False,1.0,0.4,0.5714285714285715,3,3
8,FCI,5,1.1,2,100,2,0.0013141632080078125,False,-1.0,-1.0,-1.0,-1,-1
9,MIIC,5,1.1,2,100,3,0.0011827945709228516,False,0.0,0.0,0.0,5,5
10,GHC,5,1.1,2,100,3,0.008692026138305664,False,0.0,0.0,0.0,5,5
11,FCI,5,1.1,2,100,3,0.0005471706390380859,False,0.0,0.0,0.0,5,5
12,MIIC,5,1.1,2,100,4,0.0016388893127441406,False,1.0,0.6,0.7499999999999999,2,2
13,GHC,5,1.1,2,100,4,0.010603189468383789,False,1.0,0.6,0.7499999999999999,2,2
14,FCI,5,1.1,2,100,4,0.0013630390167236328,False,-1.0,-1.0,-1.0,-1,-1
15,MIIC,5,1.1,2,250,0,0.0014500617980957031,False,1.0,0.6,0.7499999999999999,2,2
16,GHC,5,1.1,2,250,0,0.009753942489624023,False,1.0,0.8,0.888888888888889,1,4
17,FCI,5,1.1,2,250,0,0.0016698837280273438,False,-1.0,-1.0,-1.0,-1,-1
18,MIIC,5,1.1,2,250,1,0.0015020370483398438,False,1.0,0.6,0.7499999999999999,2,3
19,GHC,5,1.1,2,250,1,0.009837150573730469,False,1.0,0.6,0.7499999999999999,2,3
20,FCI,5,1.1,2,250,1,0.001294851303100586,False,-1.0,-1.0,-1.0,-1,-1
21,MIIC,5,1.1,2,250,2,0.001558065414428711,False,1.0,0.6,0.7499999999999999,2,4
22,GHC,5,1.1,2,250,2,0.010059833526611328,False,1.0,0.8,0.888888888888889,1,2
23,FCI,5,1.1,2,250,2,0.0017180442810058594,False,-1.0,-1.0,-1.0,-1,-1
24,MIIC,5,1.1,2,250,3,0.0014867782592773438,False,1.0,0.6,0.7499999999999999,2,4
25,GHC,5,1.1,2,250,3,0.00984501838684082,False,1.0,0.6,0.7499999999999999,2,4
26,FCI,5,1.1,2,250,3,0.001065969467163086,False,1.0,0.6,0.7499999999999999,2,4
27,MIIC,5,1.1,2,250,4,0.001383066177368164,False,1.0,0.4,0.5714285714285715,3,4
28,GHC,5,1.1,2,250,4,0.008878946304321289,False,1.0,0.4,0.5714285714285715,3,4
29,FCI,5,1.1,2,250,4,0.0008447170257568359,False,1.0,0.4,0.5714285714285715,3,4
30,MIIC,5,1.1,2,500,0,0.0013661384582519531,False,1.0,0.4,0.5714285714285715,3,3
31,GHC,5,1.1,2,500,0,0.008933067321777344,False,1.0,0.4,0.5714285714285715,3,3
32,FCI,5,1.1,2,500,0,0.0007457733154296875,False,1.0,0.4,0.5714285714285715,3,3
33,MIIC,5,1.1,2,500,1,0.0018470287322998047,False,1.0,0.8,0.888888888888889,1,3
34,GHC,5,1.1,2,500,1,0.010098934173583984,False,1.0,0.8,0.888888888888889,1,3
35,FCI,5,1.1,2,500,1,0.002300739288330078,False,-1.0,-1.0,-1.0,-1,-1
36,MIIC,5,1.1,2,500,2,0.0016009807586669922,False,1.0,0.6,0.7499999999999999,2,3
37,GHC,5,1.1,2,500,2,0.009917974472045898,False,0.8,0.8,0.8000000000000002,2,5
38,FCI,5,1.1,2,500,2,0.0010440349578857422,False,1.0,0.6,0.7499999999999999,2,3
39,MIIC,5,1.1,2,500,3,0.0017538070678710938,False,1.0,0.8,0.888888888888889,1,3
40,GHC,5,1.1,2,500,3,0.010106801986694336,False,0.8,0.8,0.8000000000000002,2,6
41,FCI,5,1.1,2,500,3,0.00164794921875,False,-1.0,-1.0,-1.0,-1,-1
42,MIIC,5,1.1,2,500,4,0.0014519691467285156,False,1.0,0.6,0.7499999999999999,2,4
43,GHC,5,1.1,2,500,4,0.00978398323059082,False,1.0,0.8,0.888888888888889,1,1
44,FCI,5,1.1,2,500,4,0.001071929931640625,False,-1.0,-1.0,-1.0,-1,-1
45,MIIC,5,1.1,2,1000,0,0.0019299983978271484,False,1.0,0.8,0.888888888888889,1,3
46,GHC,5,1.1,2,1000,0,0.009769916534423828,False,1.0,0.8,0.888888888888889,1,3
47,FCI,5,1.1,2,1000,0,0.002913951873779297,False,-1.0,-1.0,-1.0,-1,-1
48,MIIC,5,1.1,2,1000,1,0.002658843994140625,False,1.0,1.0,1.0,0,0
49,GHC,5,1.1,2,1000,1,0.01043391227722168,False,1.0,1.0,1.0,0,0
50,FCI,5,1.1,2,1000,1,0.0037970542907714844,False,-1.0,-1.0,-1.0,-1,-1
51,MIIC,5,1.1,2,1000,2,0.0015196800231933594,False,1.0,0.4,0.5714285714285715,3,4
52,GHC,5,1.1,2,1000,2,0.01002812385559082,False,1.0,0.8,0.888888888888889,1,3
53,FCI,5,1.1,2,1000,2,0.0008230209350585938,False,1.0,0.4,0.5714285714285715,3,4
54,MIIC,5,1.1,2,1000,3,0.0019571781158447266,False,1.0,0.8,0.888888888888889,1,2
55,GHC,5,1.1,2,1000,3,0.009799957275390625,False,1.0,0.6,0.7499999999999999,2,2
56,FCI,5,1.1,2,1000,3,0.002095937728881836,False,-1.0,-1.0,-1.0,-1,-1
57,MIIC,5,1.1,2,1000,4,0.0016362667083740234,False,1.0,0.6,0.7499999999999999,2,3
58,GHC,5,1.1,2,1000,4,0.009539127349853516,False,0.6666666666666666,0.4,0.5,4,5
59,FCI,5,1.1,2,1000,4,0.0012309551239013672,False,-1.0,-1.0,-1.0,-1,-1
60,MIIC,5,1.1,3,100,0,0.0016217231750488281,False,1.0,0.8,0.888888888888889,1,3
61,GHC,5,1.1,3,100,0,0.011043071746826172,False,1.0,0.8,0.888888888888889,1,3
62,FCI,5,1.1,3,100,0,0.0014128684997558594,False,1.0,0.4,0.5714285714285715,3,3
63,MIIC,5,1.1,3,100,1,0.0020949840545654297,False,1.0,1.0,1.0,0,0
64,GHC,5,1.1,3,100,1,0.010903120040893555,False,1.0,1.0,1.0,0,0
65,FCI,5,1.1,3,100,1,0.003195047378540039,False,-1.0,-1.0,-1.0,-1,-1
66,MIIC,5,1.1,3,100,2,0.0012929439544677734,False,1.0,0.4,0.5714285714285715,3,3
67,GHC,5,1.1,3,100,2,0.009859085083007812,False,1.0,0.4,0.5714285714285715,3,3
68,FCI,5,1.1,3,100,2,0.0010333061218261719,False,1.0,0.6,0.7499999999999999,2,2
69,MIIC,5,1.1,3,100,3,0.0011949539184570312,False,0.0,0.0,0.0,5,5
70,GHC,5,1.1,3,100,3,0.009518146514892578,False,0.0,0.0,0.0,5,5
71,FCI,5,1.1,3,100,3,0.0006730556488037109,False,1.0,0.2,0.33333333333333337,4,5
72,MIIC,5,1.1,3,100,4,0.0012390613555908203,False,1.0,0.25,0.4,3,4
73,GHC,5,1.1,3,100,4,0.00900888442993164,False,1.0,0.25,0.4,3,4
74,FCI,5,1.1,3,100,4,0.000965118408203125,False,1.0,0.25,0.4,3,4
75,MIIC,5,1.1,3,250,0,0.0015149116516113281,False,1.0,0.6,0.7499999999999999,2,2
76,GHC,5,1.1,3,250,0,0.009910106658935547,False,1.0,0.6,0.7499999999999999,2,2
77,FCI,5,1.1,3,250,0,0.0011560916900634766,False,1.0,0.6,0.7499999999999999,2,2
78,MIIC,5,1.1,3,250,1,0.0012259483337402344,False,1.0,0.25,0.4,3,3
79,GHC,5,1.1,3,250,1,0.008452177047729492,False,1.0,0.25,0.4,3,3
80,FCI,5,1.1,3,250,1,0.0007009506225585938,False,1.0,0.5,0.6666666666666666,2,3
81,MIIC,5,1.1,3,250,2,0.0015060901641845703,False,1.0,0.25,0.4,3,4
82,GHC,5,1.1,3,250,2,0.008563041687011719,False,1.0,0.25,0.4,3,4
83,FCI,5,1.1,3,250,2,0.0011031627655029297,False,1.0,0.25,0.4,3,4
84,MIIC,5,1.1,3,250,3,0.001962900161743164,False,1.0,1.0,1.0,0,0
85,GHC,5,1.1,3,250,3,0.011168956756591797,False,0.8333333333333334,1.0,0.9090909090909091,1,1
86,FCI,5,1.1,3,250,3,0.0023560523986816406,False,-1.0,-1.0,-1.0,-1,-1
87,MIIC,5,1.1,3,250,4,0.0018668174743652344,False,1.0,0.8,0.888888888888889,1,1
88,GHC,5,1.1,3,250,4,0.00972604751586914,False,1.0,0.8,0.888888888888889,1,3
89,FCI,5,1.1,3,250,4,0.0032057762145996094,False,-1.0,-1.0,-1.0,-1,-1
90,MIIC,5,1.1,3,500,0,0.0019369125366210938,False,1.0,0.8,0.888888888888889,1,5
91,GHC,5,1.1,3,500,0,0.01022791862487793,False,1.0,0.8,0.888888888888889,1,1
92,FCI,5,1.1,3,500,0,0.004240274429321289,False,-1.0,-1.0,-1.0,-1,-1
93,MIIC,5,1.1,3,500,1,0.0018718242645263672,False,1.0,1.0,1.0,0,0
94,GHC,5,1.1,3,500,1,0.010838985443115234,False,1.0,1.0,1.0,0,0
95,FCI,5,1.1,3,500,1,0.0023381710052490234,False,-1.0,-1.0,-1.0,-1,-1
96,MIIC,5,1.1,3,500,2,0.0018291473388671875,False,1.0,1.0,1.0,0,0
97,GHC,5,1.1,3,500,2,0.010313987731933594,False,1.0,1.0,1.0,0,0
98,FCI,5,1.1,3,500,2,0.003706693649291992,False,-1.0,-1.0,-1.0,-1,-1
99,MIIC,5,1.1,3,500,3,0.0019099712371826172,False,1.0,1.0,1.0,0,0
100,GHC,5,1.1,3,500,3,0.010768890380859375,False,1.0,1.0,1.0,0,0
101,FCI,5,1.1,3,500,3,0.0015170574188232422,False,-1.0,-1.0,-1.0,-1,-1
102,MIIC,5,1.1,3,500,4,0.0015289783477783203,False,1.0,0.6,0.7499999999999999,2,2
103,GHC,5,1.1,3,500,4,0.009720087051391602,False,1.0,0.8,0.888888888888889,1,3
104,FCI,5,1.1,3,500,4,0.0016431808471679688,False,-1.0,-1.0,-1.0,-1,-1
105,MIIC,5,1.1,3,1000,0,0.002254962921142578,False,1.0,1.0,1.0,0,0
106,GHC,5,1.1,3,1000,0,0.010686874389648438,False,1.0,1.0,1.0,0,0
107,FCI,5,1.1,3,1000,0,0.0026209354400634766,False,-1.0,-1.0,-1.0,-1,-1
108,MIIC,5,1.1,3,1000,1,0.0019168853759765625,False,1.0,0.8,0.888888888888889,1,3
109,GHC,5,1.1,3,1000,1,0.011265039443969727,False,0.7142857142857143,1.0,0.8333333333333333,2,4
110,FCI,5,1.1,3,1000,1,0.0019788742065429688,False,-1.0,-1.0,-1.0,-1,-1
111,MIIC,5,1.1,3,1000,2,0.0016198158264160156,False,1.0,0.4,0.5714285714285715,3,3
112,GHC,5,1.1,3,1000,2,0.009042024612426758,False,1.0,0.4,0.5714285714285715,3,3
113,FCI,5,1.1,3,1000,2,0.0016713142395019531,False,-1.0,-1.0,-1.0,-1,-1
114,MIIC,5,1.1,3,1000,3,0.0019412040710449219,False,0.75,0.6,0.6666666666666665,3,5
115,GHC,5,1.1,3,1000,3,0.011068105697631836,False,0.75,0.6,0.6666666666666665,3,5
116,FCI,5,1.1,3,1000,3,0.002048015594482422,False,-1.0,-1.0,-1.0,-1,-1
117,MIIC,5,1.1,3,1000,4,0.0019991397857666016,False,1.0,1.0,1.0,0,4
118,GHC,5,1.1,3,1000,4,0.009778261184692383,False,1.0,0.8,0.888888888888889,1,2
119,FCI,5,1.1,3,1000,4,0.0031380653381347656,False,-1.0,-1.0,-1.0,-1,-1
120,MIIC,5,1.1,4,100,0,0.0015530586242675781,False,1.0,0.4,0.5714285714285715,3,3
121,GHC,5,1.1,4,100,0,0.010174036026000977,False,1.0,0.4,0.5714285714285715,3,3
122,FCI,5,1.1,4,100,0,0.0008709430694580078,False,1.0,0.2,0.33333333333333337,4,4
123,MIIC,5,1.1,4,100,1,0.0020258426666259766,False,1.0,1.0,1.0,0,0
124,GHC,5,1.1,4,100,1,0.010102987289428711,False,1.0,0.75,0.8571428571428571,1,1
125,FCI,5,1.1,4,100,1,0.0018157958984375,False,-1.0,-1.0,-1.0,-1,-1
126,MIIC,5,1.1,4,100,2,0.0014178752899169922,False,1.0,0.4,0.5714285714285715,3,5
127,GHC,5,1.1,4,100,2,0.010817766189575195,False,0.75,0.6,0.6666666666666665,3,4
128,FCI,5,1.1,4,100,2,0.0010859966278076172,False,-1.0,-1.0,-1.0,-1,-1
129,MIIC,5,1.1,4,100,3,0.0015339851379394531,False,1.0,0.4,0.5714285714285715,3,3
130,GHC,5,1.1,4,100,3,0.010908126831054688,False,1.0,0.4,0.5714285714285715,3,3
131,FCI,5,1.1,4,100,3,0.0008571147918701172,False,1.0,0.4,0.5714285714285715,3,3
132,MIIC,5,1.1,4,100,4,0.0012447834014892578,False,1.0,0.2,0.33333333333333337,4,4
133,GHC,5,1.1,4,100,4,0.00996708869934082,False,1.0,0.2,0.33333333333333337,4,4
134,FCI,5,1.1,4,100,4,0.0007050037384033203,False,1.0,0.2,0.33333333333333337,4,4
135,MIIC,5,1.1,4,250,0,0.0017650127410888672,False,1.0,0.8,0.888888888888889,1,4
136,GHC,5,1.1,4,250,0,0.010090112686157227,False,1.0,1.0,1.0,0,0
137,FCI,5,1.1,4,250,0,0.004130125045776367,False,-1.0,-1.0,-1.0,-1,-1
138,MIIC,5,1.1,4,250,1,0.001699209213256836,False,1.0,1.0,1.0,0,0
139,GHC,5,1.1,4,250,1,0.010084867477416992,False,1.0,1.0,1.0,0,0
140,FCI,5,1.1,4,250,1,0.0015430450439453125,False,-1.0,-1.0,-1.0,-1,-1
141,MIIC,5,1.1,4,250,2,0.0012297630310058594,False,1.0,0.2,0.33333333333333337,4,4
142,GHC,5,1.1,4,250,2,0.00853109359741211,False,1.0,0.2,0.33333333333333337,4,4
143,FCI,5,1.1,4,250,2,0.0008609294891357422,False,1.0,0.4,0.5714285714285715,3,4
144,MIIC,5,1.1,4,250,3,0.0015652179718017578,False,1.0,0.8,0.888888888888889,1,1
145,GHC,5,1.1,4,250,3,0.010065078735351562,False,1.0,0.6,0.7499999999999999,2,2
146,FCI,5,1.1,4,250,3,0.0014667510986328125,False,-1.0,-1.0,-1.0,-1,-1
147,MIIC,5,1.1,4,250,4,0.0014901161193847656,False,1.0,0.75,0.8571428571428571,1,4
148,GHC,5,1.1,4,250,4,0.008988142013549805,False,1.0,0.5,0.6666666666666666,2,4
149,FCI,5,1.1,4,250,4,0.0012171268463134766,False,1.0,0.5,0.6666666666666666,2,4
150,MIIC,5,1.1,4,500,0,0.0013561248779296875,False,1.0,0.4,0.5714285714285715,3,4
151,GHC,5,1.1,4,500,0,0.008867979049682617,False,1.0,0.4,0.5714285714285715,3,4
152,FCI,5,1.1,4,500,0,0.0014920234680175781,False,-1.0,-1.0,-1.0,-1,-1
153,MIIC,5,1.1,4,500,1,0.0015392303466796875,False,1.0,0.6,0.7499999999999999,2,3
154,GHC,5,1.1,4,500,1,0.010289192199707031,False,0.75,0.6,0.6666666666666665,3,5
155,FCI,5,1.1,4,500,1,0.0030939579010009766,False,-1.0,-1.0,-1.0,-1,-1
156,MIIC,5,1.1,4,500,2,0.0016779899597167969,False,1.0,0.8,0.888888888888889,1,2
157,GHC,5,1.1,4,500,2,0.010013103485107422,False,1.0,0.8,0.888888888888889,1,2
158,FCI,5,1.1,4,500,2,0.0025053024291992188,False,-1.0,-1.0,-1.0,-1,-1
159,MIIC,5,1.1,4,500,3,0.0013179779052734375,False,1.0,0.4,0.5714285714285715,3,5
160,GHC,5,1.1,4,500,3,0.008888006210327148,False,1.0,0.4,0.5714285714285715,3,5
161,FCI,5,1.1,4,500,3,0.0016820430755615234,False,1.0,0.2,0.33333333333333337,4,5
162,MIIC,5,1.1,4,500,4,0.0013759136199951172,False,1.0,0.4,0.5714285714285715,3,3
163,GHC,5,1.1,4,500,4,0.00858926773071289,False,1.0,0.2,0.33333333333333337,4,4
164,FCI,5,1.1,4,500,4,0.0009441375732421875,False,1.0,0.4,0.5714285714285715,3,3
165,MIIC,5,1.1,4,1000,0,0.0015888214111328125,False,1.0,0.75,0.8571428571428571,1,4
166,GHC,5,1.1,4,1000,0,0.009521961212158203,False,1.0,0.75,0.8571428571428571,1,4
167,FCI,5,1.1,4,1000,0,0.0025599002838134766,False,-1.0,-1.0,-1.0,-1,-1
168,MIIC,5,1.1,4,1000,1,0.0018460750579833984,False,1.0,0.8,0.888888888888889,1,1
169,GHC,5,1.1,4,1000,1,0.01092982292175293,False,1.0,1.0,1.0,0,0
170,FCI,5,1.1,4,1000,1,0.002276897430419922,False,1.0,0.4,0.5714285714285715,3,3
171,MIIC,5,1.1,4,1000,2,0.0019719600677490234,False,1.0,0.8,0.888888888888889,1,1
172,GHC,5,1.1,4,1000,2,0.010219097137451172,False,1.0,0.8,0.888888888888889,1,1
173,FCI,5,1.1,4,1000,2,0.0031909942626953125,False,-1.0,-1.0,-1.0,-1,-1
174,MIIC,5,1.1,4,1000,3,0.0017189979553222656,False,1.0,0.6,0.7499999999999999,2,4
175,GHC,5,1.1,4,1000,3,0.009546995162963867,False,1.0,0.6,0.7499999999999999,2,4
176,FCI,5,1.1,4,1000,3,0.001672983169555664,False,-1.0,-1.0,-1.0,-1,-1
177,MIIC,5,1.1,4,1000,4,0.002135038375854492,False,1.0,0.6,0.7499999999999999,2,4
178,GHC,5,1.1,4,1000,4,0.010221004486083984,False,1.0,0.6,0.7499999999999999,2,4
179,FCI,5,1.1,4,1000,4,0.002386808395385742,False,-1.0,-1.0,-1.0,-1,-1
180,MIIC,5,1.3,2,100,0,0.0014920234680175781,False,1.0,0.3333333333333333,0.5,4,6
181,GHC,5,1.3,2,100,0,0.010637044906616211,False,0.75,0.5,0.6,4,5
182,FCI,5,1.3,2,100,0,0.0011327266693115234,False,1.0,0.3333333333333333,0.5,4,6
183,MIIC,5,1.3,2,100,1,0.002170085906982422,False,0.75,0.5,0.6,4,6
184,GHC,5,1.3,2,100,1,0.01087498664855957,False,1.0,0.5,0.6666666666666666,3,5
185,FCI,5,1.3,2,100,1,0.0016520023345947266,False,1.0,0.3333333333333333,0.5,4,5
186,MIIC,5,1.3,2,100,2,0.0015249252319335938,False,1.0,0.4,0.5714285714285715,3,5
187,GHC,5,1.3,2,100,2,0.01083517074584961,False,1.0,0.4,0.5714285714285715,3,3
188,FCI,5,1.3,2,100,2,0.001119375228881836,False,-1.0,-1.0,-1.0,-1,-1
189,MIIC,5,1.3,2,100,3,0.0014150142669677734,False,1.0,0.75,0.8571428571428571,1,1
190,GHC,5,1.3,2,100,3,0.009870052337646484,False,1.0,0.75,0.8571428571428571,1,1
191,FCI,5,1.3,2,100,3,0.0012619495391845703,False,-1.0,-1.0,-1.0,-1,-1
192,MIIC,5,1.3,2,100,4,0.0013110637664794922,False,1.0,0.4,0.5714285714285715,3,4
193,GHC,5,1.3,2,100,4,0.010317087173461914,False,1.0,0.6,0.7499999999999999,2,2
194,FCI,5,1.3,2,100,4,0.0008840560913085938,False,-1.0,-1.0,-1.0,-1,-1
195,MIIC,5,1.3,2,250,0,0.0019609928131103516,False,1.0,0.6666666666666666,0.8,2,3
196,GHC,5,1.3,2,250,0,0.01026296615600586,False,1.0,0.6666666666666666,0.8,2,3
197,FCI,5,1.3,2,250,0,0.0015981197357177734,False,1.0,0.5,0.6666666666666666,3,3
198,MIIC,5,1.3,2,250,1,0.0014450550079345703,False,1.0,0.75,0.8571428571428571,1,1
199,GHC,5,1.3,2,250,1,0.008846759796142578,False,1.0,0.5,0.6666666666666666,2,2
200,FCI,5,1.3,2,250,1,0.0008308887481689453,False,1.0,0.5,0.6666666666666666,2,2
201,MIIC,5,1.3,2,250,2,0.001416921615600586,False,1.0,0.5,0.6666666666666666,2,3
202,GHC,5,1.3,2,250,2,0.009305715560913086,False,1.0,0.75,0.8571428571428571,1,1
203,FCI,5,1.3,2,250,2,0.0008249282836914062,False,1.0,0.5,0.6666666666666666,2,3
204,MIIC,5,1.3,2,250,3,0.0014190673828125,False,1.0,0.5,0.6666666666666666,3,6
205,GHC,5,1.3,2,250,3,0.010610342025756836,False,0.8,0.6666666666666666,0.7272727272727272,3,5
206,FCI,5,1.3,2,250,3,0.0011630058288574219,False,1.0,0.3333333333333333,0.5,4,6
207,MIIC,5,1.3,2,250,4,0.0014500617980957031,False,1.0,0.6,0.7499999999999999,2,3
208,GHC,5,1.3,2,250,4,0.009380817413330078,False,1.0,0.6,0.7499999999999999,2,3
209,FCI,5,1.3,2,250,4,0.0009682178497314453,False,-1.0,-1.0,-1.0,-1,-1
210,MIIC,5,1.3,2,500,0,0.0015628337860107422,False,1.0,0.75,0.8571428571428571,1,1
211,GHC,5,1.3,2,500,0,0.009443998336791992,False,1.0,0.75,0.8571428571428571,1,1
212,FCI,5,1.3,2,500,0,0.0012271404266357422,False,-1.0,-1.0,-1.0,-1,-1
213,MIIC,5,1.3,2,500,1,0.0017120838165283203,False,1.0,0.6,0.7499999999999999,2,2
214,GHC,5,1.3,2,500,1,0.009262800216674805,False,1.0,0.6,0.7499999999999999,2,2
215,FCI,5,1.3,2,500,1,0.001641988754272461,False,-1.0,-1.0,-1.0,-1,-1
216,MIIC,5,1.3,2,500,2,0.0026121139526367188,False,1.0,1.0,1.0,0,4
217,GHC,5,1.3,2,500,2,0.011337995529174805,False,1.0,1.0,1.0,0,0
218,FCI,5,1.3,2,500,2,0.004380226135253906,False,-1.0,-1.0,-1.0,-1,-1
219,MIIC,5,1.3,2,500,3,0.0014510154724121094,False,1.0,0.4,0.5714285714285715,3,3
220,GHC,5,1.3,2,500,3,0.00890803337097168,False,1.0,0.4,0.5714285714285715,3,3
221,FCI,5,1.3,2,500,3,0.000885009765625,False,1.0,0.4,0.5714285714285715,3,3
222,MIIC,5,1.3,2,500,4,0.0014452934265136719,False,1.0,0.6,0.7499999999999999,2,2
223,GHC,5,1.3,2,500,4,0.00926065444946289,False,1.0,0.6,0.7499999999999999,2,2
224,FCI,5,1.3,2,500,4,0.0012562274932861328,False,-1.0,-1.0,-1.0,-1,-1
225,MIIC,5,1.3,2,1000,0,0.0015931129455566406,False,1.0,0.3333333333333333,0.5,4,6
226,GHC,5,1.3,2,1000,0,0.010063886642456055,False,0.8,0.6666666666666666,0.7272727272727272,3,6
227,FCI,5,1.3,2,1000,0,0.0014519691467285156,False,-1.0,-1.0,-1.0,-1,-1
228,MIIC,5,1.3,2,1000,1,0.0024268627166748047,False,1.0,1.0,1.0,0,2
229,GHC,5,1.3,2,1000,1,0.011297941207885742,False,0.8333333333333334,1.0,0.9090909090909091,1,5
230,FCI,5,1.3,2,1000,1,0.0039539337158203125,False,-1.0,-1.0,-1.0,-1,-1
231,MIIC,5,1.3,2,1000,2,0.001825094223022461,False,1.0,0.6666666666666666,0.8,2,2
232,GHC,5,1.3,2,1000,2,0.010488748550415039,False,1.0,0.6666666666666666,0.8,2,4
233,FCI,5,1.3,2,1000,2,0.0023970603942871094,False,-1.0,-1.0,-1.0,-1,-1
234,MIIC,5,1.3,2,1000,3,0.0023369789123535156,False,0.8,0.6666666666666666,0.7272727272727272,3,4
235,GHC,5,1.3,2,1000,3,0.010581016540527344,False,0.6666666666666666,0.6666666666666666,0.6666666666666666,4,8
236,FCI,5,1.3,2,1000,3,0.004172086715698242,False,-1.0,-1.0,-1.0,-1,-1
237,MIIC,5,1.3,2,1000,4,0.001455068588256836,False,1.0,0.3333333333333333,0.5,4,6
238,GHC,5,1.3,2,1000,4,0.009480953216552734,False,1.0,0.5,0.6666666666666666,3,6
239,FCI,5,1.3,2,1000,4,0.001458883285522461,False,-1.0,-1.0,-1.0,-1,-1
240,MIIC,5,1.3,3,100,0,0.001287221908569336,False,1.0,0.2,0.33333333333333337,4,4
241,GHC,5,1.3,3,100,0,0.009516716003417969,False,1.0,0.2,0.33333333333333337,4,4
242,FCI,5,1.3,3,100,0,0.0010650157928466797,False,1.0,0.4,0.5714285714285715,3,3
243,MIIC,5,1.3,3,100,1,0.0016908645629882812,False,1.0,0.6,0.7499999999999999,2,3
244,GHC,5,1.3,3,100,1,0.010854959487915039,False,1.0,0.8,0.888888888888889,1,1
245,FCI,5,1.3,3,100,1,0.0015358924865722656,False,-1.0,-1.0,-1.0,-1,-1
246,MIIC,5,1.3,3,100,2,0.0011649131774902344,False,1.0,0.2,0.33333333333333337,4,5
247,GHC,5,1.3,3,100,2,0.009768009185791016,False,1.0,0.2,0.33333333333333337,4,5
248,FCI,5,1.3,3,100,2,0.0008382797241210938,False,-1.0,-1.0,-1.0,-1,-1
249,MIIC,5,1.3,3,100,3,0.0015158653259277344,False,0.75,0.6,0.6666666666666665,3,3
250,GHC,5,1.3,3,100,3,0.010593175888061523,False,0.6666666666666666,0.4,0.5,4,4
251,FCI,5,1.3,3,100,3,0.0018470287322998047,False,1.0,0.4,0.5714285714285715,3,3
252,MIIC,5,1.3,3,100,4,0.0016851425170898438,False,1.0,0.75,0.8571428571428571,1,1
253,GHC,5,1.3,3,100,4,0.011730194091796875,False,1.0,0.75,0.8571428571428571,1,1
254,FCI,5,1.3,3,100,4,0.0012969970703125,False,1.0,0.75,0.8571428571428571,1,1
255,MIIC,5,1.3,3,250,0,0.0013151168823242188,False,1.0,0.4,0.5714285714285715,3,3
256,GHC,5,1.3,3,250,0,0.008835077285766602,False,1.0,0.4,0.5714285714285715,3,3
257,FCI,5,1.3,3,250,0,0.0009148120880126953,False,1.0,0.4,0.5714285714285715,3,3
258,MIIC,5,1.3,3,250,1,0.0014617443084716797,False,1.0,0.6,0.7499999999999999,2,4
259,GHC,5,1.3,3,250,1,0.009546041488647461,False,1.0,0.6,0.7499999999999999,2,2
260,FCI,5,1.3,3,250,1,0.0015420913696289062,False,-1.0,-1.0,-1.0,-1,-1
261,MIIC,5,1.3,3,250,2,0.0013461112976074219,False,1.0,0.3333333333333333,0.5,4,4
262,GHC,5,1.3,3,250,2,0.009205102920532227,False,1.0,0.3333333333333333,0.5,4,4
263,FCI,5,1.3,3,250,2,0.0006949901580810547,False,1.0,0.16666666666666666,0.2857142857142857,5,5
264,MIIC,5,1.3,3,250,3,0.001622915267944336,False,1.0,0.6,0.7499999999999999,2,2
265,GHC,5,1.3,3,250,3,0.0097808837890625,False,1.0,0.6,0.7499999999999999,2,2
266,FCI,5,1.3,3,250,3,0.0013570785522460938,False,-1.0,-1.0,-1.0,-1,-1
267,MIIC,5,1.3,3,250,4,0.0013580322265625,False,1.0,0.5,0.6666666666666666,2,2
268,GHC,5,1.3,3,250,4,0.008836984634399414,False,1.0,0.5,0.6666666666666666,2,2
269,FCI,5,1.3,3,250,4,0.001661062240600586,False,-1.0,-1.0,-1.0,-1,-1
270,MIIC,5,1.3,3,500,0,0.0017647743225097656,False,1.0,0.8,0.888888888888889,1,1
271,GHC,5,1.3,3,500,0,0.01051473617553711,False,1.0,0.8,0.888888888888889,1,1
272,FCI,5,1.3,3,500,0,0.001950979232788086,False,-1.0,-1.0,-1.0,-1,-1
273,MIIC,5,1.3,3,500,1,0.0017511844635009766,False,1.0,0.8,0.888888888888889,1,1
274,GHC,5,1.3,3,500,1,0.009882688522338867,False,1.0,0.8,0.888888888888889,1,1
275,FCI,5,1.3,3,500,1,0.0034160614013671875,False,-1.0,-1.0,-1.0,-1,-1
276,MIIC,5,1.3,3,500,2,0.0017290115356445312,False,1.0,0.8,0.888888888888889,1,2
277,GHC,5,1.3,3,500,2,0.009489297866821289,False,1.0,0.6,0.7499999999999999,2,3
278,FCI,5,1.3,3,500,2,0.0020928382873535156,False,-1.0,-1.0,-1.0,-1,-1
279,MIIC,5,1.3,3,500,3,0.0017383098602294922,False,1.0,0.8,0.888888888888889,1,3
280,GHC,5,1.3,3,500,3,0.010123014450073242,False,0.75,0.6,0.6666666666666665,3,6
281,FCI,5,1.3,3,500,3,0.0018792152404785156,False,-1.0,-1.0,-1.0,-1,-1
282,MIIC,5,1.3,3,500,4,0.0015192031860351562,False,1.0,0.4,0.5714285714285715,3,5
283,GHC,5,1.3,3,500,4,0.009335041046142578,False,1.0,0.4,0.5714285714285715,3,5
284,FCI,5,1.3,3,500,4,0.0010819435119628906,False,-1.0,-1.0,-1.0,-1,-1
285,MIIC,5,1.3,3,1000,0,0.001798868179321289,False,1.0,0.75,0.8571428571428571,1,1
286,GHC,5,1.3,3,1000,0,0.010659217834472656,False,1.0,1.0,1.0,0,0
287,FCI,5,1.3,3,1000,0,0.0026578903198242188,False,-1.0,-1.0,-1.0,-1,-1
288,MIIC,5,1.3,3,1000,1,0.0017671585083007812,False,1.0,0.6,0.7499999999999999,2,2
289,GHC,5,1.3,3,1000,1,0.009922981262207031,False,1.0,0.6,0.7499999999999999,2,2
290,FCI,5,1.3,3,1000,1,0.0022661685943603516,False,-1.0,-1.0,-1.0,-1,-1
291,MIIC,5,1.3,3,1000,2,0.0016989707946777344,False,1.0,0.6,0.7499999999999999,2,4
292,GHC,5,1.3,3,1000,2,0.010220050811767578,False,0.75,0.6,0.6666666666666665,3,5
293,FCI,5,1.3,3,1000,2,0.002162933349609375,False,-1.0,-1.0,-1.0,-1,-1
294,MIIC,5,1.3,3,1000,3,0.002061128616333008,False,1.0,1.0,1.0,0,0
295,GHC,5,1.3,3,1000,3,0.010505914688110352,False,1.0,1.0,1.0,0,0
296,FCI,5,1.3,3,1000,3,0.0035140514373779297,False,-1.0,-1.0,-1.0,-1,-1
297,MIIC,5,1.3,3,1000,4,0.0019497871398925781,False,1.0,0.8333333333333334,0.9090909090909091,1,6
298,GHC,5,1.3,3,1000,4,0.010277986526489258,False,1.0,0.8333333333333334,0.9090909090909091,1,6
299,FCI,5,1.3,3,1000,4,0.006335020065307617,False,-1.0,-1.0,-1.0,-1,-1
300,MIIC,5,1.3,4,100,0,0.0012290477752685547,False,1.0,0.16666666666666666,0.2857142857142857,5,5
301,GHC,5,1.3,4,100,0,0.008958101272583008,False,0.0,0.0,0.0,6,6
302,FCI,5,1.3,4,100,0,0.0008690357208251953,False,1.0,0.3333333333333333,0.5,4,4
303,MIIC,5,1.3,4,100,1,0.0014679431915283203,False,1.0,0.16666666666666666,0.2857142857142857,5,6
304,GHC,5,1.3,4,100,1,0.009244918823242188,False,1.0,0.16666666666666666,0.2857142857142857,5,6
305,FCI,5,1.3,4,100,1,0.0015749931335449219,False,-1.0,-1.0,-1.0,-1,-1
306,MIIC,5,1.3,4,100,2,0.0013458728790283203,False,0.0,0.0,0.0,5,5
307,GHC,5,1.3,4,100,2,0.009009838104248047,False,0.0,0.0,0.0,5,5
308,FCI,5,1.3,4,100,2,0.0005459785461425781,False,0.0,0.0,0.0,5,5
309,MIIC,5,1.3,4,100,3,0.0014562606811523438,False,0.0,0.0,0.0,5,5
310,GHC,5,1.3,4,100,3,0.009405136108398438,False,0.0,0.0,0.0,5,5
311,FCI,5,1.3,4,100,3,0.0007717609405517578,False,1.0,0.4,0.5714285714285715,3,4
312,MIIC,5,1.3,4,100,4,0.0014078617095947266,False,1.0,0.4,0.5714285714285715,3,3
313,GHC,5,1.3,4,100,4,0.01023101806640625,False,1.0,0.4,0.5714285714285715,3,3
314,FCI,5,1.3,4,100,4,0.0008952617645263672,False,1.0,0.4,0.5714285714285715,3,3
315,MIIC,5,1.3,4,250,0,0.0014410018920898438,False,1.0,0.5,0.6666666666666666,3,4
316,GHC,5,1.3,4,250,0,0.009592056274414062,False,1.0,0.5,0.6666666666666666,3,4
317,FCI,5,1.3,4,250,0,0.0013549327850341797,False,-1.0,-1.0,-1.0,-1,-1
318,MIIC,5,1.3,4,250,1,0.0013391971588134766,False,1.0,0.4,0.5714285714285715,3,5
319,GHC,5,1.3,4,250,1,0.008897066116333008,False,1.0,0.4,0.5714285714285715,3,3
320,FCI,5,1.3,4,250,1,0.002012968063354492,False,-1.0,-1.0,-1.0,-1,-1
321,MIIC,5,1.3,4,250,2,0.0019550323486328125,False,1.0,0.8333333333333334,0.9090909090909091,1,1
322,GHC,5,1.3,4,250,2,0.010371923446655273,False,1.0,0.8333333333333334,0.9090909090909091,1,1
323,FCI,5,1.3,4,250,2,0.004672050476074219,False,-1.0,-1.0,-1.0,-1,-1
324,MIIC,5,1.3,4,250,3,0.0015921592712402344,False,1.0,0.8,0.888888888888889,1,1
325,GHC,5,1.3,4,250,3,0.008787155151367188,False,1.0,0.4,0.5714285714285715,3,3
326,FCI,5,1.3,4,250,3,0.0017850399017333984,False,-1.0,-1.0,-1.0,-1,-1
327,MIIC,5,1.3,4,250,4,0.001438140869140625,False,1.0,0.4,0.5714285714285715,3,4
328,GHC,5,1.3,4,250,4,0.009849786758422852,False,1.0,0.4,0.5714285714285715,3,4
329,FCI,5,1.3,4,250,4,0.0011782646179199219,False,-1.0,-1.0,-1.0,-1,-1
330,MIIC,5,1.3,4,500,0,0.001542806625366211,False,1.0,0.6,0.7499999999999999,2,2
331,GHC,5,1.3,4,500,0,0.00978994369506836,False,0.75,0.6,0.6666666666666665,3,6
332,FCI,5,1.3,4,500,0,0.003815889358520508,False,-1.0,-1.0,-1.0,-1,-1
333,MIIC,5,1.3,4,500,1,0.0019309520721435547,False,1.0,1.0,1.0,0,0
334,GHC,5,1.3,4,500,1,0.009479045867919922,False,1.0,0.6,0.7499999999999999,2,2
335,FCI,5,1.3,4,500,1,0.003082275390625,False,-1.0,-1.0,-1.0,-1,-1
336,MIIC,5,1.3,4,500,2,0.0015759468078613281,False,1.0,0.3333333333333333,0.5,4,4
337,GHC,5,1.3,4,500,2,0.008976936340332031,False,1.0,0.3333333333333333,0.5,4,4
338,FCI,5,1.3,4,500,2,0.0027132034301757812,False,1.0,0.5,0.6666666666666666,3,4
339,MIIC,5,1.3,4,500,3,0.0016582012176513672,False,1.0,0.6666666666666666,0.8,2,3
340,GHC,5,1.3,4,500,3,0.009431123733520508,False,1.0,0.5,0.6666666666666666,3,4
341,FCI,5,1.3,4,500,3,0.0015711784362792969,False,1.0,0.3333333333333333,0.5,4,5
342,MIIC,5,1.3,4,500,4,0.0019681453704833984,False,1.0,1.0,1.0,0,0
343,GHC,5,1.3,4,500,4,0.010482072830200195,False,0.8,1.0,0.888888888888889,1,1
344,FCI,5,1.3,4,500,4,0.0015790462493896484,False,-1.0,-1.0,-1.0,-1,-1
345,MIIC,5,1.3,4,1000,0,0.0021376609802246094,False,1.0,0.8333333333333334,0.9090909090909091,1,1
346,GHC,5,1.3,4,1000,0,0.010294675827026367,False,1.0,0.6666666666666666,0.8,2,3
347,FCI,5,1.3,4,1000,0,0.004247188568115234,False,-1.0,-1.0,-1.0,-1,-1
348,MIIC,5,1.3,4,1000,1,0.0016689300537109375,False,1.0,0.6,0.7499999999999999,2,2
349,GHC,5,1.3,4,1000,1,0.01055288314819336,False,1.0,0.8,0.888888888888889,1,3
350,FCI,5,1.3,4,1000,1,0.002790212631225586,False,-1.0,-1.0,-1.0,-1,-1
351,MIIC,5,1.3,4,1000,2,0.0020952224731445312,False,1.0,1.0,1.0,0,0
352,GHC,5,1.3,4,1000,2,0.009114980697631836,False,1.0,0.4,0.5714285714285715,3,3
353,FCI,5,1.3,4,1000,2,0.003957986831665039,False,-1.0,-1.0,-1.0,-1,-1
354,MIIC,5,1.3,4,1000,3,0.0020170211791992188,False,1.0,1.0,1.0,0,0
355,GHC,5,1.3,4,1000,3,0.010046005249023438,False,1.0,1.0,1.0,0,0
356,FCI,5,1.3,4,1000,3,0.002054929733276367,False,-1.0,-1.0,-1.0,-1,-1
357,MIIC,5,1.3,4,1000,4,0.001687765121459961,False,1.0,0.6,0.7499999999999999,2,4
358,GHC,5,1.3,4,1000,4,0.010260820388793945,False,1.0,1.0,1.0,0,0
359,FCI,5,1.3,4,1000,4,0.0012679100036621094,False,-1.0,-1.0,-1.0,-1,-1
360,MIIC,5,1.5,2,100,0,0.002076864242553711,False,1.0,0.6,0.7499999999999999,2,3
361,GHC,5,1.5,2,100,0,0.01019597053527832,False,1.0,0.6,0.7499999999999999,2,3
362,FCI,5,1.5,2,100,0,0.0018010139465332031,False,1.0,0.4,0.5714285714285715,3,3
363,MIIC,5,1.5,2,100,1,0.00179290771484375,False,1.0,0.2857142857142857,0.4444444444444445,5,6
364,GHC,5,1.5,2,100,1,0.009796857833862305,False,1.0,0.2857142857142857,0.4444444444444445,5,6
365,FCI,5,1.5,2,100,1,0.0012378692626953125,False,1.0,0.14285714285714285,0.25,6,7
366,MIIC,5,1.5,2,100,2,0.0013260841369628906,False,1.0,0.14285714285714285,0.25,6,6
367,GHC,5,1.5,2,100,2,0.009854316711425781,False,1.0,0.14285714285714285,0.25,6,6
368,FCI,5,1.5,2,100,2,0.0008723735809326172,False,1.0,0.2857142857142857,0.4444444444444445,5,5
369,MIIC,5,1.5,2,100,3,0.001585245132446289,False,1.0,0.6,0.7499999999999999,2,2
370,GHC,5,1.5,2,100,3,0.010818719863891602,False,1.0,0.6,0.7499999999999999,2,2
371,FCI,5,1.5,2,100,3,0.0012009143829345703,False,1.0,0.6,0.7499999999999999,2,2
372,MIIC,5,1.5,2,100,4,0.0012958049774169922,False,1.0,0.2857142857142857,0.4444444444444445,5,6
373,GHC,5,1.5,2,100,4,0.009979248046875,False,1.0,0.2857142857142857,0.4444444444444445,5,6
374,FCI,5,1.5,2,100,4,0.0007810592651367188,False,1.0,0.2857142857142857,0.4444444444444445,5,6
375,MIIC,5,1.5,2,250,0,0.0016698837280273438,False,1.0,0.8,0.888888888888889,1,5
376,GHC,5,1.5,2,250,0,0.011001110076904297,False,1.0,0.8,0.888888888888889,1,5
377,FCI,5,1.5,2,250,0,0.0015769004821777344,False,-1.0,-1.0,-1.0,-1,-1
378,MIIC,5,1.5,2,250,1,0.001519918441772461,False,1.0,0.75,0.8571428571428571,1,2
379,GHC,5,1.5,2,250,1,0.010635137557983398,False,1.0,1.0,1.0,0,0
380,FCI,5,1.5,2,250,1,0.0017960071563720703,False,-1.0,-1.0,-1.0,-1,-1
381,MIIC,5,1.5,2,250,2,0.0018718242645263672,False,1.0,0.8333333333333334,0.9090909090909091,1,4
382,GHC,5,1.5,2,250,2,0.009974956512451172,False,1.0,0.8333333333333334,0.9090909090909091,1,4
383,FCI,5,1.5,2,250,2,0.0020949840545654297,False,-1.0,-1.0,-1.0,-1,-1
384,MIIC,5,1.5,2,250,3,0.0018031597137451172,False,1.0,0.6,0.7499999999999999,2,4
385,GHC,5,1.5,2,250,3,0.009927988052368164,False,1.0,0.8,0.888888888888889,1,2
386,FCI,5,1.5,2,250,3,0.0012900829315185547,False,1.0,0.4,0.5714285714285715,3,4
387,MIIC,5,1.5,2,250,4,0.0012679100036621094,False,1.0,0.4,0.5714285714285715,3,4
388,GHC,5,1.5,2,250,4,0.008977174758911133,False,1.0,0.4,0.5714285714285715,3,4
389,FCI,5,1.5,2,250,4,0.0007557868957519531,False,1.0,0.4,0.5714285714285715,3,4
390,MIIC,5,1.5,2,500,0,0.0018188953399658203,False,1.0,1.0,1.0,0,0
391,GHC,5,1.5,2,500,0,0.00991201400756836,False,1.0,1.0,1.0,0,3
392,FCI,5,1.5,2,500,0,0.002586841583251953,False,-1.0,-1.0,-1.0,-1,-1
393,MIIC,5,1.5,2,500,1,0.0016140937805175781,False,1.0,0.8,0.888888888888889,1,1
394,GHC,5,1.5,2,500,1,0.009996175765991211,False,1.0,0.8,0.888888888888889,1,1
395,FCI,5,1.5,2,500,1,0.0016932487487792969,False,-1.0,-1.0,-1.0,-1,-1
396,MIIC,5,1.5,2,500,2,0.001706838607788086,False,0.75,0.75,0.75,2,3
397,GHC,5,1.5,2,500,2,0.009968042373657227,False,0.75,0.75,0.75,2,3
398,FCI,5,1.5,2,500,2,0.0013279914855957031,False,-1.0,-1.0,-1.0,-1,-1
399,MIIC,5,1.5,2,500,3,0.0015568733215332031,False,1.0,0.75,0.8571428571428571,1,2
400,GHC,5,1.5,2,500,3,0.009619951248168945,False,0.75,0.75,0.75,2,3
401,FCI,5,1.5,2,500,3,0.001338958740234375,False,-1.0,-1.0,-1.0,-1,-1
402,MIIC,5,1.5,2,500,4,0.0015501976013183594,False,1.0,0.6,0.7499999999999999,2,2
403,GHC,5,1.5,2,500,4,0.00907588005065918,False,1.0,0.4,0.5714285714285715,3,3
404,FCI,5,1.5,2,500,4,0.0008568763732910156,False,1.0,0.4,0.5714285714285715,3,3
405,MIIC,5,1.5,2,1000,0,0.0019519329071044922,False,1.0,0.5714285714285714,0.7272727272727273,3,3
406,GHC,5,1.5,2,1000,0,0.010126113891601562,False,0.8,0.5714285714285714,0.6666666666666666,4,7
407,FCI,5,1.5,2,1000,0,0.0018551349639892578,False,-1.0,-1.0,-1.0,-1,-1
408,MIIC,5,1.5,2,1000,1,0.0020258426666259766,False,1.0,0.6666666666666666,0.8,2,5
409,GHC,5,1.5,2,1000,1,0.011475801467895508,False,1.0,1.0,1.0,0,0
410,FCI,5,1.5,2,1000,1,0.0033888816833496094,False,-1.0,-1.0,-1.0,-1,-1
411,MIIC,5,1.5,2,1000,2,0.002140045166015625,False,1.0,0.7142857142857143,0.8333333333333333,2,7
412,GHC,5,1.5,2,1000,2,0.010436058044433594,False,1.0,0.7142857142857143,0.8333333333333333,2,7
413,FCI,5,1.5,2,1000,2,0.004693031311035156,False,-1.0,-1.0,-1.0,-1,-1
414,MIIC,5,1.5,2,1000,3,0.0018939971923828125,False,1.0,0.8,0.888888888888889,1,2
415,GHC,5,1.5,2,1000,3,0.010454893112182617,False,1.0,0.8,0.888888888888889,1,2
416,FCI,5,1.5,2,1000,3,0.002958059310913086,False,-1.0,-1.0,-1.0,-1,-1
417,MIIC,5,1.5,2,1000,4,0.001474142074584961,False,1.0,0.5,0.6666666666666666,2,4
418,GHC,5,1.5,2,1000,4,0.009907007217407227,False,0.75,0.75,0.75,2,3
419,FCI,5,1.5,2,1000,4,0.0012111663818359375,False,-1.0,-1.0,-1.0,-1,-1
420,MIIC,5,1.5,3,100,0,0.001992940902709961,False,1.0,0.7142857142857143,0.8333333333333333,2,5
421,GHC,5,1.5,3,100,0,0.011720895767211914,False,1.0,0.7142857142857143,0.8333333333333333,2,7
422,FCI,5,1.5,3,100,0,0.0011310577392578125,False,1.0,0.14285714285714285,0.25,6,6
423,MIIC,5,1.5,3,100,1,0.0014710426330566406,False,1.0,0.42857142857142855,0.6,4,5
424,GHC,5,1.5,3,100,1,0.010334968566894531,False,1.0,0.2857142857142857,0.4444444444444445,5,5
425,FCI,5,1.5,3,100,1,0.001146078109741211,False,1.0,0.2857142857142857,0.4444444444444445,5,6
426,MIIC,5,1.5,3,100,2,0.0013260841369628906,False,1.0,0.3333333333333333,0.5,4,5
427,GHC,5,1.5,3,100,2,0.010293960571289062,False,1.0,0.3333333333333333,0.5,4,5
428,FCI,5,1.5,3,100,2,0.0008947849273681641,False,1.0,0.3333333333333333,0.5,4,5
429,MIIC,5,1.5,3,100,3,0.0012230873107910156,False,1.0,0.16666666666666666,0.2857142857142857,5,5
430,GHC,5,1.5,3,100,3,0.009576797485351562,False,1.0,0.16666666666666666,0.2857142857142857,5,5
431,FCI,5,1.5,3,100,3,0.0008921623229980469,False,-1.0,-1.0,-1.0,-1,-1
432,MIIC,5,1.5,3,100,4,0.001439809799194336,False,0.5,0.2,0.28571428571428575,5,5
433,GHC,5,1.5,3,100,4,0.009874820709228516,False,0.5,0.2,0.28571428571428575,5,5
434,FCI,5,1.5,3,100,4,0.001013040542602539,False,1.0,0.6,0.7499999999999999,2,4
435,MIIC,5,1.5,3,250,0,0.0018007755279541016,False,1.0,0.42857142857142855,0.6,4,4
436,GHC,5,1.5,3,250,0,0.009325027465820312,False,1.0,0.42857142857142855,0.6,4,4
437,FCI,5,1.5,3,250,0,0.0015549659729003906,False,-1.0,-1.0,-1.0,-1,-1
438,MIIC,5,1.5,3,250,1,0.0016198158264160156,False,1.0,0.8,0.888888888888889,1,2
439,GHC,5,1.5,3,250,1,0.009683847427368164,False,1.0,0.8,0.888888888888889,1,2
440,FCI,5,1.5,3,250,1,0.0027408599853515625,False,-1.0,-1.0,-1.0,-1,-1
441,MIIC,5,1.5,3,250,2,0.0017197132110595703,False,1.0,0.3333333333333333,0.5,4,4
442,GHC,5,1.5,3,250,2,0.009207963943481445,False,1.0,0.5,0.6666666666666666,3,5
443,FCI,5,1.5,3,250,2,0.0020198822021484375,False,-1.0,-1.0,-1.0,-1,-1
444,MIIC,5,1.5,3,250,3,0.0013208389282226562,False,1.0,0.2857142857142857,0.4444444444444445,5,6
445,GHC,5,1.5,3,250,3,0.008443117141723633,False,1.0,0.14285714285714285,0.25,6,6
446,FCI,5,1.5,3,250,3,0.001127004623413086,False,-1.0,-1.0,-1.0,-1,-1
447,MIIC,5,1.5,3,250,4,0.0017971992492675781,False,1.0,0.42857142857142855,0.6,4,6
448,GHC,5,1.5,3,250,4,0.009420156478881836,False,1.0,0.42857142857142855,0.6,4,6
449,FCI,5,1.5,3,250,4,0.0028111934661865234,False,-1.0,-1.0,-1.0,-1,-1
450,MIIC,5,1.5,3,500,0,0.002042055130004883,False,1.0,0.8333333333333334,0.9090909090909091,1,5
451,GHC,5,1.5,3,500,0,0.011508941650390625,False,0.8333333333333334,0.8333333333333334,0.8333333333333334,2,5
452,FCI,5,1.5,3,500,0,0.0026869773864746094,False,-1.0,-1.0,-1.0,-1,-1
453,MIIC,5,1.5,3,500,1,0.0021262168884277344,False,1.0,0.7142857142857143,0.8333333333333333,2,3
454,GHC,5,1.5,3,500,1,0.010597705841064453,False,0.8,0.5714285714285714,0.6666666666666666,4,7
455,FCI,5,1.5,3,500,1,0.0031561851501464844,False,-1.0,-1.0,-1.0,-1,-1
456,MIIC,5,1.5,3,500,2,0.0019178390502929688,False,1.0,0.8333333333333334,0.9090909090909091,1,1
457,GHC,5,1.5,3,500,2,0.010395050048828125,False,1.0,1.0,1.0,0,0
458,FCI,5,1.5,3,500,2,0.0032792091369628906,False,-1.0,-1.0,-1.0,-1,-1
459,MIIC,5,1.5,3,500,3,0.00182342529296875,False,1.0,0.6666666666666666,0.8,2,5
460,GHC,5,1.5,3,500,3,0.009977102279663086,False,1.0,0.6666666666666666,0.8,2,4
461,FCI,5,1.5,3,500,3,0.001940011978149414,False,-1.0,-1.0,-1.0,-1,-1
462,MIIC,5,1.5,3,500,4,0.001680135726928711,False,1.0,0.6,0.7499999999999999,2,5
463,GHC,5,1.5,3,500,4,0.00957489013671875,False,1.0,0.6,0.7499999999999999,2,5
464,FCI,5,1.5,3,500,4,0.001461029052734375,False,-1.0,-1.0,-1.0,-1,-1
465,MIIC,5,1.5,3,1000,0,0.0023190975189208984,False,1.0,1.0,1.0,0,0
466,GHC,5,1.5,3,1000,0,0.010624885559082031,False,0.8333333333333334,0.8333333333333334,0.8333333333333334,2,4
467,FCI,5,1.5,3,1000,0,0.0046541690826416016,False,-1.0,-1.0,-1.0,-1,-1
468,MIIC,5,1.5,3,1000,1,0.0016319751739501953,False,1.0,0.5,0.6666666666666666,2,2
469,GHC,5,1.5,3,1000,1,0.009029150009155273,False,1.0,0.5,0.6666666666666666,2,4
470,FCI,5,1.5,3,1000,1,0.0017511844635009766,False,-1.0,-1.0,-1.0,-1,-1
471,MIIC,5,1.5,3,1000,2,0.002012968063354492,False,1.0,0.8333333333333334,0.9090909090909091,1,6
472,GHC,5,1.5,3,1000,2,0.010890007019042969,False,1.0,1.0,1.0,0,0
473,FCI,5,1.5,3,1000,2,0.004491090774536133,False,-1.0,-1.0,-1.0,-1,-1
474,MIIC,5,1.5,3,1000,3,0.002168893814086914,False,1.0,0.8,0.888888888888889,1,3
475,GHC,5,1.5,3,1000,3,0.010370969772338867,False,1.0,0.8,0.888888888888889,1,3
476,FCI,5,1.5,3,1000,3,0.0017788410186767578,False,-1.0,-1.0,-1.0,-1,-1
477,MIIC,5,1.5,3,1000,4,0.002084016799926758,False,1.0,0.7142857142857143,0.8333333333333333,2,6
478,GHC,5,1.5,3,1000,4,0.010410785675048828,False,1.0,0.5714285714285714,0.7272727272727273,3,3
479,FCI,5,1.5,3,1000,4,0.0048389434814453125,False,-1.0,-1.0,-1.0,-1,-1
480,MIIC,5,1.5,4,100,0,0.001806020736694336,False,1.0,0.6,0.7499999999999999,2,3
481,GHC,5,1.5,4,100,0,0.00944375991821289,False,1.0,0.4,0.5714285714285715,3,3
482,FCI,5,1.5,4,100,0,0.0015769004821777344,False,1.0,0.4,0.5714285714285715,3,3
483,MIIC,5,1.5,4,100,1,0.0017418861389160156,False,1.0,0.4,0.5714285714285715,3,4
484,GHC,5,1.5,4,100,1,0.009119033813476562,False,1.0,0.2,0.33333333333333337,4,4
485,FCI,5,1.5,4,100,1,0.0014438629150390625,False,1.0,0.4,0.5714285714285715,3,4
486,MIIC,5,1.5,4,100,2,0.0017628669738769531,False,1.0,0.3333333333333333,0.5,4,6
487,GHC,5,1.5,4,100,2,0.010401010513305664,False,1.0,0.3333333333333333,0.5,4,6
488,FCI,5,1.5,4,100,2,0.0013551712036132812,False,-1.0,-1.0,-1.0,-1,-1
489,MIIC,5,1.5,4,100,3,0.0013358592987060547,False,1.0,0.2,0.33333333333333337,4,4
490,GHC,5,1.5,4,100,3,0.009775876998901367,False,1.0,0.2,0.33333333333333337,4,4
491,FCI,5,1.5,4,100,3,0.0009140968322753906,False,1.0,0.4,0.5714285714285715,3,4
492,MIIC,5,1.5,4,100,4,0.0011970996856689453,False,1.0,0.14285714285714285,0.25,6,6
493,GHC,5,1.5,4,100,4,0.009642839431762695,False,0.0,0.0,0.0,7,7
494,FCI,5,1.5,4,100,4,0.0007500648498535156,False,1.0,0.14285714285714285,0.25,6,6
495,MIIC,5,1.5,4,250,0,0.0014541149139404297,False,1.0,0.2857142857142857,0.4444444444444445,5,5
496,GHC,5,1.5,4,250,0,0.008400917053222656,False,1.0,0.14285714285714285,0.25,6,6
497,FCI,5,1.5,4,250,0,0.0026929378509521484,False,-1.0,-1.0,-1.0,-1,-1
498,MIIC,5,1.5,4,250,1,0.0018041133880615234,False,1.0,0.8333333333333334,0.9090909090909091,1,4
499,GHC,5,1.5,4,250,1,0.010180234909057617,False,1.0,0.8333333333333334,0.9090909090909091,1,4
500,FCI,5,1.5,4,250,1,0.0027251243591308594,False,-1.0,-1.0,-1.0,-1,-1
501,MIIC,5,1.5,4,250,2,0.001363992691040039,False,1.0,0.3333333333333333,0.5,4,4
502,GHC,5,1.5,4,250,2,0.009837150573730469,False,1.0,0.5,0.6666666666666666,3,3
503,FCI,5,1.5,4,250,2,0.0011239051818847656,False,-1.0,-1.0,-1.0,-1,-1
504,MIIC,5,1.5,4,250,3,0.001188039779663086,False,1.0,0.2,0.33333333333333337,4,5
505,GHC,5,1.5,4,250,3,0.007936954498291016,False,0.0,0.0,0.0,5,5
506,FCI,5,1.5,4,250,3,0.0012497901916503906,False,-1.0,-1.0,-1.0,-1,-1
507,MIIC,5,1.5,4,250,4,0.0013413429260253906,False,1.0,0.3333333333333333,0.5,4,4
508,GHC,5,1.5,4,250,4,0.007901906967163086,False,0.0,0.0,0.0,6,6
509,FCI,5,1.5,4,250,4,0.0009539127349853516,False,-1.0,-1.0,-1.0,-1,-1
510,MIIC,5,1.5,4,500,0,0.0015869140625,False,1.0,0.5,0.6666666666666666,3,4
511,GHC,5,1.5,4,500,0,0.009353160858154297,False,1.0,0.5,0.6666666666666666,3,4
512,FCI,5,1.5,4,500,0,0.0017206668853759766,False,-1.0,-1.0,-1.0,-1,-1
513,MIIC,5,1.5,4,500,1,0.0012621879577636719,False,1.0,0.25,0.4,3,3
514,GHC,5,1.5,4,500,1,0.008083105087280273,False,0.0,0.0,0.0,4,4
515,FCI,5,1.5,4,500,1,0.0008146762847900391,False,1.0,0.5,0.6666666666666666,2,2
516,MIIC,5,1.5,4,500,2,0.001390218734741211,False,1.0,0.4,0.5714285714285715,3,3
517,GHC,5,1.5,4,500,2,0.00923299789428711,False,1.0,0.6,0.7499999999999999,2,5
518,FCI,5,1.5,4,500,2,0.002683877944946289,False,-1.0,-1.0,-1.0,-1,-1
519,MIIC,5,1.5,4,500,3,0.00222015380859375,False,1.0,0.7142857142857143,0.8333333333333333,2,2
520,GHC,5,1.5,4,500,3,0.010080099105834961,False,1.0,0.7142857142857143,0.8333333333333333,2,2
521,FCI,5,1.5,4,500,3,0.0028769969940185547,False,-1.0,-1.0,-1.0,-1,-1
522,MIIC,5,1.5,4,500,4,0.001603841781616211,False,1.0,0.75,0.8571428571428571,1,1
523,GHC,5,1.5,4,500,4,0.009296178817749023,False,1.0,0.75,0.8571428571428571,1,3
524,FCI,5,1.5,4,500,4,0.002051830291748047,False,-1.0,-1.0,-1.0,-1,-1
525,MIIC,5,1.5,4,1000,0,0.0019059181213378906,False,1.0,1.0,1.0,0,0
526,GHC,5,1.5,4,1000,0,0.01026010513305664,False,1.0,1.0,1.0,0,0
527,FCI,5,1.5,4,1000,0,0.0029871463775634766,False,-1.0,-1.0,-1.0,-1,-1
528,MIIC,5,1.5,4,1000,1,0.002318143844604492,False,1.0,0.8571428571428571,0.923076923076923,1,1
529,GHC,5,1.5,4,1000,1,0.011180877685546875,False,1.0,0.8571428571428571,0.923076923076923,1,1
530,FCI,5,1.5,4,1000,1,0.006159782409667969,False,-1.0,-1.0,-1.0,-1,-1
531,MIIC,5,1.5,4,1000,2,0.002033233642578125,False,1.0,1.0,1.0,0,0
532,GHC,5,1.5,4,1000,2,0.010442018508911133,False,1.0,1.0,1.0,0,0
533,FCI,5,1.5,4,1000,2,0.004746913909912109,False,-1.0,-1.0,-1.0,-1,-1
534,MIIC,5,1.5,4,1000,3,0.002154111862182617,False,1.0,1.0,1.0,0,0
535,GHC,5,1.5,4,1000,3,0.009977102279663086,False,1.0,0.8,0.888888888888889,1,1
536,FCI,5,1.5,4,1000,3,0.0024950504302978516,False,-1.0,-1.0,-1.0,-1,-1
537,MIIC,5,1.5,4,1000,4,0.002187013626098633,False,1.0,1.0,1.0,0,0
538,GHC,5,1.5,4,1000,4,0.011776924133300781,False,1.0,1.0,1.0,0,0
539,FCI,5,1.5,4,1000,4,0.0036399364471435547,False,-1.0,-1.0,-1.0,-1,-1
540,MIIC,5,1.7,2,100,0,0.0014352798461914062,False,1.0,0.6,0.7499999999999999,2,3
541,GHC,5,1.7,2,100,0,0.011854171752929688,False,0.6,0.6,0.6,4,4
542,FCI,5,1.7,2,100,0,0.0011708736419677734,False,1.0,0.6,0.7499999999999999,2,3
543,MIIC,5,1.7,2,100,1,0.0017080307006835938,False,1.0,0.5,0.6666666666666666,3,3
544,GHC,5,1.7,2,100,1,0.011285066604614258,False,0.75,0.5,0.6,4,5
545,FCI,5,1.7,2,100,1,0.0016870498657226562,False,-1.0,-1.0,-1.0,-1,-1
546,MIIC,5,1.7,2,100,2,0.0013849735260009766,False,1.0,0.16666666666666666,0.2857142857142857,5,6
547,GHC,5,1.7,2,100,2,0.009490013122558594,False,1.0,0.16666666666666666,0.2857142857142857,5,6
548,FCI,5,1.7,2,100,2,0.001065969467163086,False,-1.0,-1.0,-1.0,-1,-1
549,MIIC,5,1.7,2,100,3,0.002279996871948242,False,1.0,0.7142857142857143,0.8333333333333333,2,5
550,GHC,5,1.7,2,100,3,0.010710000991821289,False,1.0,0.7142857142857143,0.8333333333333333,2,2
551,FCI,5,1.7,2,100,3,0.0038878917694091797,False,-1.0,-1.0,-1.0,-1,-1
552,MIIC,5,1.7,2,100,4,0.0015671253204345703,False,1.0,0.6666666666666666,0.8,2,4
553,GHC,5,1.7,2,100,4,0.011583805084228516,False,1.0,0.6666666666666666,0.8,2,4
554,FCI,5,1.7,2,100,4,0.0018131732940673828,False,-1.0,-1.0,-1.0,-1,-1
555,MIIC,5,1.7,2,250,0,0.0018451213836669922,False,1.0,0.8333333333333334,0.9090909090909091,1,3
556,GHC,5,1.7,2,250,0,0.010287761688232422,False,1.0,0.8333333333333334,0.9090909090909091,1,3
557,FCI,5,1.7,2,250,0,0.0029141902923583984,False,-1.0,-1.0,-1.0,-1,-1
558,MIIC,5,1.7,2,250,1,0.001644134521484375,False,1.0,0.8,0.888888888888889,1,2
559,GHC,5,1.7,2,250,1,0.009772062301635742,False,1.0,0.8,0.888888888888889,1,1
560,FCI,5,1.7,2,250,1,0.0018129348754882812,False,-1.0,-1.0,-1.0,-1,-1
561,MIIC,5,1.7,2,250,2,0.0014071464538574219,False,1.0,0.75,0.8571428571428571,1,1
562,GHC,5,1.7,2,250,2,0.009714365005493164,False,0.75,0.75,0.75,2,4
563,FCI,5,1.7,2,250,2,0.0011129379272460938,False,-1.0,-1.0,-1.0,-1,-1
564,MIIC,5,1.7,2,250,3,0.0015420913696289062,False,1.0,0.8,0.888888888888889,1,3
565,GHC,5,1.7,2,250,3,0.009779930114746094,False,1.0,0.8,0.888888888888889,1,3
566,FCI,5,1.7,2,250,3,0.0018110275268554688,False,-1.0,-1.0,-1.0,-1,-1
567,MIIC,5,1.7,2,250,4,0.001729726791381836,False,1.0,1.0,1.0,0,0
568,GHC,5,1.7,2,250,4,0.010528087615966797,False,1.0,1.0,1.0,0,0
569,FCI,5,1.7,2,250,4,0.0014369487762451172,False,-1.0,-1.0,-1.0,-1,-1
570,MIIC,5,1.7,2,500,0,0.0015361309051513672,False,1.0,0.5,0.6666666666666666,3,4
571,GHC,5,1.7,2,500,0,0.01032400131225586,False,0.8,0.6666666666666666,0.7272727272727272,3,7
572,FCI,5,1.7,2,500,0,0.0012171268463134766,False,-1.0,-1.0,-1.0,-1,-1
573,MIIC,5,1.7,2,500,1,0.0017120838165283203,False,1.0,1.0,1.0,0,2
574,GHC,5,1.7,2,500,1,0.009594202041625977,False,1.0,0.75,0.8571428571428571,1,2
575,FCI,5,1.7,2,500,1,0.001094818115234375,False,1.0,0.75,0.8571428571428571,1,2
576,MIIC,5,1.7,2,500,2,0.0014348030090332031,False,1.0,0.5,0.6666666666666666,3,5
577,GHC,5,1.7,2,500,2,0.01008915901184082,False,1.0,0.5,0.6666666666666666,3,5
578,FCI,5,1.7,2,500,2,0.0011420249938964844,False,-1.0,-1.0,-1.0,-1,-1
579,MIIC,5,1.7,2,500,3,0.0023200511932373047,False,1.0,0.8571428571428571,0.923076923076923,1,3
580,GHC,5,1.7,2,500,3,0.011661767959594727,False,0.7777777777777778,1.0,0.8750000000000001,2,8
581,FCI,5,1.7,2,500,3,0.007518291473388672,False,-1.0,-1.0,-1.0,-1,-1
582,MIIC,5,1.7,2,500,4,0.0016009807586669922,False,1.0,0.42857142857142855,0.6,4,6
583,GHC,5,1.7,2,500,4,0.01008915901184082,False,1.0,0.7142857142857143,0.8333333333333333,2,5
584,FCI,5,1.7,2,500,4,0.0017969608306884766,False,-1.0,-1.0,-1.0,-1,-1
585,MIIC,5,1.7,2,1000,0,0.0020449161529541016,False,1.0,0.5714285714285714,0.7272727272727273,3,7
586,GHC,5,1.7,2,1000,0,0.01063990592956543,False,1.0,0.8571428571428571,0.923076923076923,1,1
587,FCI,5,1.7,2,1000,0,0.0036208629608154297,False,-1.0,-1.0,-1.0,-1,-1
588,MIIC,5,1.7,2,1000,1,0.0024781227111816406,False,1.0,0.7142857142857143,0.8333333333333333,2,2
589,GHC,5,1.7,2,1000,1,0.011300086975097656,False,0.8333333333333334,0.7142857142857143,0.7692307692307692,3,6
590,FCI,5,1.7,2,1000,1,0.0035588741302490234,False,-1.0,-1.0,-1.0,-1,-1
591,MIIC,5,1.7,2,1000,2,0.0019021034240722656,False,1.0,0.8,0.888888888888889,1,3
592,GHC,5,1.7,2,1000,2,0.010689020156860352,False,0.8,0.8,0.8000000000000002,2,4
593,FCI,5,1.7,2,1000,2,0.0019500255584716797,False,-1.0,-1.0,-1.0,-1,-1
594,MIIC,5,1.7,2,1000,3,0.0014872550964355469,False,1.0,0.4,0.5714285714285715,3,5
595,GHC,5,1.7,2,1000,3,0.009402036666870117,False,1.0,0.6,0.7499999999999999,2,5
596,FCI,5,1.7,2,1000,3,0.0007932186126708984,False,1.0,0.4,0.5714285714285715,3,5
597,MIIC,5,1.7,2,1000,4,0.0017549991607666016,False,1.0,0.6666666666666666,0.8,2,3
598,GHC,5,1.7,2,1000,4,0.010510683059692383,False,0.6,0.5,0.5454545454545454,5,8
599,FCI,5,1.7,2,1000,4,0.0013599395751953125,False,-1.0,-1.0,-1.0,-1,-1
600,MIIC,5,1.7,3,100,0,0.0015840530395507812,False,1.0,0.5,0.6666666666666666,3,5
601,GHC,5,1.7,3,100,0,0.010886192321777344,False,1.0,0.3333333333333333,0.5,4,5
602,FCI,5,1.7,3,100,0,0.0012102127075195312,False,-1.0,-1.0,-1.0,-1,-1
603,MIIC,5,1.7,3,100,1,0.0012869834899902344,False,0.0,0.0,0.0,4,4
604,GHC,5,1.7,3,100,1,0.00928807258605957,False,0.0,0.0,0.0,4,4
605,FCI,5,1.7,3,100,1,0.0008919239044189453,False,1.0,0.25,0.4,3,4
606,MIIC,5,1.7,3,100,2,0.0013079643249511719,False,1.0,0.2,0.33333333333333337,4,5
607,GHC,5,1.7,3,100,2,0.009579896926879883,False,1.0,0.2,0.33333333333333337,4,5
608,FCI,5,1.7,3,100,2,0.0008449554443359375,False,1.0,0.4,0.5714285714285715,3,5
609,MIIC,5,1.7,3,100,3,0.0013659000396728516,False,1.0,0.2857142857142857,0.4444444444444445,5,5
610,GHC,5,1.7,3,100,3,0.010304927825927734,False,1.0,0.2857142857142857,0.4444444444444445,5,7
611,FCI,5,1.7,3,100,3,0.0017099380493164062,False,-1.0,-1.0,-1.0,-1,-1
612,MIIC,5,1.7,3,100,4,0.0011620521545410156,False,0.0,0.0,0.0,8,8
613,GHC,5,1.7,3,100,4,0.00935983657836914,False,0.0,0.0,0.0,8,8
614,FCI,5,1.7,3,100,4,0.0007059574127197266,False,1.0,0.25,0.4,6,7
615,MIIC,5,1.7,3,250,0,0.0016508102416992188,False,1.0,0.8,0.888888888888889,1,2
616,GHC,5,1.7,3,250,0,0.01037287712097168,False,1.0,0.8,0.888888888888889,1,2
617,FCI,5,1.7,3,250,0,0.0017852783203125,False,-1.0,-1.0,-1.0,-1,-1
618,MIIC,5,1.7,3,250,1,0.0012140274047851562,False,1.0,0.25,0.4,3,3
619,GHC,5,1.7,3,250,1,0.00904703140258789,False,1.0,0.25,0.4,3,3
620,FCI,5,1.7,3,250,1,0.0009942054748535156,False,-1.0,-1.0,-1.0,-1,-1
621,MIIC,5,1.7,3,250,2,0.0014238357543945312,False,1.0,0.6,0.7499999999999999,2,3
622,GHC,5,1.7,3,250,2,0.009366035461425781,False,1.0,0.6,0.7499999999999999,2,3
623,FCI,5,1.7,3,250,2,0.0015990734100341797,False,1.0,0.6,0.7499999999999999,2,3
624,MIIC,5,1.7,3,250,3,0.0015070438385009766,False,1.0,0.5,0.6666666666666666,3,5
625,GHC,5,1.7,3,250,3,0.009281158447265625,False,1.0,0.5,0.6666666666666666,3,3
626,FCI,5,1.7,3,250,3,0.001973867416381836,False,-1.0,-1.0,-1.0,-1,-1
627,MIIC,5,1.7,3,250,4,0.001188039779663086,False,1.0,0.25,0.4,3,3
628,GHC,5,1.7,3,250,4,0.008462905883789062,False,1.0,0.25,0.4,3,3
629,FCI,5,1.7,3,250,4,0.0006971359252929688,False,1.0,0.25,0.4,3,3
630,MIIC,5,1.7,3,500,0,0.001850128173828125,False,1.0,1.0,1.0,0,3
631,GHC,5,1.7,3,500,0,0.01034688949584961,False,0.8,0.8,0.8000000000000002,2,6
632,FCI,5,1.7,3,500,0,0.0030069351196289062,False,-1.0,-1.0,-1.0,-1,-1
633,MIIC,5,1.7,3,500,1,0.001287221908569336,False,1.0,0.2,0.33333333333333337,4,5
634,GHC,5,1.7,3,500,1,0.009285926818847656,False,1.0,0.6,0.7499999999999999,2,2
635,FCI,5,1.7,3,500,1,0.0006117820739746094,False,1.0,0.2,0.33333333333333337,4,5
636,MIIC,5,1.7,3,500,2,0.0013740062713623047,False,1.0,0.4,0.5714285714285715,3,5
637,GHC,5,1.7,3,500,2,0.009031057357788086,False,1.0,0.4,0.5714285714285715,3,5
638,FCI,5,1.7,3,500,2,0.0007598400115966797,False,1.0,0.4,0.5714285714285715,3,5
639,MIIC,5,1.7,3,500,3,0.0016169548034667969,False,1.0,0.75,0.8571428571428571,1,3
640,GHC,5,1.7,3,500,3,0.009345054626464844,False,0.6666666666666666,0.5,0.5714285714285715,3,4
641,FCI,5,1.7,3,500,3,0.0012378692626953125,False,-1.0,-1.0,-1.0,-1,-1
642,MIIC,5,1.7,3,500,4,0.001600027084350586,False,1.0,0.6666666666666666,0.8,2,2
643,GHC,5,1.7,3,500,4,0.010432004928588867,False,1.0,0.6666666666666666,0.8,2,2
644,FCI,5,1.7,3,500,4,0.0023717880249023438,False,-1.0,-1.0,-1.0,-1,-1
645,MIIC,5,1.7,3,1000,0,0.0017778873443603516,False,1.0,0.75,0.8571428571428571,1,1
646,GHC,5,1.7,3,1000,0,0.010221004486083984,False,1.0,0.75,0.8571428571428571,1,1
647,FCI,5,1.7,3,1000,0,0.0013420581817626953,False,-1.0,-1.0,-1.0,-1,-1
648,MIIC,5,1.7,3,1000,1,0.0020558834075927734,False,1.0,1.0,1.0,0,0
649,GHC,5,1.7,3,1000,1,0.011120080947875977,False,1.0,1.0,1.0,0,0
650,FCI,5,1.7,3,1000,1,0.004643678665161133,False,-1.0,-1.0,-1.0,-1,-1
651,MIIC,5,1.7,3,1000,2,0.0016560554504394531,False,1.0,0.6,0.7499999999999999,2,4
652,GHC,5,1.7,3,1000,2,0.010218143463134766,False,1.0,0.8,0.888888888888889,1,3
653,FCI,5,1.7,3,1000,2,0.001734018325805664,False,-1.0,-1.0,-1.0,-1,-1
654,MIIC,5,1.7,3,1000,3,0.0017271041870117188,False,1.0,0.6,0.7499999999999999,2,4
655,GHC,5,1.7,3,1000,3,0.010370969772338867,False,1.0,0.8,0.888888888888889,1,1
656,FCI,5,1.7,3,1000,3,0.0014109611511230469,False,-1.0,-1.0,-1.0,-1,-1
657,MIIC,5,1.7,3,1000,4,0.002227783203125,False,1.0,0.8571428571428571,0.923076923076923,1,7
658,GHC,5,1.7,3,1000,4,0.010339975357055664,False,1.0,0.7142857142857143,0.8333333333333333,2,3
659,FCI,5,1.7,3,1000,4,0.0048787593841552734,False,-1.0,-1.0,-1.0,-1,-1
660,MIIC,5,1.7,4,100,0,0.0012669563293457031,False,0.0,0.0,0.0,6,6
661,GHC,5,1.7,4,100,0,0.009850025177001953,False,0.0,0.0,0.0,6,6
662,FCI,5,1.7,4,100,0,0.0005362033843994141,False,0.0,0.0,0.0,6,6
663,MIIC,5,1.7,4,100,1,0.0011882781982421875,False,1.0,0.14285714285714285,0.25,6,7
664,GHC,5,1.7,4,100,1,0.010224103927612305,False,1.0,0.14285714285714285,0.25,6,7
665,FCI,5,1.7,4,100,1,0.0007779598236083984,False,1.0,0.2857142857142857,0.4444444444444445,5,7
666,MIIC,5,1.7,4,100,2,0.0011761188507080078,False,1.0,0.16666666666666666,0.2857142857142857,5,5
667,GHC,5,1.7,4,100,2,0.009675979614257812,False,1.0,0.16666666666666666,0.2857142857142857,5,5
668,FCI,5,1.7,4,100,2,0.0010941028594970703,False,-1.0,-1.0,-1.0,-1,-1
669,MIIC,5,1.7,4,100,3,0.0014200210571289062,False,1.0,0.2857142857142857,0.4444444444444445,5,7
670,GHC,5,1.7,4,100,3,0.010117053985595703,False,1.0,0.2857142857142857,0.4444444444444445,5,7
671,FCI,5,1.7,4,100,3,0.0014078617095947266,False,-1.0,-1.0,-1.0,-1,-1
672,MIIC,5,1.7,4,100,4,0.0014522075653076172,False,1.0,0.2,0.33333333333333337,4,4
673,GHC,5,1.7,4,100,4,0.00875711441040039,False,1.0,0.2,0.33333333333333337,4,4
674,FCI,5,1.7,4,100,4,0.0018298625946044922,False,-1.0,-1.0,-1.0,-1,-1
675,MIIC,5,1.7,4,250,0,0.0016040802001953125,False,1.0,0.5714285714285714,0.7272727272727273,3,4
676,GHC,5,1.7,4,250,0,0.010788202285766602,False,1.0,0.5714285714285714,0.7272727272727273,3,4
677,FCI,5,1.7,4,250,0,0.0022859573364257812,False,-1.0,-1.0,-1.0,-1,-1
678,MIIC,5,1.7,4,250,1,0.0014491081237792969,False,1.0,0.42857142857142855,0.6,4,5
679,GHC,5,1.7,4,250,1,0.009769916534423828,False,1.0,0.42857142857142855,0.6,4,5
680,FCI,5,1.7,4,250,1,0.0018169879913330078,False,1.0,0.2857142857142857,0.4444444444444445,5,6
681,MIIC,5,1.7,4,250,2,0.0015189647674560547,False,1.0,0.5,0.6666666666666666,3,6
682,GHC,5,1.7,4,250,2,0.0092620849609375,False,1.0,0.5,0.6666666666666666,3,5
683,FCI,5,1.7,4,250,2,0.0014789104461669922,False,-1.0,-1.0,-1.0,-1,-1
684,MIIC,5,1.7,4,250,3,0.0014400482177734375,False,1.0,0.2857142857142857,0.4444444444444445,5,5
685,GHC,5,1.7,4,250,3,0.00944209098815918,False,1.0,0.2857142857142857,0.4444444444444445,5,5
686,FCI,5,1.7,4,250,3,0.0014770030975341797,False,-1.0,-1.0,-1.0,-1,-1
687,MIIC,5,1.7,4,250,4,0.0013151168823242188,False,1.0,0.2857142857142857,0.4444444444444445,5,5
688,GHC,5,1.7,4,250,4,0.00902700424194336,False,1.0,0.2857142857142857,0.4444444444444445,5,5
689,FCI,5,1.7,4,250,4,0.002783060073852539,False,-1.0,-1.0,-1.0,-1,-1
690,MIIC,5,1.7,4,500,0,0.0016701221466064453,False,1.0,1.0,1.0,0,0
691,GHC,5,1.7,4,500,0,0.010119915008544922,False,1.0,1.0,1.0,0,0
692,FCI,5,1.7,4,500,0,0.002207040786743164,False,-1.0,-1.0,-1.0,-1,-1
693,MIIC,5,1.7,4,500,1,0.0015501976013183594,False,1.0,0.42857142857142855,0.6,4,6
694,GHC,5,1.7,4,500,1,0.009267091751098633,False,1.0,0.42857142857142855,0.6,4,6
695,FCI,5,1.7,4,500,1,0.0019271373748779297,False,-1.0,-1.0,-1.0,-1,-1
696,MIIC,5,1.7,4,500,2,0.0017802715301513672,False,1.0,0.8,0.888888888888889,1,2
697,GHC,5,1.7,4,500,2,0.010415077209472656,False,1.0,0.8,0.888888888888889,1,1
698,FCI,5,1.7,4,500,2,0.0018470287322998047,False,-1.0,-1.0,-1.0,-1,-1
699,MIIC,5,1.7,4,500,3,0.0012917518615722656,False,1.0,0.2,0.33333333333333337,4,5
700,GHC,5,1.7,4,500,3,0.00847482681274414,False,1.0,0.2,0.33333333333333337,4,5
701,FCI,5,1.7,4,500,3,0.0017211437225341797,False,-1.0,-1.0,-1.0,-1,-1
702,MIIC,5,1.7,4,500,4,0.0015828609466552734,False,1.0,0.6,0.7499999999999999,2,2
703,GHC,5,1.7,4,500,4,0.009329795837402344,False,1.0,0.6,0.7499999999999999,2,2
704,FCI,5,1.7,4,500,4,0.001252889633178711,False,-1.0,-1.0,-1.0,-1,-1
705,MIIC,5,1.7,4,1000,0,0.0022029876708984375,False,1.0,1.0,1.0,0,0
706,GHC,5,1.7,4,1000,0,0.010406732559204102,False,0.8,0.8,0.8000000000000002,2,6
707,FCI,5,1.7,4,1000,0,0.0032749176025390625,False,-1.0,-1.0,-1.0,-1,-1
708,MIIC,5,1.7,4,1000,1,0.002258777618408203,False,1.0,1.0,1.0,0,3
709,GHC,5,1.7,4,1000,1,0.010583877563476562,False,1.0,0.8571428571428571,0.923076923076923,1,7
710,FCI,5,1.7,4,1000,1,0.0056247711181640625,False,-1.0,-1.0,-1.0,-1,-1
711,MIIC,5,1.7,4,1000,2,0.0020956993103027344,False,1.0,0.8,0.888888888888889,1,3
712,GHC,5,1.7,4,1000,2,0.010893106460571289,False,1.0,0.8,0.888888888888889,1,3
713,FCI,5,1.7,4,1000,2,0.003776073455810547,False,-1.0,-1.0,-1.0,-1,-1
714,MIIC,5,1.7,4,1000,3,0.0019049644470214844,False,1.0,0.6666666666666666,0.8,2,4
715,GHC,5,1.7,4,1000,3,0.010029077529907227,False,1.0,0.6666666666666666,0.8,2,4
716,FCI,5,1.7,4,1000,3,0.002980947494506836,False,-1.0,-1.0,-1.0,-1,-1
717,MIIC,5,1.7,4,1000,4,0.002196073532104492,False,1.0,1.0,1.0,0,0
718,GHC,5,1.7,4,1000,4,0.01006007194519043,False,1.0,0.75,0.8571428571428571,1,1
719,FCI,5,1.7,4,1000,4,0.002128124237060547,False,-1.0,-1.0,-1.0,-1,-1
720,MIIC,5,1.9,2,100,0,0.0018281936645507812,False,1.0,0.4,0.5714285714285715,3,4
721,GHC,5,1.9,2,100,0,0.00978398323059082,False,1.0,0.4,0.5714285714285715,3,4
722,FCI,5,1.9,2,100,0,0.0012471675872802734,False,1.0,0.4,0.5714285714285715,3,4
723,MIIC,5,1.9,2,100,1,0.0018229484558105469,False,1.0,0.42857142857142855,0.6,4,7
724,GHC,5,1.9,2,100,1,0.010882854461669922,False,1.0,0.5714285714285714,0.7272727272727273,3,5
725,FCI,5,1.9,2,100,1,0.0011479854583740234,False,-1.0,-1.0,-1.0,-1,-1
726,MIIC,5,1.9,2,100,2,0.001936197280883789,False,1.0,0.75,0.8571428571428571,1,3
727,GHC,5,1.9,2,100,2,0.010071992874145508,False,1.0,0.75,0.8571428571428571,1,3
728,FCI,5,1.9,2,100,2,0.001728057861328125,False,1.0,0.75,0.8571428571428571,1,3
729,MIIC,5,1.9,2,100,3,0.0012068748474121094,False,1.0,0.16666666666666666,0.2857142857142857,5,5
730,GHC,5,1.9,2,100,3,0.009553909301757812,False,1.0,0.16666666666666666,0.2857142857142857,5,5
731,FCI,5,1.9,2,100,3,0.0006668567657470703,False,1.0,0.16666666666666666,0.2857142857142857,5,5
732,MIIC,5,1.9,2,100,4,0.0018641948699951172,False,0.75,0.5,0.6,4,6
733,GHC,5,1.9,2,100,4,0.010417938232421875,False,1.0,0.5,0.6666666666666666,3,6
734,FCI,5,1.9,2,100,4,0.0020856857299804688,False,-1.0,-1.0,-1.0,-1,-1
735,MIIC,5,1.9,2,250,0,0.0016880035400390625,False,1.0,0.5,0.6666666666666666,3,5
736,GHC,5,1.9,2,250,0,0.00932621955871582,False,0.6666666666666666,0.3333333333333333,0.4444444444444444,5,6
737,FCI,5,1.9,2,250,0,0.0010271072387695312,False,1.0,0.3333333333333333,0.5,4,5
738,MIIC,5,1.9,2,250,1,0.0020248889923095703,False,1.0,1.0,1.0,0,0
739,GHC,5,1.9,2,250,1,0.00985097885131836,False,1.0,1.0,1.0,0,0
740,FCI,5,1.9,2,250,1,0.005006074905395508,False,-1.0,-1.0,-1.0,-1,-1
741,MIIC,5,1.9,2,250,2,0.0015060901641845703,False,1.0,0.5,0.6666666666666666,3,3
742,GHC,5,1.9,2,250,2,0.009227991104125977,False,1.0,0.5,0.6666666666666666,3,3
743,FCI,5,1.9,2,250,2,0.0017371177673339844,False,-1.0,-1.0,-1.0,-1,-1
744,MIIC,5,1.9,2,250,3,0.0016701221466064453,False,1.0,0.5,0.6666666666666666,4,4
745,GHC,5,1.9,2,250,3,0.01094508171081543,False,1.0,0.625,0.7692307692307693,3,7
746,FCI,5,1.9,2,250,3,0.0012700557708740234,False,-1.0,-1.0,-1.0,-1,-1
747,MIIC,5,1.9,2,250,4,0.0016880035400390625,False,1.0,0.42857142857142855,0.6,4,6
748,GHC,5,1.9,2,250,4,0.010635852813720703,False,1.0,0.7142857142857143,0.8333333333333333,2,3
749,FCI,5,1.9,2,250,4,0.0027570724487304688,False,-1.0,-1.0,-1.0,-1,-1
750,MIIC,5,1.9,2,500,0,0.0015468597412109375,False,1.0,0.5,0.6666666666666666,2,3
751,GHC,5,1.9,2,500,0,0.010139942169189453,False,0.5,0.5,0.5,4,5
752,FCI,5,1.9,2,500,0,0.001074075698852539,False,1.0,0.5,0.6666666666666666,2,3
753,MIIC,5,1.9,2,500,1,0.001886129379272461,False,1.0,0.8,0.888888888888889,1,2
754,GHC,5,1.9,2,500,1,0.009822845458984375,False,1.0,0.8,0.888888888888889,1,2
755,FCI,5,1.9,2,500,1,0.001967906951904297,False,-1.0,-1.0,-1.0,-1,-1
756,MIIC,5,1.9,2,500,2,0.001886129379272461,False,1.0,0.42857142857142855,0.6,4,6
757,GHC,5,1.9,2,500,2,0.009366989135742188,False,1.0,0.42857142857142855,0.6,4,7
758,FCI,5,1.9,2,500,2,0.0019626617431640625,False,-1.0,-1.0,-1.0,-1,-1
759,MIIC,5,1.9,2,500,3,0.0019190311431884766,False,1.0,0.7142857142857143,0.8333333333333333,2,2
760,GHC,5,1.9,2,500,3,0.01015019416809082,False,1.0,0.5714285714285714,0.7272727272727273,3,3
761,FCI,5,1.9,2,500,3,0.0039501190185546875,False,-1.0,-1.0,-1.0,-1,-1
762,MIIC,5,1.9,2,500,4,0.0017268657684326172,False,1.0,0.8,0.888888888888889,1,1
763,GHC,5,1.9,2,500,4,0.010139226913452148,False,1.0,0.8,0.888888888888889,1,3
764,FCI,5,1.9,2,500,4,0.002300739288330078,False,-1.0,-1.0,-1.0,-1,-1
765,MIIC,5,1.9,2,1000,0,0.0019872188568115234,False,1.0,1.0,1.0,0,0
766,GHC,5,1.9,2,1000,0,0.011175870895385742,False,0.8,1.0,0.888888888888889,1,4
767,FCI,5,1.9,2,1000,0,0.002714872360229492,False,-1.0,-1.0,-1.0,-1,-1
768,MIIC,5,1.9,2,1000,1,0.0016682147979736328,False,1.0,0.6,0.7499999999999999,2,3
769,GHC,5,1.9,2,1000,1,0.009881019592285156,False,1.0,0.8,0.888888888888889,1,1
770,FCI,5,1.9,2,1000,1,0.0010459423065185547,False,1.0,0.6,0.7499999999999999,2,3
771,MIIC,5,1.9,2,1000,2,0.002685070037841797,False,1.0,0.8571428571428571,0.923076923076923,1,1
772,GHC,5,1.9,2,1000,2,0.010970115661621094,False,1.0,0.8571428571428571,0.923076923076923,1,1
773,FCI,5,1.9,2,1000,2,0.005276918411254883,False,-1.0,-1.0,-1.0,-1,-1
774,MIIC,5,1.9,2,1000,3,0.0020399093627929688,False,1.0,0.8333333333333334,0.9090909090909091,1,4
775,GHC,5,1.9,2,1000,3,0.010654926300048828,False,1.0,0.8333333333333334,0.9090909090909091,1,6
776,FCI,5,1.9,2,1000,3,0.004175901412963867,False,-1.0,-1.0,-1.0,-1,-1
777,MIIC,5,1.9,2,1000,4,0.002126932144165039,False,1.0,0.7142857142857143,0.8333333333333333,2,2
778,GHC,5,1.9,2,1000,4,0.010972023010253906,False,1.0,0.7142857142857143,0.8333333333333333,2,2
779,FCI,5,1.9,2,1000,4,0.004457950592041016,False,-1.0,-1.0,-1.0,-1,-1
780,MIIC,5,1.9,3,100,0,0.0014600753784179688,False,1.0,0.3333333333333333,0.5,4,6
781,GHC,5,1.9,3,100,0,0.0099639892578125,False,1.0,0.3333333333333333,0.5,4,6
782,FCI,5,1.9,3,100,0,0.0007967948913574219,False,1.0,0.16666666666666666,0.2857142857142857,5,6
783,MIIC,5,1.9,3,100,1,0.0013031959533691406,False,0.0,0.0,0.0,5,5
784,GHC,5,1.9,3,100,1,0.008879899978637695,False,0.0,0.0,0.0,5,5
785,FCI,5,1.9,3,100,1,0.0007541179656982422,False,1.0,0.2,0.33333333333333337,4,4
786,MIIC,5,1.9,3,100,2,0.0012919902801513672,False,0.5,0.2,0.28571428571428575,5,6
787,GHC,5,1.9,3,100,2,0.00996708869934082,False,0.0,0.0,0.0,6,6
788,FCI,5,1.9,3,100,2,0.000904083251953125,False,0.5,0.2,0.28571428571428575,5,6
789,MIIC,5,1.9,3,100,3,0.0013811588287353516,False,1.0,0.3333333333333333,0.5,4,6
790,GHC,5,1.9,3,100,3,0.010215282440185547,False,1.0,0.5,0.6666666666666666,3,4
791,FCI,5,1.9,3,100,3,0.0012311935424804688,False,-1.0,-1.0,-1.0,-1,-1
792,MIIC,5,1.9,3,100,4,0.0013608932495117188,False,1.0,0.3333333333333333,0.5,4,4
793,GHC,5,1.9,3,100,4,0.010299921035766602,False,1.0,0.3333333333333333,0.5,4,4
794,FCI,5,1.9,3,100,4,0.0008351802825927734,False,1.0,0.3333333333333333,0.5,4,4
795,MIIC,5,1.9,3,250,0,0.001580953598022461,False,1.0,0.6666666666666666,0.8,2,2
796,GHC,5,1.9,3,250,0,0.009617090225219727,False,1.0,0.5,0.6666666666666666,3,3
797,FCI,5,1.9,3,250,0,0.001962900161743164,False,-1.0,-1.0,-1.0,-1,-1
798,MIIC,5,1.9,3,250,1,0.0016341209411621094,False,1.0,0.6666666666666666,0.8,2,2
799,GHC,5,1.9,3,250,1,0.009413957595825195,False,1.0,0.5,0.6666666666666666,3,4
800,FCI,5,1.9,3,250,1,0.0019490718841552734,False,-1.0,-1.0,-1.0,-1,-1
801,MIIC,5,1.9,3,250,2,0.0013301372528076172,False,1.0,0.2857142857142857,0.4444444444444445,5,5
802,GHC,5,1.9,3,250,2,0.00896310806274414,False,1.0,0.2857142857142857,0.4444444444444445,5,5
803,FCI,5,1.9,3,250,2,0.0020940303802490234,False,-1.0,-1.0,-1.0,-1,-1
804,MIIC,5,1.9,3,250,3,0.0012998580932617188,False,1.0,0.5,0.6666666666666666,2,2
805,GHC,5,1.9,3,250,3,0.008878946304321289,False,1.0,0.5,0.6666666666666666,2,2
806,FCI,5,1.9,3,250,3,0.0007321834564208984,False,1.0,0.5,0.6666666666666666,2,2
807,MIIC,5,1.9,3,250,4,0.0014190673828125,False,1.0,0.5,0.6666666666666666,3,5
808,GHC,5,1.9,3,250,4,0.009356021881103516,False,1.0,0.5,0.6666666666666666,3,5
809,FCI,5,1.9,3,250,4,0.0009729862213134766,False,-1.0,-1.0,-1.0,-1,-1
810,MIIC,5,1.9,3,500,0,0.0013408660888671875,False,1.0,0.2,0.33333333333333337,4,4
811,GHC,5,1.9,3,500,0,0.009550094604492188,False,1.0,0.2,0.33333333333333337,4,4
812,FCI,5,1.9,3,500,0,0.0009579658508300781,False,1.0,0.4,0.5714285714285715,3,4
813,MIIC,5,1.9,3,500,1,0.0020232200622558594,False,1.0,0.7142857142857143,0.8333333333333333,2,2
814,GHC,5,1.9,3,500,1,0.011162757873535156,False,1.0,0.7142857142857143,0.8333333333333333,2,2
815,FCI,5,1.9,3,500,1,0.003298044204711914,False,-1.0,-1.0,-1.0,-1,-1
816,MIIC,5,1.9,3,500,2,0.001955747604370117,False,1.0,0.8571428571428571,0.923076923076923,1,1
817,GHC,5,1.9,3,500,2,0.010921239852905273,False,1.0,0.8571428571428571,0.923076923076923,1,1
818,FCI,5,1.9,3,500,2,0.002391815185546875,False,-1.0,-1.0,-1.0,-1,-1
819,MIIC,5,1.9,3,500,3,0.001631021499633789,False,1.0,0.8,0.888888888888889,1,3
820,GHC,5,1.9,3,500,3,0.00929403305053711,False,1.0,0.6,0.7499999999999999,2,3
821,FCI,5,1.9,3,500,3,0.002187967300415039,False,-1.0,-1.0,-1.0,-1,-1
822,MIIC,5,1.9,3,500,4,0.0018870830535888672,False,1.0,0.8333333333333334,0.9090909090909091,1,5
823,GHC,5,1.9,3,500,4,0.009383916854858398,False,1.0,0.5,0.6666666666666666,3,4
824,FCI,5,1.9,3,500,4,0.002902984619140625,False,-1.0,-1.0,-1.0,-1,-1
825,MIIC,5,1.9,3,1000,0,0.0016100406646728516,False,1.0,0.75,0.8571428571428571,1,2
826,GHC,5,1.9,3,1000,0,0.009454011917114258,False,1.0,0.75,0.8571428571428571,1,2
827,FCI,5,1.9,3,1000,0,0.0011680126190185547,False,-1.0,-1.0,-1.0,-1,-1
828,MIIC,5,1.9,3,1000,1,0.0019562244415283203,False,1.0,0.8333333333333334,0.9090909090909091,1,1
829,GHC,5,1.9,3,1000,1,0.010197162628173828,False,1.0,0.8333333333333334,0.9090909090909091,1,1
830,FCI,5,1.9,3,1000,1,0.003465890884399414,False,-1.0,-1.0,-1.0,-1,-1
831,MIIC,5,1.9,3,1000,2,0.0018308162689208984,False,1.0,0.6666666666666666,0.8,2,4
832,GHC,5,1.9,3,1000,2,0.010571002960205078,False,1.0,0.6666666666666666,0.8,2,4
833,FCI,5,1.9,3,1000,2,0.00409698486328125,False,-1.0,-1.0,-1.0,-1,-1
834,MIIC,5,1.9,3,1000,3,0.002257823944091797,False,1.0,1.0,1.0,0,0
835,GHC,5,1.9,3,1000,3,0.011116981506347656,False,1.0,0.8571428571428571,0.923076923076923,1,6
836,FCI,5,1.9,3,1000,3,0.003840923309326172,False,-1.0,-1.0,-1.0,-1,-1
837,MIIC,5,1.9,3,1000,4,0.0017070770263671875,False,1.0,0.6,0.7499999999999999,2,2
838,GHC,5,1.9,3,1000,4,0.009573936462402344,False,1.0,0.8,0.888888888888889,1,5
839,FCI,5,1.9,3,1000,4,0.003482818603515625,False,-1.0,-1.0,-1.0,-1,-1
840,MIIC,5,1.9,4,100,0,0.0018787384033203125,False,1.0,0.16666666666666666,0.2857142857142857,5,5
841,GHC,5,1.9,4,100,0,0.009659290313720703,False,1.0,0.16666666666666666,0.2857142857142857,5,5
842,FCI,5,1.9,4,100,0,0.001786947250366211,False,-1.0,-1.0,-1.0,-1,-1
843,MIIC,5,1.9,4,100,1,0.0013988018035888672,False,1.0,0.5,0.6666666666666666,2,2
844,GHC,5,1.9,4,100,1,0.009983062744140625,False,1.0,0.5,0.6666666666666666,2,2
845,FCI,5,1.9,4,100,1,0.0009489059448242188,False,1.0,0.25,0.4,3,3
846,MIIC,5,1.9,4,100,2,0.001416921615600586,False,1.0,0.25,0.4,6,7
847,GHC,5,1.9,4,100,2,0.010048151016235352,False,1.0,0.25,0.4,6,7
848,FCI,5,1.9,4,100,2,0.0010378360748291016,False,-1.0,-1.0,-1.0,-1,-1
849,MIIC,5,1.9,4,100,3,0.0013651847839355469,False,1.0,0.2,0.33333333333333337,4,4
850,GHC,5,1.9,4,100,3,0.009756803512573242,False,1.0,0.2,0.33333333333333337,4,4
851,FCI,5,1.9,4,100,3,0.0010170936584472656,False,1.0,0.4,0.5714285714285715,3,4
852,MIIC,5,1.9,4,100,4,0.0013217926025390625,False,0.5,0.125,0.2,8,8
853,GHC,5,1.9,4,100,4,0.009662151336669922,False,1.0,0.125,0.2222222222222222,7,7
854,FCI,5,1.9,4,100,4,0.0012559890747070312,False,-1.0,-1.0,-1.0,-1,-1
855,MIIC,5,1.9,4,250,0,0.0015399456024169922,False,1.0,0.2,0.33333333333333337,4,4
856,GHC,5,1.9,4,250,0,0.008548736572265625,False,1.0,0.2,0.33333333333333337,4,4
857,FCI,5,1.9,4,250,0,0.0009129047393798828,False,1.0,0.2,0.33333333333333337,4,4
858,MIIC,5,1.9,4,250,1,0.0015931129455566406,False,1.0,0.5,0.6666666666666666,2,4
859,GHC,5,1.9,4,250,1,0.009062051773071289,False,1.0,0.5,0.6666666666666666,2,4
860,FCI,5,1.9,4,250,1,0.0017538070678710938,False,-1.0,-1.0,-1.0,-1,-1
861,MIIC,5,1.9,4,250,2,0.001628875732421875,False,1.0,0.75,0.8571428571428571,1,2
862,GHC,5,1.9,4,250,2,0.009720087051391602,False,1.0,0.75,0.8571428571428571,1,2
863,FCI,5,1.9,4,250,2,0.0012707710266113281,False,1.0,0.5,0.6666666666666666,2,2
864,MIIC,5,1.9,4,250,3,0.0014820098876953125,False,1.0,0.75,0.8571428571428571,1,2
865,GHC,5,1.9,4,250,3,0.008913755416870117,False,1.0,0.5,0.6666666666666666,2,3
866,FCI,5,1.9,4,250,3,0.00164794921875,False,-1.0,-1.0,-1.0,-1,-1
867,MIIC,5,1.9,4,250,4,0.0014958381652832031,False,1.0,0.42857142857142855,0.6,4,6
868,GHC,5,1.9,4,250,4,0.010918140411376953,False,1.0,0.7142857142857143,0.8333333333333333,2,4
869,FCI,5,1.9,4,250,4,0.002312898635864258,False,-1.0,-1.0,-1.0,-1,-1
870,MIIC,5,1.9,4,500,0,0.001954793930053711,False,1.0,1.0,1.0,0,0
871,GHC,5,1.9,4,500,0,0.009837150573730469,False,1.0,0.6,0.7499999999999999,2,2
872,FCI,5,1.9,4,500,0,0.002711057662963867,False,-1.0,-1.0,-1.0,-1,-1
873,MIIC,5,1.9,4,500,1,0.0016880035400390625,False,1.0,1.0,1.0,0,0
874,GHC,5,1.9,4,500,1,0.009792089462280273,False,1.0,1.0,1.0,0,0
875,FCI,5,1.9,4,500,1,0.0019729137420654297,False,-1.0,-1.0,-1.0,-1,-1
876,MIIC,5,1.9,4,500,2,0.0017559528350830078,False,1.0,0.5,0.6666666666666666,3,5
877,GHC,5,1.9,4,500,2,0.010866880416870117,False,0.8333333333333334,0.8333333333333334,0.8333333333333334,2,4
878,FCI,5,1.9,4,500,2,0.0014848709106445312,False,1.0,0.5,0.6666666666666666,3,5
879,MIIC,5,1.9,4,500,3,0.0013720989227294922,False,1.0,0.2,0.33333333333333337,4,5
880,GHC,5,1.9,4,500,3,0.008111000061035156,False,0.0,0.0,0.0,5,5
881,FCI,5,1.9,4,500,3,0.0008661746978759766,False,1.0,0.4,0.5714285714285715,3,4
882,MIIC,5,1.9,4,500,4,0.0015549659729003906,False,1.0,0.6,0.7499999999999999,2,4
883,GHC,5,1.9,4,500,4,0.008491039276123047,False,1.0,0.2,0.33333333333333337,4,4
884,FCI,5,1.9,4,500,4,0.0013930797576904297,False,-1.0,-1.0,-1.0,-1,-1
885,MIIC,5,1.9,4,1000,0,0.002064943313598633,False,1.0,0.8,0.888888888888889,1,2
886,GHC,5,1.9,4,1000,0,0.009803056716918945,False,1.0,0.8,0.888888888888889,1,2
887,FCI,5,1.9,4,1000,0,0.0029969215393066406,False,-1.0,-1.0,-1.0,-1,-1
888,MIIC,5,1.9,4,1000,1,0.0019199848175048828,False,1.0,1.0,1.0,0,0
889,GHC,5,1.9,4,1000,1,0.009990930557250977,False,1.0,1.0,1.0,0,0
890,FCI,5,1.9,4,1000,1,0.0021309852600097656,False,-1.0,-1.0,-1.0,-1,-1
891,MIIC,5,1.9,4,1000,2,0.002034902572631836,False,1.0,1.0,1.0,0,0
892,GHC,5,1.9,4,1000,2,0.011152982711791992,False,1.0,1.0,1.0,0,0
893,FCI,5,1.9,4,1000,2,0.003660917282104492,False,-1.0,-1.0,-1.0,-1,-1
894,MIIC,5,1.9,4,1000,3,0.001873016357421875,False,1.0,0.5,0.6666666666666666,4,7
895,GHC,5,1.9,4,1000,3,0.010710000991821289,False,1.0,0.625,0.7692307692307693,3,5
896,FCI,5,1.9,4,1000,3,0.003450155258178711,False,-1.0,-1.0,-1.0,-1,-1
897,MIIC,5,1.9,4,1000,4,0.0018680095672607422,False,1.0,1.0,1.0,0,0
898,GHC,5,1.9,4,1000,4,0.011319160461425781,False,1.0,1.0,1.0,0,0
899,FCI,5,1.9,4,1000,4,0.0028541088104248047,False,-1.0,-1.0,-1.0,-1,-1
900,MIIC,10,1.1,2,100,0,0.004518985748291016,False,0.7777777777777778,0.7,0.7368421052631577,5,8
901,GHC,10,1.1,2,100,0,0.04019904136657715,False,0.875,0.7,0.7777777777777777,4,7
902,FCI,10,1.1,2,100,0,0.005666971206665039,False,-1.0,-1.0,-1.0,-1,-1
903,MIIC,10,1.1,2,100,1,0.00251007080078125,False,1.0,0.18181818181818182,0.3076923076923077,9,9
904,GHC,10,1.1,2,100,1,0.03576803207397461,False,1.0,0.2727272727272727,0.42857142857142855,8,10
905,FCI,10,1.1,2,100,1,0.002022981643676758,False,1.0,0.18181818181818182,0.3076923076923077,9,9
906,MIIC,10,1.1,2,100,2,0.004332065582275391,False,0.875,0.6363636363636364,0.7368421052631579,5,7
907,GHC,10,1.1,2,100,2,0.039444923400878906,False,0.7142857142857143,0.45454545454545453,0.5555555555555556,8,10
908,FCI,10,1.1,2,100,2,0.0034339427947998047,False,-1.0,-1.0,-1.0,-1,-1
909,MIIC,10,1.1,2,100,3,0.0030159950256347656,False,1.0,0.45454545454545453,0.625,6,10
910,GHC,10,1.1,2,100,3,0.03756380081176758,False,1.0,0.45454545454545453,0.625,6,10
911,FCI,10,1.1,2,100,3,0.003916025161743164,False,-1.0,-1.0,-1.0,-1,-1
912,MIIC,10,1.1,2,100,4,0.003668069839477539,False,0.7142857142857143,0.5,0.588235294117647,7,8
913,GHC,10,1.1,2,100,4,0.03984999656677246,False,0.7142857142857143,0.5,0.588235294117647,7,8
914,FCI,10,1.1,2,100,4,0.003257274627685547,False,-1.0,-1.0,-1.0,-1,-1
915,MIIC,10,1.1,2,250,0,0.0037910938262939453,False,1.0,0.5,0.6666666666666666,5,9
916,GHC,10,1.1,2,250,0,0.03814387321472168,False,1.0,0.6,0.7499999999999999,4,9
917,FCI,10,1.1,2,250,0,0.004316806793212891,False,-1.0,-1.0,-1.0,-1,-1
918,MIIC,10,1.1,2,250,1,0.003856182098388672,False,1.0,0.6363636363636364,0.7777777777777778,4,6
919,GHC,10,1.1,2,250,1,0.039897918701171875,False,0.8888888888888888,0.7272727272727273,0.7999999999999999,4,8
920,FCI,10,1.1,2,250,1,0.004305124282836914,False,-1.0,-1.0,-1.0,-1,-1
921,MIIC,10,1.1,2,250,2,0.005443096160888672,False,0.8571428571428571,0.5454545454545454,0.6666666666666665,6,9
922,GHC,10,1.1,2,250,2,0.06112217903137207,False,0.8571428571428571,0.5454545454545454,0.6666666666666665,6,8
923,FCI,10,1.1,2,250,2,0.0030813217163085938,False,-1.0,-1.0,-1.0,-1,-1
924,MIIC,10,1.1,2,250,3,0.0032668113708496094,False,0.75,0.2727272727272727,0.39999999999999997,9,12
925,GHC,10,1.1,2,250,3,0.03716611862182617,False,0.6,0.2727272727272727,0.37499999999999994,10,13
926,FCI,10,1.1,2,250,3,0.0022966861724853516,False,1.0,0.2727272727272727,0.42857142857142855,8,11
927,MIIC,10,1.1,2,250,4,0.005029201507568359,False,0.7142857142857143,0.45454545454545453,0.5555555555555556,8,12
928,GHC,10,1.1,2,250,4,0.04474520683288574,False,1.0,0.6363636363636364,0.7777777777777778,4,7
929,FCI,10,1.1,2,250,4,0.0036499500274658203,False,1.0,0.45454545454545453,0.625,6,9
930,MIIC,10,1.1,2,500,0,0.00397801399230957,False,1.0,0.5454545454545454,0.7058823529411764,5,6
931,GHC,10,1.1,2,500,0,0.037899017333984375,False,1.0,0.5454545454545454,0.7058823529411764,5,6
932,FCI,10,1.1,2,500,0,0.004709005355834961,False,-1.0,-1.0,-1.0,-1,-1
933,MIIC,10,1.1,2,500,1,0.005266904830932617,False,1.0,0.8181818181818182,0.9,2,7
934,GHC,10,1.1,2,500,1,0.04342460632324219,False,0.9090909090909091,0.9090909090909091,0.9090909090909091,2,6
935,FCI,10,1.1,2,500,1,0.007013082504272461,False,-1.0,-1.0,-1.0,-1,-1
936,MIIC,10,1.1,2,500,2,0.0038170814514160156,False,0.8,0.36363636363636365,0.5000000000000001,8,12
937,GHC,10,1.1,2,500,2,0.03644585609436035,False,1.0,0.45454545454545453,0.625,6,9
938,FCI,10,1.1,2,500,2,0.0028848648071289062,False,-1.0,-1.0,-1.0,-1,-1
939,MIIC,10,1.1,2,500,3,0.005177021026611328,False,1.0,0.8,0.888888888888889,2,6
940,GHC,10,1.1,2,500,3,0.04147195816040039,False,0.9,0.9,0.9,2,6
941,FCI,10,1.1,2,500,3,0.005671024322509766,False,-1.0,-1.0,-1.0,-1,-1
942,MIIC,10,1.1,2,500,4,0.0054950714111328125,False,0.7777777777777778,0.6363636363636364,0.7000000000000001,6,7
943,GHC,10,1.1,2,500,4,0.04422283172607422,False,0.7,0.6363636363636364,0.6666666666666666,7,9
944,FCI,10,1.1,2,500,4,0.00658106803894043,False,-1.0,-1.0,-1.0,-1,-1
945,MIIC,10,1.1,2,1000,0,0.00581812858581543,False,1.0,0.7272727272727273,0.8421052631578948,3,5
946,GHC,10,1.1,2,1000,0,0.04131507873535156,False,1.0,0.8181818181818182,0.9,2,8
947,FCI,10,1.1,2,1000,0,0.0070912837982177734,False,-1.0,-1.0,-1.0,-1,-1
948,MIIC,10,1.1,2,1000,1,0.005728006362915039,False,1.0,0.8181818181818182,0.9,2,6
949,GHC,10,1.1,2,1000,1,0.04502391815185547,False,1.0,0.8181818181818182,0.9,2,3
950,FCI,10,1.1,2,1000,1,0.006658792495727539,False,-1.0,-1.0,-1.0,-1,-1
951,MIIC,10,1.1,2,1000,2,0.0047380924224853516,False,1.0,0.45454545454545453,0.625,6,10
952,GHC,10,1.1,2,1000,2,0.04268693923950195,False,0.8571428571428571,0.5454545454545454,0.6666666666666665,6,12
953,FCI,10,1.1,2,1000,2,0.005571842193603516,False,-1.0,-1.0,-1.0,-1,-1
954,MIIC,10,1.1,2,1000,3,0.0052471160888671875,False,0.875,0.6363636363636364,0.7368421052631579,5,8
955,GHC,10,1.1,2,1000,3,0.04107403755187988,False,1.0,0.6363636363636364,0.7777777777777778,4,6
956,FCI,10,1.1,2,1000,3,0.007225751876831055,False,-1.0,-1.0,-1.0,-1,-1
957,MIIC,10,1.1,2,1000,4,0.005059957504272461,False,1.0,0.6363636363636364,0.7777777777777778,4,4
958,GHC,10,1.1,2,1000,4,0.0407407283782959,False,0.8333333333333334,0.45454545454545453,0.5882352941176471,7,10
959,FCI,10,1.1,2,1000,4,0.004331111907958984,False,-1.0,-1.0,-1.0,-1,-1
960,MIIC,10,1.1,3,100,0,0.002875804901123047,False,1.0,0.36363636363636365,0.5333333333333333,7,8
961,GHC,10,1.1,3,100,0,0.03777289390563965,False,1.0,0.36363636363636365,0.5333333333333333,7,8
962,FCI,10,1.1,3,100,0,0.0028028488159179688,False,-1.0,-1.0,-1.0,-1,-1
963,MIIC,10,1.1,3,100,1,0.0030548572540283203,False,0.75,0.2727272727272727,0.39999999999999997,9,11
964,GHC,10,1.1,3,100,1,0.03514599800109863,False,0.5,0.09090909090909091,0.15384615384615385,11,11
965,FCI,10,1.1,3,100,1,0.0029408931732177734,False,-1.0,-1.0,-1.0,-1,-1
966,MIIC,10,1.1,3,100,2,0.0031130313873291016,False,0.8,0.36363636363636365,0.5000000000000001,8,10
967,GHC,10,1.1,3,100,2,0.0377349853515625,False,0.8,0.36363636363636365,0.5000000000000001,8,10
968,FCI,10,1.1,3,100,2,0.0035829544067382812,False,-1.0,-1.0,-1.0,-1,-1
969,MIIC,10,1.1,3,100,3,0.0035779476165771484,False,0.8,0.36363636363636365,0.5000000000000001,8,10
970,GHC,10,1.1,3,100,3,0.04184412956237793,False,0.7142857142857143,0.45454545454545453,0.5555555555555556,8,10
971,FCI,10,1.1,3,100,3,0.003033876419067383,False,-1.0,-1.0,-1.0,-1,-1
972,MIIC,10,1.1,3,100,4,0.0032660961151123047,False,0.8,0.36363636363636365,0.5000000000000001,8,9
973,GHC,10,1.1,3,100,4,0.03845477104187012,False,1.0,0.45454545454545453,0.625,6,9
974,FCI,10,1.1,3,100,4,0.0028328895568847656,False,1.0,0.2727272727272727,0.42857142857142855,8,9
975,MIIC,10,1.1,3,250,0,0.0035009384155273438,False,1.0,0.45454545454545453,0.625,6,8
976,GHC,10,1.1,3,250,0,0.038307905197143555,False,1.0,0.5454545454545454,0.7058823529411764,5,6
977,FCI,10,1.1,3,250,0,0.004621028900146484,False,-1.0,-1.0,-1.0,-1,-1
978,MIIC,10,1.1,3,250,1,0.0032901763916015625,False,1.0,0.45454545454545453,0.625,6,9
979,GHC,10,1.1,3,250,1,0.03968310356140137,False,0.8333333333333334,0.45454545454545453,0.5882352941176471,7,10
980,FCI,10,1.1,3,250,1,0.003244161605834961,False,-1.0,-1.0,-1.0,-1,-1
981,MIIC,10,1.1,3,250,2,0.004096031188964844,False,1.0,0.6363636363636364,0.7777777777777778,4,7
982,GHC,10,1.1,3,250,2,0.04234910011291504,False,0.8888888888888888,0.7272727272727273,0.7999999999999999,4,7
983,FCI,10,1.1,3,250,2,0.005454063415527344,False,-1.0,-1.0,-1.0,-1,-1
984,MIIC,10,1.1,3,250,3,0.0046539306640625,False,1.0,0.7272727272727273,0.8421052631578948,3,4
985,GHC,10,1.1,3,250,3,0.04037213325500488,False,1.0,0.7272727272727273,0.8421052631578948,3,5
986,FCI,10,1.1,3,250,3,0.00816798210144043,False,-1.0,-1.0,-1.0,-1,-1
987,MIIC,10,1.1,3,250,4,0.0040509700775146484,False,1.0,0.6363636363636364,0.7777777777777778,4,8
988,GHC,10,1.1,3,250,4,0.03837895393371582,False,1.0,0.5454545454545454,0.7058823529411764,5,6
989,FCI,10,1.1,3,250,4,0.004338264465332031,False,-1.0,-1.0,-1.0,-1,-1
990,MIIC,10,1.1,3,500,0,0.00427699089050293,False,1.0,0.7272727272727273,0.8421052631578948,3,4
991,GHC,10,1.1,3,500,0,0.040405988693237305,False,1.0,0.7272727272727273,0.8421052631578948,3,4
992,FCI,10,1.1,3,500,0,0.006329059600830078,False,-1.0,-1.0,-1.0,-1,-1
993,MIIC,10,1.1,3,500,1,0.00335693359375,False,1.0,0.4,0.5714285714285715,6,8
994,GHC,10,1.1,3,500,1,0.036669015884399414,False,0.6,0.3,0.4,9,10
995,FCI,10,1.1,3,500,1,0.003195047378540039,False,-1.0,-1.0,-1.0,-1,-1
996,MIIC,10,1.1,3,500,2,0.0046579837799072266,False,1.0,0.6363636363636364,0.7777777777777778,4,7
997,GHC,10,1.1,3,500,2,0.041712284088134766,False,1.0,0.8181818181818182,0.9,2,2
998,FCI,10,1.1,3,500,2,0.012275218963623047,False,-1.0,-1.0,-1.0,-1,-1
999,MIIC,10,1.1,3,500,3,0.0049741268157958984,False,1.0,0.8181818181818182,0.9,2,6
1000,GHC,10,1.1,3,500,3,0.04167294502258301,False,1.0,0.8181818181818182,0.9,2,6
1001,FCI,10,1.1,3,500,3,0.014781951904296875,False,-1.0,-1.0,-1.0,-1,-1
1002,MIIC,10,1.1,3,500,4,0.00475311279296875,False,1.0,0.8181818181818182,0.9,2,3
1003,GHC,10,1.1,3,500,4,0.040357112884521484,False,1.0,0.8181818181818182,0.9,2,5
1004,FCI,10,1.1,3,500,4,0.0048639774322509766,False,-1.0,-1.0,-1.0,-1,-1
1005,MIIC,10,1.1,3,1000,0,0.006191730499267578,False,0.9090909090909091,0.9090909090909091,0.9090909090909091,2,4
1006,GHC,10,1.1,3,1000,0,0.04238629341125488,False,0.9,0.8181818181818182,0.8571428571428572,3,5
1007,FCI,10,1.1,3,1000,0,0.019078969955444336,False,-1.0,-1.0,-1.0,-1,-1
1008,MIIC,10,1.1,3,1000,1,0.006716251373291016,False,1.0,1.0,1.0,0,0
1009,GHC,10,1.1,3,1000,1,0.04596686363220215,False,1.0,1.0,1.0,0,0
1010,FCI,10,1.1,3,1000,1,0.02059173583984375,False,-1.0,-1.0,-1.0,-1,-1
1011,MIIC,10,1.1,3,1000,2,0.0065572261810302734,False,0.8888888888888888,0.8,0.8421052631578948,3,5
1012,GHC,10,1.1,3,1000,2,0.041649818420410156,False,0.9,0.9,0.9,2,3
1013,FCI,10,1.1,3,1000,2,0.015844106674194336,False,-1.0,-1.0,-1.0,-1,-1
1014,MIIC,10,1.1,3,1000,3,0.00403594970703125,False,1.0,0.5,0.6666666666666666,5,5
1015,GHC,10,1.1,3,1000,3,0.036926984786987305,False,1.0,0.4,0.5714285714285715,6,7
1016,FCI,10,1.1,3,1000,3,0.00535893440246582,False,-1.0,-1.0,-1.0,-1,-1
1017,MIIC,10,1.1,3,1000,4,0.005654096603393555,False,0.8888888888888888,0.7272727272727273,0.7999999999999999,4,10
1018,GHC,10,1.1,3,1000,4,0.0427098274230957,False,1.0,0.9090909090909091,0.9523809523809523,1,5
1019,FCI,10,1.1,3,1000,4,0.011477947235107422,False,-1.0,-1.0,-1.0,-1,-1
1020,MIIC,10,1.1,4,100,0,0.0032248497009277344,False,0.8,0.36363636363636365,0.5000000000000001,8,8
1021,GHC,10,1.1,4,100,0,0.037999868392944336,False,0.75,0.2727272727272727,0.39999999999999997,9,9
1022,FCI,10,1.1,4,100,0,0.003123044967651367,False,-1.0,-1.0,-1.0,-1,-1
1023,MIIC,10,1.1,4,100,1,0.004595041275024414,False,0.7777777777777778,0.7,0.7368421052631577,5,9
1024,GHC,10,1.1,4,100,1,0.044081926345825195,False,0.7777777777777778,0.7,0.7368421052631577,5,8
1025,FCI,10,1.1,4,100,1,0.005363941192626953,False,-1.0,-1.0,-1.0,-1,-1
1026,MIIC,10,1.1,4,100,2,0.0034508705139160156,False,0.8333333333333334,0.45454545454545453,0.5882352941176471,7,8
1027,GHC,10,1.1,4,100,2,0.03876304626464844,False,0.8333333333333334,0.45454545454545453,0.5882352941176471,7,8
1028,FCI,10,1.1,4,100,2,0.003511190414428711,False,-1.0,-1.0,-1.0,-1,-1
1029,MIIC,10,1.1,4,100,3,0.003047943115234375,False,1.0,0.2727272727272727,0.42857142857142855,8,9
1030,GHC,10,1.1,4,100,3,0.036283254623413086,False,0.75,0.2727272727272727,0.39999999999999997,9,10
1031,FCI,10,1.1,4,100,3,0.0028460025787353516,False,1.0,0.2727272727272727,0.42857142857142855,8,9
1032,MIIC,10,1.1,4,100,4,0.0031890869140625,False,0.75,0.2727272727272727,0.39999999999999997,9,9
1033,GHC,10,1.1,4,100,4,0.03566098213195801,False,0.6666666666666666,0.18181818181818182,0.28571428571428575,10,10
1034,FCI,10,1.1,4,100,4,0.004090070724487305,False,-1.0,-1.0,-1.0,-1,-1
1035,MIIC,10,1.1,4,250,0,0.003902912139892578,False,1.0,0.5454545454545454,0.7058823529411764,5,9
1036,GHC,10,1.1,4,250,0,0.03666090965270996,False,1.0,0.45454545454545453,0.625,6,11
1037,FCI,10,1.1,4,250,0,0.004086017608642578,False,-1.0,-1.0,-1.0,-1,-1
1038,MIIC,10,1.1,4,250,1,0.003509998321533203,False,1.0,0.45454545454545453,0.625,6,7
1039,GHC,10,1.1,4,250,1,0.036520957946777344,False,1.0,0.36363636363636365,0.5333333333333333,7,7
1040,FCI,10,1.1,4,250,1,0.003804922103881836,False,-1.0,-1.0,-1.0,-1,-1
1041,MIIC,10,1.1,4,250,2,0.003777027130126953,False,1.0,0.2727272727272727,0.42857142857142855,8,11
1042,GHC,10,1.1,4,250,2,0.035056114196777344,False,1.0,0.18181818181818182,0.3076923076923077,9,11
1043,FCI,10,1.1,4,250,2,0.003414154052734375,False,-1.0,-1.0,-1.0,-1,-1
1044,MIIC,10,1.1,4,250,3,0.0034990310668945312,False,1.0,0.45454545454545453,0.625,6,10
1045,GHC,10,1.1,4,250,3,0.03660297393798828,False,1.0,0.45454545454545453,0.625,6,10
1046,FCI,10,1.1,4,250,3,0.0030913352966308594,False,-1.0,-1.0,-1.0,-1,-1
1047,MIIC,10,1.1,4,250,4,0.00409698486328125,False,1.0,0.6363636363636364,0.7777777777777778,4,10
1048,GHC,10,1.1,4,250,4,0.03712296485900879,False,1.0,0.5454545454545454,0.7058823529411764,5,8
1049,FCI,10,1.1,4,250,4,0.0052602291107177734,False,-1.0,-1.0,-1.0,-1,-1
1050,MIIC,10,1.1,4,500,0,0.004118919372558594,False,1.0,0.5454545454545454,0.7058823529411764,5,7
1051,GHC,10,1.1,4,500,0,0.03872823715209961,False,0.8571428571428571,0.5454545454545454,0.6666666666666665,6,12
1052,FCI,10,1.1,4,500,0,0.007412910461425781,False,-1.0,-1.0,-1.0,-1,-1
1053,MIIC,10,1.1,4,500,1,0.004103899002075195,False,1.0,0.5454545454545454,0.7058823529411764,5,9
1054,GHC,10,1.1,4,500,1,0.0395510196685791,False,1.0,0.6363636363636364,0.7777777777777778,4,5
1055,FCI,10,1.1,4,500,1,0.004611968994140625,False,-1.0,-1.0,-1.0,-1,-1
1056,MIIC,10,1.1,4,500,2,0.004742860794067383,False,0.8571428571428571,0.5454545454545454,0.6666666666666665,6,7
1057,GHC,10,1.1,4,500,2,0.038700103759765625,False,0.8571428571428571,0.5454545454545454,0.6666666666666665,6,8
1058,FCI,10,1.1,4,500,2,0.01390981674194336,False,-1.0,-1.0,-1.0,-1,-1
1059,MIIC,10,1.1,4,500,3,0.003476858139038086,False,1.0,0.36363636363636365,0.5333333333333333,7,9
1060,GHC,10,1.1,4,500,3,0.03685927391052246,False,1.0,0.36363636363636365,0.5333333333333333,7,10
1061,FCI,10,1.1,4,500,3,0.0044710636138916016,False,-1.0,-1.0,-1.0,-1,-1
1062,MIIC,10,1.1,4,500,4,0.004788875579833984,False,1.0,0.8,0.888888888888889,2,5
1063,GHC,10,1.1,4,500,4,0.039611101150512695,False,1.0,0.7,0.8235294117647058,3,5
1064,FCI,10,1.1,4,500,4,0.008166313171386719,False,-1.0,-1.0,-1.0,-1,-1
1065,MIIC,10,1.1,4,1000,0,0.005054950714111328,False,1.0,0.6363636363636364,0.7777777777777778,4,6
1066,GHC,10,1.1,4,1000,0,0.043470144271850586,False,0.7777777777777778,0.6363636363636364,0.7000000000000001,6,9
1067,FCI,10,1.1,4,1000,0,0.005867958068847656,False,-1.0,-1.0,-1.0,-1,-1
1068,MIIC,10,1.1,4,1000,1,0.0040171146392822266,False,1.0,0.45454545454545453,0.625,6,8
1069,GHC,10,1.1,4,1000,1,0.03936290740966797,False,1.0,0.5454545454545454,0.7058823529411764,5,6
1070,FCI,10,1.1,4,1000,1,0.007189035415649414,False,-1.0,-1.0,-1.0,-1,-1
1071,MIIC,10,1.1,4,1000,2,0.004335880279541016,False,1.0,0.5454545454545454,0.7058823529411764,5,7
1072,GHC,10,1.1,4,1000,2,0.03870677947998047,False,1.0,0.5454545454545454,0.7058823529411764,5,7
1073,FCI,10,1.1,4,1000,2,0.007519960403442383,False,-1.0,-1.0,-1.0,-1,-1
1074,MIIC,10,1.1,4,1000,3,0.0050220489501953125,False,1.0,0.7272727272727273,0.8421052631578948,3,9
1075,GHC,10,1.1,4,1000,3,0.03985190391540527,False,1.0,0.6363636363636364,0.7777777777777778,4,9
1076,FCI,10,1.1,4,1000,3,0.0053577423095703125,False,-1.0,-1.0,-1.0,-1,-1
1077,MIIC,10,1.1,4,1000,4,0.004312038421630859,False,1.0,0.5454545454545454,0.7058823529411764,5,7
1078,GHC,10,1.1,4,1000,4,0.040026187896728516,False,1.0,0.5454545454545454,0.7058823529411764,5,7
1079,FCI,10,1.1,4,1000,4,0.008466005325317383,False,-1.0,-1.0,-1.0,-1,-1
1080,MIIC,10,1.3,2,100,0,0.004229068756103516,False,0.8333333333333334,0.4166666666666667,0.5555555555555556,8,8
1081,GHC,10,1.3,2,100,0,0.03813314437866211,False,0.8,0.3333333333333333,0.47058823529411764,9,10
1082,FCI,10,1.3,2,100,0,0.004770040512084961,False,-1.0,-1.0,-1.0,-1,-1
1083,MIIC,10,1.3,2,100,1,0.003445863723754883,False,0.8333333333333334,0.38461538461538464,0.5263157894736842,9,14
1084,GHC,10,1.3,2,100,1,0.039775848388671875,False,0.75,0.46153846153846156,0.5714285714285714,9,13
1085,FCI,10,1.3,2,100,1,0.0025789737701416016,False,-1.0,-1.0,-1.0,-1,-1
1086,MIIC,10,1.3,2,100,2,0.004438161849975586,False,1.0,0.5454545454545454,0.7058823529411764,5,8
1087,GHC,10,1.3,2,100,2,0.040029048919677734,False,1.0,0.5454545454545454,0.7058823529411764,5,8
1088,FCI,10,1.3,2,100,2,0.004326820373535156,False,-1.0,-1.0,-1.0,-1,-1
1089,MIIC,10,1.3,2,100,3,0.0035839080810546875,False,0.8,0.3333333333333333,0.47058823529411764,9,13
1090,GHC,10,1.3,2,100,3,0.03850889205932617,False,0.6666666666666666,0.3333333333333333,0.4444444444444444,10,14
1091,FCI,10,1.3,2,100,3,0.004522085189819336,False,-1.0,-1.0,-1.0,-1,-1
1092,MIIC,10,1.3,2,100,4,0.0037162303924560547,False,0.8333333333333334,0.38461538461538464,0.5263157894736842,9,10
1093,GHC,10,1.3,2,100,4,0.04182696342468262,False,0.7142857142857143,0.38461538461538464,0.5,10,15
1094,FCI,10,1.3,2,100,4,0.00412297248840332,False,-1.0,-1.0,-1.0,-1,-1
1095,MIIC,10,1.3,2,250,0,0.004246950149536133,False,1.0,0.5384615384615384,0.7000000000000001,6,13
1096,GHC,10,1.3,2,250,0,0.03845381736755371,False,1.0,0.46153846153846156,0.631578947368421,7,13
1097,FCI,10,1.3,2,250,0,0.00542902946472168,False,-1.0,-1.0,-1.0,-1,-1
1098,MIIC,10,1.3,2,250,1,0.00534510612487793,False,0.8888888888888888,0.6153846153846154,0.7272727272727274,6,14
1099,GHC,10,1.3,2,250,1,0.04798269271850586,False,0.8461538461538461,0.8461538461538461,0.8461538461538461,4,11
1100,FCI,10,1.3,2,250,1,0.007353067398071289,False,-1.0,-1.0,-1.0,-1,-1
1101,MIIC,10,1.3,2,250,2,0.0047647953033447266,False,0.7777777777777778,0.5384615384615384,0.6363636363636364,8,13
1102,GHC,10,1.3,2,250,2,0.03904581069946289,False,0.8571428571428571,0.46153846153846156,0.6,8,11
1103,FCI,10,1.3,2,250,2,0.006742000579833984,False,-1.0,-1.0,-1.0,-1,-1
1104,MIIC,10,1.3,2,250,3,0.003641843795776367,False,1.0,0.46153846153846156,0.631578947368421,7,10
1105,GHC,10,1.3,2,250,3,0.03998398780822754,False,1.0,0.46153846153846156,0.631578947368421,7,10
1106,FCI,10,1.3,2,250,3,0.003143787384033203,False,-1.0,-1.0,-1.0,-1,-1
1107,MIIC,10,1.3,2,250,4,0.0057222843170166016,False,1.0,0.8461538461538461,0.9166666666666666,2,7
1108,GHC,10,1.3,2,250,4,0.04500699043273926,False,0.8181818181818182,0.6923076923076923,0.7500000000000001,6,8
1109,FCI,10,1.3,2,250,4,0.009367704391479492,False,-1.0,-1.0,-1.0,-1,-1
1110,MIIC,10,1.3,2,500,0,0.006182193756103516,False,1.0,0.7692307692307693,0.8695652173913044,3,7
1111,GHC,10,1.3,2,500,0,0.04216599464416504,False,0.8181818181818182,0.6923076923076923,0.7500000000000001,6,13
1112,FCI,10,1.3,2,500,0,0.01657700538635254,False,-1.0,-1.0,-1.0,-1,-1
1113,MIIC,10,1.3,2,500,1,0.010259866714477539,False,0.9090909090909091,0.7692307692307693,0.8333333333333333,4,6
1114,GHC,10,1.3,2,500,1,0.044922828674316406,False,0.9230769230769231,0.9230769230769231,0.9230769230769231,2,3
1115,FCI,10,1.3,2,500,1,0.01445913314819336,False,-1.0,-1.0,-1.0,-1,-1
1116,MIIC,10,1.3,2,500,2,0.006725788116455078,False,0.9,0.6923076923076923,0.7826086956521738,5,10
1117,GHC,10,1.3,2,500,2,0.044921159744262695,False,0.9,0.6923076923076923,0.7826086956521738,5,8
1118,FCI,10,1.3,2,500,2,0.012631893157958984,False,-1.0,-1.0,-1.0,-1,-1
1119,MIIC,10,1.3,2,500,3,0.004026889801025391,False,1.0,0.46153846153846156,0.631578947368421,7,12
1120,GHC,10,1.3,2,500,3,0.039923906326293945,False,1.0,0.5384615384615384,0.7000000000000001,6,10
1121,FCI,10,1.3,2,500,3,0.0052700042724609375,False,-1.0,-1.0,-1.0,-1,-1
1122,MIIC,10,1.3,2,500,4,0.005227088928222656,False,0.7,0.5384615384615384,0.608695652173913,9,13
1123,GHC,10,1.3,2,500,4,0.04305720329284668,False,0.75,0.46153846153846156,0.5714285714285714,9,13
1124,FCI,10,1.3,2,500,4,0.0048410892486572266,False,-1.0,-1.0,-1.0,-1,-1
1125,MIIC,10,1.3,2,1000,0,0.006784915924072266,False,1.0,0.8461538461538461,0.9166666666666666,2,4
1126,GHC,10,1.3,2,1000,0,0.04804706573486328,False,0.8,0.9230769230769231,0.8571428571428571,4,14
1127,FCI,10,1.3,2,1000,0,0.029380083084106445,False,-1.0,-1.0,-1.0,-1,-1
1128,MIIC,10,1.3,2,1000,1,0.006947040557861328,False,1.0,0.7692307692307693,0.8695652173913044,3,3
1129,GHC,10,1.3,2,1000,1,0.04388713836669922,False,1.0,0.8461538461538461,0.9166666666666666,2,2
1130,FCI,10,1.3,2,1000,1,0.018673181533813477,False,-1.0,-1.0,-1.0,-1,-1
1131,MIIC,10,1.3,2,1000,2,0.0070362091064453125,False,1.0,0.6923076923076923,0.8181818181818181,4,5
1132,GHC,10,1.3,2,1000,2,0.04406404495239258,False,0.8333333333333334,0.7692307692307693,0.8,5,10
1133,FCI,10,1.3,2,1000,2,0.012283086776733398,False,-1.0,-1.0,-1.0,-1,-1
1134,MIIC,10,1.3,2,1000,3,0.005040168762207031,False,1.0,0.7272727272727273,0.8421052631578948,3,6
1135,GHC,10,1.3,2,1000,3,0.04060697555541992,False,1.0,0.8181818181818182,0.9,2,2
1136,FCI,10,1.3,2,1000,3,0.01078033447265625,False,-1.0,-1.0,-1.0,-1,-1
1137,MIIC,10,1.3,2,1000,4,0.00609898567199707,False,1.0,0.75,0.8571428571428571,3,6
1138,GHC,10,1.3,2,1000,4,0.04507112503051758,False,0.7692307692307693,0.8333333333333334,0.8,5,13
1139,FCI,10,1.3,2,1000,4,0.020596981048583984,False,-1.0,-1.0,-1.0,-1,-1
1140,MIIC,10,1.3,3,100,0,0.0035810470581054688,False,0.8333333333333334,0.38461538461538464,0.5263157894736842,9,13
1141,GHC,10,1.3,3,100,0,0.03679084777832031,False,1.0,0.3076923076923077,0.47058823529411764,9,13
1142,FCI,10,1.3,3,100,0,0.0036606788635253906,False,-1.0,-1.0,-1.0,-1,-1
1143,MIIC,10,1.3,3,100,1,0.0039598941802978516,False,1.0,0.5,0.6666666666666666,6,7
1144,GHC,10,1.3,3,100,1,0.0387420654296875,False,1.0,0.4166666666666667,0.5882352941176471,7,7
1145,FCI,10,1.3,3,100,1,0.004393100738525391,False,-1.0,-1.0,-1.0,-1,-1
1146,MIIC,10,1.3,3,100,2,0.003284931182861328,False,0.8333333333333334,0.38461538461538464,0.5263157894736842,9,13
1147,GHC,10,1.3,3,100,2,0.039093017578125,False,0.5714285714285714,0.3076923076923077,0.4,12,15
1148,FCI,10,1.3,3,100,2,0.0026712417602539062,False,-1.0,-1.0,-1.0,-1,-1
1149,MIIC,10,1.3,3,100,3,0.0027959346771240234,False,1.0,0.23076923076923078,0.375,10,11
1150,GHC,10,1.3,3,100,3,0.036170005798339844,False,1.0,0.23076923076923078,0.375,10,11
1151,FCI,10,1.3,3,100,3,0.0030517578125,False,-1.0,-1.0,-1.0,-1,-1
1152,MIIC,10,1.3,3,100,4,0.002936840057373047,False,0.75,0.23076923076923078,0.3529411764705882,11,12
1153,GHC,10,1.3,3,100,4,0.036435842514038086,False,0.75,0.23076923076923078,0.3529411764705882,11,12
1154,FCI,10,1.3,3,100,4,0.0029189586639404297,False,0.6666666666666666,0.15384615384615385,0.25,12,13
1155,MIIC,10,1.3,3,250,0,0.005506038665771484,False,1.0,0.6923076923076923,0.8181818181818181,4,7
1156,GHC,10,1.3,3,250,0,0.04079484939575195,False,1.0,0.6153846153846154,0.761904761904762,5,7
1157,FCI,10,1.3,3,250,0,0.006912946701049805,False,-1.0,-1.0,-1.0,-1,-1
1158,MIIC,10,1.3,3,250,1,0.003660917282104492,False,1.0,0.46153846153846156,0.631578947368421,7,8
1159,GHC,10,1.3,3,250,1,0.038863182067871094,False,1.0,0.46153846153846156,0.631578947368421,7,8
1160,FCI,10,1.3,3,250,1,0.0054168701171875,False,-1.0,-1.0,-1.0,-1,-1
1161,MIIC,10,1.3,3,250,2,0.004075765609741211,False,0.8333333333333334,0.38461538461538464,0.5263157894736842,9,9
1162,GHC,10,1.3,3,250,2,0.038404226303100586,False,0.8333333333333334,0.38461538461538464,0.5263157894736842,9,9
1163,FCI,10,1.3,3,250,2,0.0032660961151123047,False,1.0,0.38461538461538464,0.5555555555555556,8,8
1164,MIIC,10,1.3,3,250,3,0.003590106964111328,False,0.6,0.23076923076923078,0.33333333333333337,12,14
1165,GHC,10,1.3,3,250,3,0.039060115814208984,False,0.5714285714285714,0.3076923076923077,0.4,12,14
1166,FCI,10,1.3,3,250,3,0.003330230712890625,False,-1.0,-1.0,-1.0,-1,-1
1167,MIIC,10,1.3,3,250,4,0.003972768783569336,False,1.0,0.5384615384615384,0.7000000000000001,6,11
1168,GHC,10,1.3,3,250,4,0.04224586486816406,False,0.8888888888888888,0.6153846153846154,0.7272727272727274,6,10
1169,FCI,10,1.3,3,250,4,0.007112979888916016,False,-1.0,-1.0,-1.0,-1,-1
1170,MIIC,10,1.3,3,500,0,0.0043680667877197266,False,1.0,0.46153846153846156,0.631578947368421,7,8
1171,GHC,10,1.3,3,500,0,0.04064583778381348,False,1.0,0.46153846153846156,0.631578947368421,7,8
1172,FCI,10,1.3,3,500,0,0.005385875701904297,False,-1.0,-1.0,-1.0,-1,-1
1173,MIIC,10,1.3,3,500,1,0.0040209293365478516,False,1.0,0.46153846153846156,0.631578947368421,7,9
1174,GHC,10,1.3,3,500,1,0.038580894470214844,False,1.0,0.46153846153846156,0.631578947368421,7,9
1175,FCI,10,1.3,3,500,1,0.005668163299560547,False,-1.0,-1.0,-1.0,-1,-1
1176,MIIC,10,1.3,3,500,2,0.005491971969604492,False,0.9,0.6923076923076923,0.7826086956521738,5,12
1177,GHC,10,1.3,3,500,2,0.04151725769042969,False,0.875,0.5384615384615384,0.6666666666666667,7,11
1178,FCI,10,1.3,3,500,2,0.00906991958618164,False,-1.0,-1.0,-1.0,-1,-1
1179,MIIC,10,1.3,3,500,3,0.004725217819213867,False,1.0,0.6153846153846154,0.761904761904762,5,9
1180,GHC,10,1.3,3,500,3,0.0405271053314209,False,0.875,0.5384615384615384,0.6666666666666667,7,11
1181,FCI,10,1.3,3,500,3,0.008234977722167969,False,-1.0,-1.0,-1.0,-1,-1
1182,MIIC,10,1.3,3,500,4,0.0044841766357421875,False,1.0,0.6666666666666666,0.8,4,7
1183,GHC,10,1.3,3,500,4,0.04224205017089844,False,1.0,0.6666666666666666,0.8,4,7
1184,FCI,10,1.3,3,500,4,0.00733494758605957,False,-1.0,-1.0,-1.0,-1,-1
1185,MIIC,10,1.3,3,1000,0,0.006028890609741211,False,0.9,0.75,0.8181818181818182,4,11
1186,GHC,10,1.3,3,1000,0,0.0434112548828125,False,0.9090909090909091,0.8333333333333334,0.8695652173913043,3,5
1187,FCI,10,1.3,3,1000,0,0.012914896011352539,False,-1.0,-1.0,-1.0,-1,-1
1188,MIIC,10,1.3,3,1000,1,0.006319999694824219,False,1.0,0.8333333333333334,0.9090909090909091,2,2
1189,GHC,10,1.3,3,1000,1,0.042935848236083984,False,0.9,0.75,0.8181818181818182,4,9
1190,FCI,10,1.3,3,1000,1,0.013538122177124023,False,-1.0,-1.0,-1.0,-1,-1
1191,MIIC,10,1.3,3,1000,2,0.005403041839599609,False,1.0,0.6923076923076923,0.8181818181818181,4,12
1192,GHC,10,1.3,3,1000,2,0.04364299774169922,False,1.0,0.9230769230769231,0.9600000000000001,1,8
1193,FCI,10,1.3,3,1000,2,0.011715173721313477,False,-1.0,-1.0,-1.0,-1,-1
1194,MIIC,10,1.3,3,1000,3,0.0077970027923583984,False,1.0,1.0,1.0,0,3
1195,GHC,10,1.3,3,1000,3,0.04937410354614258,False,0.9285714285714286,1.0,0.962962962962963,1,8
1196,FCI,10,1.3,3,1000,3,0.02088189125061035,False,-1.0,-1.0,-1.0,-1,-1
1197,MIIC,10,1.3,3,1000,4,0.005700826644897461,False,0.8888888888888888,0.7272727272727273,0.7999999999999999,4,6
1198,GHC,10,1.3,3,1000,4,0.04164409637451172,False,0.8888888888888888,0.7272727272727273,0.7999999999999999,4,9
1199,FCI,10,1.3,3,1000,4,0.006350278854370117,False,1.0,0.5454545454545454,0.7058823529411764,5,6
1200,MIIC,10,1.3,4,100,0,0.0032351016998291016,False,0.6666666666666666,0.15384615384615385,0.25,12,13
1201,GHC,10,1.3,4,100,0,0.03725099563598633,False,0.6666666666666666,0.15384615384615385,0.25,12,13
1202,FCI,10,1.3,4,100,0,0.0023131370544433594,False,-1.0,-1.0,-1.0,-1,-1
1203,MIIC,10,1.3,4,100,1,0.003050088882446289,False,1.0,0.3333333333333333,0.5,8,10
1204,GHC,10,1.3,4,100,1,0.03801989555358887,False,1.0,0.4166666666666667,0.5882352941176471,7,8
1205,FCI,10,1.3,4,100,1,0.0025010108947753906,False,-1.0,-1.0,-1.0,-1,-1
1206,MIIC,10,1.3,4,100,2,0.0024220943450927734,False,1.0,0.07692307692307693,0.14285714285714288,12,13
1207,GHC,10,1.3,4,100,2,0.035881996154785156,False,0.6666666666666666,0.15384615384615385,0.25,12,14
1208,FCI,10,1.3,4,100,2,0.002560853958129883,False,0.75,0.23076923076923078,0.3529411764705882,11,13
1209,MIIC,10,1.3,4,100,3,0.0031778812408447266,False,1.0,0.38461538461538464,0.5555555555555556,8,11
1210,GHC,10,1.3,4,100,3,0.03663492202758789,False,1.0,0.3076923076923077,0.47058823529411764,9,11
1211,FCI,10,1.3,4,100,3,0.0031969547271728516,False,-1.0,-1.0,-1.0,-1,-1
1212,MIIC,10,1.3,4,100,4,0.002801179885864258,False,1.0,0.15384615384615385,0.2666666666666667,11,11
1213,GHC,10,1.3,4,100,4,0.033911943435668945,False,1.0,0.07692307692307693,0.14285714285714288,12,12
1214,FCI,10,1.3,4,100,4,0.0029802322387695312,False,-1.0,-1.0,-1.0,-1,-1
1215,MIIC,10,1.3,4,250,0,0.0040471553802490234,False,1.0,0.5,0.6666666666666666,6,7
1216,GHC,10,1.3,4,250,0,0.03817915916442871,False,1.0,0.5833333333333334,0.7368421052631579,5,5
1217,FCI,10,1.3,4,250,0,0.004047870635986328,False,-1.0,-1.0,-1.0,-1,-1
1218,MIIC,10,1.3,4,250,1,0.003220081329345703,False,1.0,0.3076923076923077,0.47058823529411764,9,11
1219,GHC,10,1.3,4,250,1,0.03857684135437012,False,1.0,0.3076923076923077,0.47058823529411764,9,11
1220,FCI,10,1.3,4,250,1,0.0032939910888671875,False,-1.0,-1.0,-1.0,-1,-1
1221,MIIC,10,1.3,4,250,2,0.003572225570678711,False,1.0,0.38461538461538464,0.5555555555555556,8,9
1222,GHC,10,1.3,4,250,2,0.03561687469482422,False,1.0,0.3076923076923077,0.47058823529411764,9,9
1223,FCI,10,1.3,4,250,2,0.003398895263671875,False,-1.0,-1.0,-1.0,-1,-1
1224,MIIC,10,1.3,4,250,3,0.004121065139770508,False,1.0,0.5384615384615384,0.7000000000000001,6,8
1225,GHC,10,1.3,4,250,3,0.04046297073364258,False,1.0,0.6153846153846154,0.761904761904762,5,6
1226,FCI,10,1.3,4,250,3,0.004373073577880859,False,-1.0,-1.0,-1.0,-1,-1
1227,MIIC,10,1.3,4,250,4,0.003401041030883789,False,1.0,0.38461538461538464,0.5555555555555556,8,11
1228,GHC,10,1.3,4,250,4,0.036383867263793945,False,1.0,0.38461538461538464,0.5555555555555556,8,10
1229,FCI,10,1.3,4,250,4,0.003731966018676758,False,-1.0,-1.0,-1.0,-1,-1
1230,MIIC,10,1.3,4,500,0,0.0041310787200927734,False,1.0,0.38461538461538464,0.5555555555555556,8,10
1231,GHC,10,1.3,4,500,0,0.036821842193603516,False,0.8,0.3076923076923077,0.4444444444444444,10,12
1232,FCI,10,1.3,4,500,0,0.005053997039794922,False,-1.0,-1.0,-1.0,-1,-1
1233,MIIC,10,1.3,4,500,1,0.003760099411010742,False,1.0,0.4166666666666667,0.5882352941176471,7,9
1234,GHC,10,1.3,4,500,1,0.03750109672546387,False,1.0,0.3333333333333333,0.5,8,10
1235,FCI,10,1.3,4,500,1,0.004892826080322266,False,-1.0,-1.0,-1.0,-1,-1
1236,MIIC,10,1.3,4,500,2,0.0037126541137695312,False,1.0,0.4166666666666667,0.5882352941176471,7,8
1237,GHC,10,1.3,4,500,2,0.03527688980102539,False,1.0,0.3333333333333333,0.5,8,8
1238,FCI,10,1.3,4,500,2,0.00458073616027832,False,-1.0,-1.0,-1.0,-1,-1
1239,MIIC,10,1.3,4,500,3,0.0041348934173583984,False,1.0,0.5,0.6666666666666666,6,12
1240,GHC,10,1.3,4,500,3,0.03597688674926758,False,1.0,0.3333333333333333,0.5,8,12
1241,FCI,10,1.3,4,500,3,0.005015850067138672,False,-1.0,-1.0,-1.0,-1,-1
1242,MIIC,10,1.3,4,500,4,0.004703044891357422,False,1.0,0.6153846153846154,0.761904761904762,5,7
1243,GHC,10,1.3,4,500,4,0.041416168212890625,False,1.0,0.46153846153846156,0.631578947368421,7,9
1244,FCI,10,1.3,4,500,4,0.006352901458740234,False,-1.0,-1.0,-1.0,-1,-1
1245,MIIC,10,1.3,4,1000,0,0.0051882266998291016,False,1.0,0.7272727272727273,0.8421052631578948,3,5
1246,GHC,10,1.3,4,1000,0,0.043908119201660156,False,0.9,0.8181818181818182,0.8571428571428572,3,4
1247,FCI,10,1.3,4,1000,0,0.012169837951660156,False,-1.0,-1.0,-1.0,-1,-1
1248,MIIC,10,1.3,4,1000,1,0.006798982620239258,False,1.0,0.9230769230769231,0.9600000000000001,1,2
1249,GHC,10,1.3,4,1000,1,0.04393124580383301,False,1.0,0.8461538461538461,0.9166666666666666,2,5
1250,FCI,10,1.3,4,1000,1,0.016906023025512695,False,-1.0,-1.0,-1.0,-1,-1
1251,MIIC,10,1.3,4,1000,2,0.005815982818603516,False,1.0,0.6923076923076923,0.8181818181818181,4,4
1252,GHC,10,1.3,4,1000,2,0.041132211685180664,False,1.0,0.6153846153846154,0.761904761904762,5,6
1253,FCI,10,1.3,4,1000,2,0.0061588287353515625,False,-1.0,-1.0,-1.0,-1,-1
1254,MIIC,10,1.3,4,1000,3,0.005803108215332031,False,1.0,0.7692307692307693,0.8695652173913044,3,9
1255,GHC,10,1.3,4,1000,3,0.04397416114807129,False,1.0,0.9230769230769231,0.9600000000000001,1,5
1256,FCI,10,1.3,4,1000,3,0.008719921112060547,False,-1.0,-1.0,-1.0,-1,-1
1257,MIIC,10,1.3,4,1000,4,0.005160808563232422,False,1.0,0.6923076923076923,0.8181818181818181,4,10
1258,GHC,10,1.3,4,1000,4,0.04009509086608887,False,1.0,0.6153846153846154,0.761904761904762,5,11
1259,FCI,10,1.3,4,1000,4,0.010565757751464844,False,-1.0,-1.0,-1.0,-1,-1
1260,MIIC,10,1.5,2,100,0,0.0030078887939453125,False,0.75,0.2,0.31578947368421056,13,14
1261,GHC,10,1.5,2,100,0,0.03591012954711914,False,0.75,0.2,0.31578947368421056,13,16
1262,FCI,10,1.5,2,100,0,0.002768993377685547,False,-1.0,-1.0,-1.0,-1,-1
1263,MIIC,10,1.5,2,100,1,0.003925800323486328,False,0.625,0.3333333333333333,0.43478260869565216,13,18
1264,GHC,10,1.5,2,100,1,0.03872203826904297,False,0.6666666666666666,0.26666666666666666,0.3809523809523809,13,17
1265,FCI,10,1.5,2,100,1,0.003756999969482422,False,-1.0,-1.0,-1.0,-1,-1
1266,MIIC,10,1.5,2,100,2,0.0039670467376708984,False,0.5,0.2,0.28571428571428575,15,18
1267,GHC,10,1.5,2,100,2,0.03773212432861328,False,0.6666666666666666,0.26666666666666666,0.3809523809523809,13,15
1268,FCI,10,1.5,2,100,2,0.0032281875610351562,False,-1.0,-1.0,-1.0,-1,-1
1269,MIIC,10,1.5,2,100,3,0.0033049583435058594,False,1.0,0.3333333333333333,0.5,10,14
1270,GHC,10,1.5,2,100,3,0.03750038146972656,False,1.0,0.26666666666666666,0.4210526315789474,11,14
1271,FCI,10,1.5,2,100,3,0.0033800601959228516,False,-1.0,-1.0,-1.0,-1,-1
1272,MIIC,10,1.5,2,100,4,0.0038809776306152344,False,0.875,0.5,0.6363636363636364,8,13
1273,GHC,10,1.5,2,100,4,0.042634010314941406,False,0.6,0.42857142857142855,0.5,12,16
1274,FCI,10,1.5,2,100,4,0.0031769275665283203,False,-1.0,-1.0,-1.0,-1,-1
1275,MIIC,10,1.5,2,250,0,0.0059871673583984375,False,0.9166666666666666,0.7333333333333333,0.8148148148148148,5,8
1276,GHC,10,1.5,2,250,0,0.04233098030090332,False,0.9166666666666666,0.7333333333333333,0.8148148148148148,5,9
1277,FCI,10,1.5,2,250,0,0.010475873947143555,False,-1.0,-1.0,-1.0,-1,-1
1278,MIIC,10,1.5,2,250,1,0.0042421817779541016,False,0.7142857142857143,0.3333333333333333,0.4545454545454545,12,15
1279,GHC,10,1.5,2,250,1,0.04334306716918945,False,0.7,0.4666666666666667,0.56,11,18
1280,FCI,10,1.5,2,250,1,0.0036051273345947266,False,-1.0,-1.0,-1.0,-1,-1
1281,MIIC,10,1.5,2,250,2,0.0035600662231445312,False,0.8,0.26666666666666666,0.4,12,14
1282,GHC,10,1.5,2,250,2,0.03774309158325195,False,0.7142857142857143,0.3333333333333333,0.4545454545454545,12,15
1283,FCI,10,1.5,2,250,2,0.003557920455932617,False,-1.0,-1.0,-1.0,-1,-1
1284,MIIC,10,1.5,2,250,3,0.00476384162902832,False,1.0,0.6,0.7499999999999999,6,11
1285,GHC,10,1.5,2,250,3,0.03844189643859863,False,0.8571428571428571,0.4,0.5454545454545455,10,15
1286,FCI,10,1.5,2,250,3,0.0074160099029541016,False,-1.0,-1.0,-1.0,-1,-1
1287,MIIC,10,1.5,2,250,4,0.003676176071166992,False,1.0,0.4,0.5714285714285715,9,11
1288,GHC,10,1.5,2,250,4,0.038294076919555664,False,0.8571428571428571,0.4,0.5454545454545455,10,15
1289,FCI,10,1.5,2,250,4,0.00393986701965332,False,-1.0,-1.0,-1.0,-1,-1
1290,MIIC,10,1.5,2,500,0,0.004672050476074219,False,1.0,0.6,0.7499999999999999,6,11
1291,GHC,10,1.5,2,500,0,0.04964876174926758,False,0.8,0.5333333333333333,0.64,9,13
1292,FCI,10,1.5,2,500,0,0.005483865737915039,False,-1.0,-1.0,-1.0,-1,-1
1293,MIIC,10,1.5,2,500,1,0.004914045333862305,False,0.875,0.5384615384615384,0.6666666666666667,7,8
1294,GHC,10,1.5,2,500,1,0.04505491256713867,False,0.6153846153846154,0.6153846153846154,0.6153846153846154,10,15
1295,FCI,10,1.5,2,500,1,0.01174783706665039,False,-1.0,-1.0,-1.0,-1,-1
1296,MIIC,10,1.5,2,500,2,0.004900217056274414,False,0.8888888888888888,0.6153846153846154,0.7272727272727274,6,7
1297,GHC,10,1.5,2,500,2,0.04105687141418457,False,0.7777777777777778,0.5384615384615384,0.6363636363636364,8,10
1298,FCI,10,1.5,2,500,2,0.008067131042480469,False,-1.0,-1.0,-1.0,-1,-1
1299,MIIC,10,1.5,2,500,3,0.004369974136352539,False,1.0,0.5384615384615384,0.7000000000000001,6,10
1300,GHC,10,1.5,2,500,3,0.04215097427368164,False,0.9090909090909091,0.7692307692307693,0.8333333333333333,4,10
1301,FCI,10,1.5,2,500,3,0.007932901382446289,False,-1.0,-1.0,-1.0,-1,-1
1302,MIIC,10,1.5,2,500,4,0.006803750991821289,False,1.0,0.7333333333333333,0.846153846153846,4,8
1303,GHC,10,1.5,2,500,4,0.0419769287109375,False,0.9090909090909091,0.6666666666666666,0.7692307692307692,6,12
1304,FCI,10,1.5,2,500,4,0.023465871810913086,False,-1.0,-1.0,-1.0,-1,-1
1305,MIIC,10,1.5,2,1000,0,0.00799703598022461,False,0.9,0.6428571428571429,0.75,6,9
1306,GHC,10,1.5,2,1000,0,0.04401111602783203,False,0.9166666666666666,0.7857142857142857,0.8461538461538461,4,6
1307,FCI,10,1.5,2,1000,0,0.007589817047119141,False,-1.0,-1.0,-1.0,-1,-1
1308,MIIC,10,1.5,2,1000,1,0.005040168762207031,False,1.0,0.5333333333333333,0.6956521739130436,7,10
1309,GHC,10,1.5,2,1000,1,0.041879892349243164,False,1.0,0.7333333333333333,0.846153846153846,4,9
1310,FCI,10,1.5,2,1000,1,0.013664007186889648,False,-1.0,-1.0,-1.0,-1,-1
1311,MIIC,10,1.5,2,1000,2,0.006263017654418945,False,1.0,0.6,0.7499999999999999,6,10
1312,GHC,10,1.5,2,1000,2,0.0430750846862793,False,1.0,0.7333333333333333,0.846153846153846,4,9
1313,FCI,10,1.5,2,1000,2,0.008399724960327148,False,-1.0,-1.0,-1.0,-1,-1
1314,MIIC,10,1.5,2,1000,3,0.006942033767700195,False,0.9090909090909091,0.6666666666666666,0.7692307692307692,6,11
1315,GHC,10,1.5,2,1000,3,0.04298806190490723,False,0.75,0.6,0.6666666666666665,9,13
1316,FCI,10,1.5,2,1000,3,0.029714107513427734,False,-1.0,-1.0,-1.0,-1,-1
1317,MIIC,10,1.5,2,1000,4,0.00830531120300293,False,1.0,0.7857142857142857,0.88,3,8
1318,GHC,10,1.5,2,1000,4,0.0442349910736084,False,0.9166666666666666,0.7857142857142857,0.8461538461538461,4,7
1319,FCI,10,1.5,2,1000,4,0.011005878448486328,False,-1.0,-1.0,-1.0,-1,-1
1320,MIIC,10,1.5,3,100,0,0.003721952438354492,False,0.8571428571428571,0.4,0.5454545454545455,10,15
1321,GHC,10,1.5,3,100,0,0.03880500793457031,False,0.8333333333333334,0.3333333333333333,0.47619047619047616,11,15
1322,FCI,10,1.5,3,100,0,0.0037801265716552734,False,-1.0,-1.0,-1.0,-1,-1
1323,MIIC,10,1.5,3,100,1,0.0042879581451416016,False,1.0,0.3333333333333333,0.5,10,15
1324,GHC,10,1.5,3,100,1,0.03857612609863281,False,0.8333333333333334,0.3333333333333333,0.47619047619047616,11,16
1325,FCI,10,1.5,3,100,1,0.0031740665435791016,False,1.0,0.2,0.33333333333333337,12,15
1326,MIIC,10,1.5,3,100,2,0.002758026123046875,False,1.0,0.2,0.33333333333333337,12,14
1327,GHC,10,1.5,3,100,2,0.03472900390625,False,1.0,0.13333333333333333,0.23529411764705882,13,15
1328,FCI,10,1.5,3,100,2,0.0027151107788085938,False,1.0,0.2,0.33333333333333337,12,14
1329,MIIC,10,1.5,3,100,3,0.0032961368560791016,False,0.6666666666666666,0.13333333333333333,0.2222222222222222,14,16
1330,GHC,10,1.5,3,100,3,0.03483700752258301,False,0.5,0.06666666666666667,0.11764705882352941,15,16
1331,FCI,10,1.5,3,100,3,0.0037338733673095703,False,-1.0,-1.0,-1.0,-1,-1
1332,MIIC,10,1.5,3,100,4,0.004096031188964844,False,1.0,0.4,0.5714285714285715,9,14
1333,GHC,10,1.5,3,100,4,0.03771090507507324,False,1.0,0.3333333333333333,0.5,10,14
1334,FCI,10,1.5,3,100,4,0.0036830902099609375,False,-1.0,-1.0,-1.0,-1,-1
1335,MIIC,10,1.5,3,250,0,0.005671024322509766,False,0.8,0.5333333333333333,0.64,9,12
1336,GHC,10,1.5,3,250,0,0.04093313217163086,False,0.875,0.4666666666666667,0.608695652173913,9,10
1337,FCI,10,1.5,3,250,0,0.010135173797607422,False,1.0,0.26666666666666666,0.4210526315789474,11,13
1338,MIIC,10,1.5,3,250,1,0.0049839019775390625,False,1.0,0.6666666666666666,0.8,5,11
1339,GHC,10,1.5,3,250,1,0.04288887977600098,False,0.9,0.6,0.7200000000000001,7,10
1340,FCI,10,1.5,3,250,1,0.009751081466674805,False,1.0,0.13333333333333333,0.23529411764705882,13,15
1341,MIIC,10,1.5,3,250,2,0.0032019615173339844,False,1.0,0.2857142857142857,0.4444444444444445,10,14
1342,GHC,10,1.5,3,250,2,0.03857612609863281,False,0.7142857142857143,0.35714285714285715,0.4761904761904762,11,15
1343,FCI,10,1.5,3,250,2,0.004644870758056641,False,-1.0,-1.0,-1.0,-1,-1
1344,MIIC,10,1.5,3,250,3,0.004825115203857422,False,1.0,0.6428571428571429,0.782608695652174,5,9
1345,GHC,10,1.5,3,250,3,0.04267621040344238,False,1.0,0.7142857142857143,0.8333333333333333,4,5
1346,FCI,10,1.5,3,250,3,0.005017995834350586,False,-1.0,-1.0,-1.0,-1,-1
1347,MIIC,10,1.5,3,250,4,0.002936124801635742,False,0.6666666666666666,0.14285714285714285,0.23529411764705882,13,14
1348,GHC,10,1.5,3,250,4,0.03206896781921387,False,0.0,0.0,0.0,14,14
1349,FCI,10,1.5,3,250,4,0.0029048919677734375,False,-1.0,-1.0,-1.0,-1,-1
1350,MIIC,10,1.5,3,500,0,0.00535893440246582,False,0.875,0.4666666666666667,0.608695652173913,9,11
1351,GHC,10,1.5,3,500,0,0.04132795333862305,False,1.0,0.6,0.7499999999999999,6,10
1352,FCI,10,1.5,3,500,0,0.006685018539428711,False,-1.0,-1.0,-1.0,-1,-1
1353,MIIC,10,1.5,3,500,1,0.005804777145385742,False,1.0,0.6,0.7499999999999999,6,7
1354,GHC,10,1.5,3,500,1,0.048239946365356445,False,0.9090909090909091,0.6666666666666666,0.7692307692307692,6,11
1355,FCI,10,1.5,3,500,1,0.009952783584594727,False,-1.0,-1.0,-1.0,-1,-1
1356,MIIC,10,1.5,3,500,2,0.004598140716552734,False,1.0,0.4666666666666667,0.6363636363636364,8,11
1357,GHC,10,1.5,3,500,2,0.04294395446777344,False,1.0,0.5333333333333333,0.6956521739130436,7,9
1358,FCI,10,1.5,3,500,2,0.005919218063354492,False,-1.0,-1.0,-1.0,-1,-1
1359,MIIC,10,1.5,3,500,3,0.006134986877441406,False,1.0,0.7142857142857143,0.8333333333333333,4,7
1360,GHC,10,1.5,3,500,3,0.04293084144592285,False,1.0,0.7857142857142857,0.88,3,5
1361,FCI,10,1.5,3,500,3,0.015074014663696289,False,-1.0,-1.0,-1.0,-1,-1
1362,MIIC,10,1.5,3,500,4,0.005280017852783203,False,1.0,0.7142857142857143,0.8333333333333333,4,6
1363,GHC,10,1.5,3,500,4,0.04168701171875,False,1.0,0.7142857142857143,0.8333333333333333,4,6
1364,FCI,10,1.5,3,500,4,0.009797096252441406,False,-1.0,-1.0,-1.0,-1,-1
1365,MIIC,10,1.5,3,1000,0,0.0058879852294921875,False,1.0,0.6,0.7499999999999999,6,9
1366,GHC,10,1.5,3,1000,0,0.04102921485900879,False,1.0,0.6,0.7499999999999999,6,9
1367,FCI,10,1.5,3,1000,0,0.018767833709716797,False,-1.0,-1.0,-1.0,-1,-1
1368,MIIC,10,1.5,3,1000,1,0.005334138870239258,False,1.0,0.5333333333333333,0.6956521739130436,7,12
1369,GHC,10,1.5,3,1000,1,0.04328417778015137,False,1.0,0.7333333333333333,0.846153846153846,4,5
1370,FCI,10,1.5,3,1000,1,0.013308048248291016,False,-1.0,-1.0,-1.0,-1,-1
1371,MIIC,10,1.5,3,1000,2,0.007325887680053711,False,1.0,0.7857142857142857,0.88,3,9
1372,GHC,10,1.5,3,1000,2,0.04310202598571777,False,1.0,0.7857142857142857,0.88,3,6
1373,FCI,10,1.5,3,1000,2,0.020853042602539062,False,-1.0,-1.0,-1.0,-1,-1
1374,MIIC,10,1.5,3,1000,3,0.007596015930175781,False,1.0,0.6,0.7499999999999999,6,10
1375,GHC,10,1.5,3,1000,3,0.04462313652038574,False,1.0,0.7333333333333333,0.846153846153846,4,5
1376,FCI,10,1.5,3,1000,3,0.00980377197265625,False,-1.0,-1.0,-1.0,-1,-1
1377,MIIC,10,1.5,3,1000,4,0.007363796234130859,False,0.9090909090909091,0.8333333333333334,0.8695652173913043,3,3
1378,GHC,10,1.5,3,1000,4,0.04419279098510742,False,0.9090909090909091,0.8333333333333334,0.8695652173913043,3,10
1379,FCI,10,1.5,3,1000,4,0.012437105178833008,False,-1.0,-1.0,-1.0,-1,-1
1380,MIIC,10,1.5,4,100,0,0.002928018569946289,False,1.0,0.2,0.33333333333333337,12,14
1381,GHC,10,1.5,4,100,0,0.03539299964904785,False,1.0,0.2,0.33333333333333337,12,12
1382,FCI,10,1.5,4,100,0,0.003793001174926758,False,-1.0,-1.0,-1.0,-1,-1
1383,MIIC,10,1.5,4,100,1,0.0029420852661132812,False,1.0,0.3076923076923077,0.47058823529411764,9,10
1384,GHC,10,1.5,4,100,1,0.03693890571594238,False,1.0,0.3076923076923077,0.47058823529411764,9,10
1385,FCI,10,1.5,4,100,1,0.002856016159057617,False,-1.0,-1.0,-1.0,-1,-1
1386,MIIC,10,1.5,4,100,2,0.003201007843017578,False,1.0,0.2857142857142857,0.4444444444444445,10,13
1387,GHC,10,1.5,4,100,2,0.03593301773071289,False,1.0,0.14285714285714285,0.25,12,14
1388,FCI,10,1.5,4,100,2,0.0023496150970458984,False,-1.0,-1.0,-1.0,-1,-1
1389,MIIC,10,1.5,4,100,3,0.003300905227661133,False,1.0,0.2,0.33333333333333337,12,13
1390,GHC,10,1.5,4,100,3,0.037600040435791016,False,1.0,0.2,0.33333333333333337,12,13
1391,FCI,10,1.5,4,100,3,0.0020537376403808594,False,1.0,0.2,0.33333333333333337,12,13
1392,MIIC,10,1.5,4,100,4,0.002872943878173828,False,1.0,0.21428571428571427,0.35294117647058826,11,13
1393,GHC,10,1.5,4,100,4,0.038339853286743164,False,0.75,0.21428571428571427,0.3333333333333333,12,15
1394,FCI,10,1.5,4,100,4,0.003154277801513672,False,0.6666666666666666,0.14285714285714285,0.23529411764705882,13,15
1395,MIIC,10,1.5,4,250,0,0.003849029541015625,False,1.0,0.38461538461538464,0.5555555555555556,8,11
1396,GHC,10,1.5,4,250,0,0.037371158599853516,False,1.0,0.46153846153846156,0.631578947368421,7,8
1397,FCI,10,1.5,4,250,0,0.0034329891204833984,False,-1.0,-1.0,-1.0,-1,-1
1398,MIIC,10,1.5,4,250,1,0.0033338069915771484,False,1.0,0.26666666666666666,0.4210526315789474,11,11
1399,GHC,10,1.5,4,250,1,0.03580021858215332,False,1.0,0.26666666666666666,0.4210526315789474,11,11
1400,FCI,10,1.5,4,250,1,0.0028717517852783203,False,-1.0,-1.0,-1.0,-1,-1
1401,MIIC,10,1.5,4,250,2,0.004059791564941406,False,1.0,0.4666666666666667,0.6363636363636364,8,15
1402,GHC,10,1.5,4,250,2,0.03652000427246094,False,1.0,0.3333333333333333,0.5,10,15
1403,FCI,10,1.5,4,250,2,0.0038940906524658203,False,-1.0,-1.0,-1.0,-1,-1
1404,MIIC,10,1.5,4,250,3,0.0043871402740478516,False,1.0,0.6153846153846154,0.761904761904762,5,8
1405,GHC,10,1.5,4,250,3,0.03835320472717285,False,1.0,0.5384615384615384,0.7000000000000001,6,11
1406,FCI,10,1.5,4,250,3,0.003918170928955078,False,-1.0,-1.0,-1.0,-1,-1
1407,MIIC,10,1.5,4,250,4,0.003809213638305664,False,1.0,0.3333333333333333,0.5,10,13
1408,GHC,10,1.5,4,250,4,0.03670501708984375,False,1.0,0.3333333333333333,0.5,10,13
1409,FCI,10,1.5,4,250,4,0.0050449371337890625,False,-1.0,-1.0,-1.0,-1,-1
1410,MIIC,10,1.5,4,500,0,0.005507230758666992,False,1.0,0.6,0.7499999999999999,6,11
1411,GHC,10,1.5,4,500,0,0.03931403160095215,False,1.0,0.5333333333333333,0.6956521739130436,7,13
1412,FCI,10,1.5,4,500,0,0.006190061569213867,False,-1.0,-1.0,-1.0,-1,-1
1413,MIIC,10,1.5,4,500,1,0.005143165588378906,False,1.0,0.6,0.7499999999999999,6,7
1414,GHC,10,1.5,4,500,1,0.04341912269592285,False,1.0,0.6,0.7499999999999999,6,7
1415,FCI,10,1.5,4,500,1,0.007087230682373047,False,-1.0,-1.0,-1.0,-1,-1
1416,MIIC,10,1.5,4,500,2,0.004760026931762695,False,1.0,0.5333333333333333,0.6956521739130436,7,12
1417,GHC,10,1.5,4,500,2,0.04114103317260742,False,0.8888888888888888,0.5333333333333333,0.6666666666666667,8,10
1418,FCI,10,1.5,4,500,2,0.011600971221923828,False,-1.0,-1.0,-1.0,-1,-1
1419,MIIC,10,1.5,4,500,3,0.004936933517456055,False,1.0,0.6,0.7499999999999999,6,10
1420,GHC,10,1.5,4,500,3,0.04143404960632324,False,1.0,0.6,0.7499999999999999,6,8
1421,FCI,10,1.5,4,500,3,0.010618925094604492,False,-1.0,-1.0,-1.0,-1,-1
1422,MIIC,10,1.5,4,500,4,0.004908084869384766,False,1.0,0.5714285714285714,0.7272727272727273,6,9
1423,GHC,10,1.5,4,500,4,0.04177427291870117,False,0.9,0.6428571428571429,0.75,6,10
1424,FCI,10,1.5,4,500,4,0.007837057113647461,False,-1.0,-1.0,-1.0,-1,-1
1425,MIIC,10,1.5,4,1000,0,0.0058176517486572266,False,1.0,0.6153846153846154,0.761904761904762,5,8
1426,GHC,10,1.5,4,1000,0,0.04435396194458008,False,0.9,0.6923076923076923,0.7826086956521738,5,12
1427,FCI,10,1.5,4,1000,0,0.010652780532836914,False,-1.0,-1.0,-1.0,-1,-1
1428,MIIC,10,1.5,4,1000,1,0.006390094757080078,False,1.0,0.7142857142857143,0.8333333333333333,4,10
1429,GHC,10,1.5,4,1000,1,0.042890071868896484,False,1.0,0.5,0.6666666666666666,7,12
1430,FCI,10,1.5,4,1000,1,0.012048721313476562,False,-1.0,-1.0,-1.0,-1,-1
1431,MIIC,10,1.5,4,1000,2,0.005672931671142578,False,1.0,0.6,0.7499999999999999,6,10
1432,GHC,10,1.5,4,1000,2,0.04236102104187012,False,1.0,0.6666666666666666,0.8,5,8
1433,FCI,10,1.5,4,1000,2,0.017685890197753906,False,-1.0,-1.0,-1.0,-1,-1
1434,MIIC,10,1.5,4,1000,3,0.005748271942138672,False,1.0,0.7692307692307693,0.8695652173913044,3,6
1435,GHC,10,1.5,4,1000,3,0.044322967529296875,False,0.9230769230769231,0.9230769230769231,0.9230769230769231,2,4
1436,FCI,10,1.5,4,1000,3,0.015375852584838867,False,-1.0,-1.0,-1.0,-1,-1
1437,MIIC,10,1.5,4,1000,4,0.005891084671020508,False,1.0,0.6666666666666666,0.8,5,9
1438,GHC,10,1.5,4,1000,4,0.041578054428100586,False,1.0,0.6,0.7499999999999999,6,11
1439,FCI,10,1.5,4,1000,4,0.020591259002685547,False,-1.0,-1.0,-1.0,-1,-1
1440,MIIC,10,1.7,2,100,0,0.002979278564453125,False,0.75,0.17647058823529413,0.2857142857142857,15,17
1441,GHC,10,1.7,2,100,0,0.03587007522583008,False,1.0,0.17647058823529413,0.3,14,16
1442,FCI,10,1.7,2,100,0,0.0030410289764404297,False,-1.0,-1.0,-1.0,-1,-1
1443,MIIC,10,1.7,2,100,1,0.003787994384765625,False,0.7142857142857143,0.3125,0.43478260869565216,13,18
1444,GHC,10,1.7,2,100,1,0.04123806953430176,False,0.75,0.375,0.5,12,16
1445,FCI,10,1.7,2,100,1,0.003329038619995117,False,-1.0,-1.0,-1.0,-1,-1
1446,MIIC,10,1.7,2,100,2,0.004567623138427734,False,1.0,0.29411764705882354,0.45454545454545453,12,17
1447,GHC,10,1.7,2,100,2,0.04044699668884277,False,1.0,0.35294117647058826,0.5217391304347826,11,13
1448,FCI,10,1.7,2,100,2,0.004045009613037109,False,-1.0,-1.0,-1.0,-1,-1
1449,MIIC,10,1.7,2,100,3,0.003942251205444336,False,0.6666666666666666,0.2857142857142857,0.4,12,15
1450,GHC,10,1.7,2,100,3,0.03820919990539551,False,0.75,0.21428571428571427,0.3333333333333333,12,14
1451,FCI,10,1.7,2,100,3,0.0029959678649902344,False,-1.0,-1.0,-1.0,-1,-1
1452,MIIC,10,1.7,2,100,4,0.003195047378540039,False,1.0,0.2,0.33333333333333337,12,15
1453,GHC,10,1.7,2,100,4,0.03719282150268555,False,0.5,0.13333333333333333,0.2105263157894737,15,15
1454,FCI,10,1.7,2,100,4,0.0023801326751708984,False,-1.0,-1.0,-1.0,-1,-1
1455,MIIC,10,1.7,2,250,0,0.00594782829284668,False,1.0,0.5294117647058824,0.6923076923076924,8,12
1456,GHC,10,1.7,2,250,0,0.04165983200073242,False,0.9090909090909091,0.5882352941176471,0.7142857142857143,8,14
1457,FCI,10,1.7,2,250,0,0.0077440738677978516,False,-1.0,-1.0,-1.0,-1,-1
1458,MIIC,10,1.7,2,250,1,0.004647016525268555,False,1.0,0.5294117647058824,0.6923076923076924,8,14
1459,GHC,10,1.7,2,250,1,0.04067683219909668,False,1.0,0.5294117647058824,0.6923076923076924,8,11
1460,FCI,10,1.7,2,250,1,0.006788015365600586,False,-1.0,-1.0,-1.0,-1,-1
1461,MIIC,10,1.7,2,250,2,0.0046350955963134766,False,1.0,0.5625,0.72,7,11
1462,GHC,10,1.7,2,250,2,0.039880990982055664,False,1.0,0.5625,0.72,7,9
1463,FCI,10,1.7,2,250,2,0.009032011032104492,False,-1.0,-1.0,-1.0,-1,-1
1464,MIIC,10,1.7,2,250,3,0.0041010379791259766,False,1.0,0.4375,0.6086956521739131,9,16
1465,GHC,10,1.7,2,250,3,0.04299187660217285,False,0.75,0.5625,0.6428571428571429,10,17
1466,FCI,10,1.7,2,250,3,0.0064220428466796875,False,-1.0,-1.0,-1.0,-1,-1
1467,MIIC,10,1.7,2,250,4,0.004709959030151367,False,0.875,0.4666666666666667,0.608695652173913,9,10
1468,GHC,10,1.7,2,250,4,0.041423797607421875,False,0.875,0.4666666666666667,0.608695652173913,9,12
1469,FCI,10,1.7,2,250,4,0.008944034576416016,False,-1.0,-1.0,-1.0,-1,-1
1470,MIIC,10,1.7,2,500,0,0.005368947982788086,False,0.8,0.5,0.6153846153846154,10,13
1471,GHC,10,1.7,2,500,0,0.04497170448303223,False,0.8571428571428571,0.75,0.7999999999999999,6,9
1472,FCI,10,1.7,2,500,0,0.015285015106201172,False,0.6666666666666666,0.125,0.21052631578947367,15,16
1473,MIIC,10,1.7,2,500,1,0.0063381195068359375,False,0.8888888888888888,0.47058823529411764,0.6153846153846153,10,11
1474,GHC,10,1.7,2,500,1,0.04085111618041992,False,0.8,0.47058823529411764,0.5925925925925927,11,12
1475,FCI,10,1.7,2,500,1,0.00557708740234375,False,-1.0,-1.0,-1.0,-1,-1
1476,MIIC,10,1.7,2,500,2,0.004686117172241211,False,1.0,0.4117647058823529,0.5833333333333334,10,15
1477,GHC,10,1.7,2,500,2,0.041290998458862305,False,1.0,0.5294117647058824,0.6923076923076924,8,13
1478,FCI,10,1.7,2,500,2,0.006181240081787109,False,-1.0,-1.0,-1.0,-1,-1
1479,MIIC,10,1.7,2,500,3,0.00503993034362793,False,1.0,0.4666666666666667,0.6363636363636364,8,12
1480,GHC,10,1.7,2,500,3,0.043869972229003906,False,0.8181818181818182,0.6,0.6923076923076923,8,13
1481,FCI,10,1.7,2,500,3,0.008303165435791016,False,-1.0,-1.0,-1.0,-1,-1
1482,MIIC,10,1.7,2,500,4,0.004796743392944336,False,1.0,0.47058823529411764,0.6399999999999999,9,15
1483,GHC,10,1.7,2,500,4,0.04146909713745117,False,1.0,0.5882352941176471,0.7407407407407407,7,11
1484,FCI,10,1.7,2,500,4,0.009583711624145508,False,-1.0,-1.0,-1.0,-1,-1
1485,MIIC,10,1.7,2,1000,0,0.00780797004699707,False,1.0,0.5625,0.72,7,11
1486,GHC,10,1.7,2,1000,0,0.04355502128601074,False,1.0,0.75,0.8571428571428571,4,5
1487,FCI,10,1.7,2,1000,0,0.020341873168945312,False,-1.0,-1.0,-1.0,-1,-1
1488,MIIC,10,1.7,2,1000,1,0.007581233978271484,False,0.9166666666666666,0.6470588235294118,0.7586206896551724,7,10
1489,GHC,10,1.7,2,1000,1,0.04419994354248047,False,0.9230769230769231,0.7058823529411765,0.8000000000000002,6,9
1490,FCI,10,1.7,2,1000,1,0.052487850189208984,False,-1.0,-1.0,-1.0,-1,-1
1491,MIIC,10,1.7,2,1000,2,0.0070040225982666016,False,1.0,0.7058823529411765,0.8275862068965517,5,10
1492,GHC,10,1.7,2,1000,2,0.048789024353027344,False,0.9333333333333333,0.8235294117647058,0.8749999999999999,4,8
1493,FCI,10,1.7,2,1000,2,0.01902008056640625,False,-1.0,-1.0,-1.0,-1,-1
1494,MIIC,10,1.7,2,1000,3,0.006438016891479492,False,1.0,0.5882352941176471,0.7407407407407407,7,15
1495,GHC,10,1.7,2,1000,3,0.04515981674194336,False,1.0,0.7647058823529411,0.8666666666666666,4,6
1496,FCI,10,1.7,2,1000,3,0.02032184600830078,False,-1.0,-1.0,-1.0,-1,-1
1497,MIIC,10,1.7,2,1000,4,0.005018949508666992,False,1.0,0.47058823529411764,0.6399999999999999,9,14
1498,GHC,10,1.7,2,1000,4,0.04335808753967285,False,0.9,0.5294117647058824,0.6666666666666667,9,16
1499,FCI,10,1.7,2,1000,4,0.009765148162841797,False,-1.0,-1.0,-1.0,-1,-1
1500,MIIC,10,1.7,3,100,0,0.002955913543701172,False,0.6666666666666666,0.11764705882352941,0.2,16,18
1501,GHC,10,1.7,3,100,0,0.040023088455200195,False,0.6666666666666666,0.23529411764705882,0.3478260869565218,15,18
1502,FCI,10,1.7,3,100,0,0.003178119659423828,False,-1.0,-1.0,-1.0,-1,-1
1503,MIIC,10,1.7,3,100,1,0.0036008358001708984,False,0.8333333333333334,0.4166666666666667,0.5555555555555556,8,11
1504,GHC,10,1.7,3,100,1,0.03656196594238281,False,1.0,0.3333333333333333,0.5,8,10
1505,FCI,10,1.7,3,100,1,0.002504110336303711,False,-1.0,-1.0,-1.0,-1,-1
1506,MIIC,10,1.7,3,100,2,0.003159046173095703,False,1.0,0.29411764705882354,0.45454545454545453,12,16
1507,GHC,10,1.7,3,100,2,0.036618947982788086,False,1.0,0.23529411764705882,0.38095238095238093,13,16
1508,FCI,10,1.7,3,100,2,0.0030188560485839844,False,-1.0,-1.0,-1.0,-1,-1
1509,MIIC,10,1.7,3,100,3,0.002949953079223633,False,1.0,0.06666666666666667,0.125,14,14
1510,GHC,10,1.7,3,100,3,0.035275936126708984,False,1.0,0.13333333333333333,0.23529411764705882,13,15
1511,FCI,10,1.7,3,100,3,0.0036530494689941406,False,-1.0,-1.0,-1.0,-1,-1
1512,MIIC,10,1.7,3,100,4,0.004757881164550781,False,1.0,0.5625,0.72,7,9
1513,GHC,10,1.7,3,100,4,0.043874263763427734,False,0.9,0.5625,0.6923076923076923,8,10
1514,FCI,10,1.7,3,100,4,0.003496885299682617,False,-1.0,-1.0,-1.0,-1,-1
1515,MIIC,10,1.7,3,250,0,0.0041217803955078125,False,0.8571428571428571,0.375,0.5217391304347825,11,17
1516,GHC,10,1.7,3,250,0,0.03661680221557617,False,0.8,0.25,0.38095238095238093,13,17
1517,FCI,10,1.7,3,250,0,0.006146669387817383,False,-1.0,-1.0,-1.0,-1,-1
1518,MIIC,10,1.7,3,250,1,0.005071163177490234,False,1.0,0.5294117647058824,0.6923076923076924,8,13
1519,GHC,10,1.7,3,250,1,0.039771080017089844,False,1.0,0.47058823529411764,0.6399999999999999,9,12
1520,FCI,10,1.7,3,250,1,0.006169795989990234,False,-1.0,-1.0,-1.0,-1,-1
1521,MIIC,10,1.7,3,250,2,0.004252910614013672,False,1.0,0.375,0.5454545454545454,10,12
1522,GHC,10,1.7,3,250,2,0.04034614562988281,False,1.0,0.5,0.6666666666666666,8,9
1523,FCI,10,1.7,3,250,2,0.004921913146972656,False,-1.0,-1.0,-1.0,-1,-1
1524,MIIC,10,1.7,3,250,3,0.004430055618286133,False,1.0,0.4375,0.6086956521739131,9,11
1525,GHC,10,1.7,3,250,3,0.03737306594848633,False,1.0,0.3125,0.47619047619047616,11,11
1526,FCI,10,1.7,3,250,3,0.006627082824707031,False,1.0,0.25,0.4,12,15
1527,MIIC,10,1.7,3,250,4,0.0032482147216796875,False,1.0,0.25,0.4,12,14
1528,GHC,10,1.7,3,250,4,0.037461042404174805,False,0.8,0.25,0.38095238095238093,13,15
1529,FCI,10,1.7,3,250,4,0.0028579235076904297,False,-1.0,-1.0,-1.0,-1,-1
1530,MIIC,10,1.7,3,500,0,0.005229949951171875,False,1.0,0.6666666666666666,0.8,5,12
1531,GHC,10,1.7,3,500,0,0.0477750301361084,False,1.0,0.7333333333333333,0.846153846153846,4,9
1532,FCI,10,1.7,3,500,0,0.010724782943725586,False,-1.0,-1.0,-1.0,-1,-1
1533,MIIC,10,1.7,3,500,1,0.0048639774322509766,False,1.0,0.5625,0.72,7,10
1534,GHC,10,1.7,3,500,1,0.04226183891296387,False,1.0,0.625,0.7692307692307693,6,9
1535,FCI,10,1.7,3,500,1,0.00923609733581543,False,-1.0,-1.0,-1.0,-1,-1
1536,MIIC,10,1.7,3,500,2,0.006370067596435547,False,1.0,0.6,0.7499999999999999,6,10
1537,GHC,10,1.7,3,500,2,0.044618844985961914,False,1.0,0.8,0.888888888888889,3,4
1538,FCI,10,1.7,3,500,2,0.010109901428222656,False,-1.0,-1.0,-1.0,-1,-1
1539,MIIC,10,1.7,3,500,3,0.005186796188354492,False,1.0,0.6,0.7499999999999999,6,9
1540,GHC,10,1.7,3,500,3,0.03916788101196289,False,0.8571428571428571,0.4,0.5454545454545455,10,15
1541,FCI,10,1.7,3,500,3,0.005285978317260742,False,-1.0,-1.0,-1.0,-1,-1
1542,MIIC,10,1.7,3,500,4,0.0056760311126708984,False,1.0,0.625,0.7692307692307693,6,8
1543,GHC,10,1.7,3,500,4,0.04420924186706543,False,0.9090909090909091,0.625,0.7407407407407406,7,14
1544,FCI,10,1.7,3,500,4,0.006868839263916016,False,-1.0,-1.0,-1.0,-1,-1
1545,MIIC,10,1.7,3,1000,0,0.005625247955322266,False,1.0,0.47058823529411764,0.6399999999999999,9,14
1546,GHC,10,1.7,3,1000,0,0.043154001235961914,False,0.9,0.5294117647058824,0.6666666666666667,9,12
1547,FCI,10,1.7,3,1000,0,0.00751805305480957,False,-1.0,-1.0,-1.0,-1,-1
1548,MIIC,10,1.7,3,1000,1,0.005263090133666992,False,1.0,0.47058823529411764,0.6399999999999999,9,12
1549,GHC,10,1.7,3,1000,1,0.04360699653625488,False,0.8181818181818182,0.5294117647058824,0.6428571428571428,10,13
1550,FCI,10,1.7,3,1000,1,0.01267099380493164,False,-1.0,-1.0,-1.0,-1,-1
1551,MIIC,10,1.7,3,1000,2,0.007102012634277344,False,0.9230769230769231,0.75,0.8275862068965517,5,13
1552,GHC,10,1.7,3,1000,2,0.04613018035888672,False,1.0,0.8125,0.896551724137931,3,8
1553,FCI,10,1.7,3,1000,2,0.02434515953063965,False,-1.0,-1.0,-1.0,-1,-1
1554,MIIC,10,1.7,3,1000,3,0.0076220035552978516,False,1.0,0.7058823529411765,0.8275862068965517,5,12
1555,GHC,10,1.7,3,1000,3,0.05059313774108887,False,1.0,0.8235294117647058,0.9032258064516129,3,7
1556,FCI,10,1.7,3,1000,3,0.04189109802246094,False,-1.0,-1.0,-1.0,-1,-1
1557,MIIC,10,1.7,3,1000,4,0.009856939315795898,False,1.0,0.8235294117647058,0.9032258064516129,3,9
1558,GHC,10,1.7,3,1000,4,0.04713296890258789,False,0.9333333333333333,0.8235294117647058,0.8749999999999999,4,5
1559,FCI,10,1.7,3,1000,4,0.037180185317993164,False,-1.0,-1.0,-1.0,-1,-1
1560,MIIC,10,1.7,4,100,0,0.0032110214233398438,False,1.0,0.25,0.4,12,13
1561,GHC,10,1.7,4,100,0,0.03735804557800293,False,1.0,0.25,0.4,12,13
1562,FCI,10,1.7,4,100,0,0.0037889480590820312,False,-1.0,-1.0,-1.0,-1,-1
1563,MIIC,10,1.7,4,100,1,0.0030736923217773438,False,1.0,0.23529411764705882,0.38095238095238093,13,14
1564,GHC,10,1.7,4,100,1,0.03788328170776367,False,1.0,0.29411764705882354,0.45454545454545453,12,12
1565,FCI,10,1.7,4,100,1,0.0026979446411132812,False,-1.0,-1.0,-1.0,-1,-1
1566,MIIC,10,1.7,4,100,2,0.0035436153411865234,False,1.0,0.23529411764705882,0.38095238095238093,13,16
1567,GHC,10,1.7,4,100,2,0.03618311882019043,False,1.0,0.17647058823529413,0.3,14,17
1568,FCI,10,1.7,4,100,2,0.0033168792724609375,False,-1.0,-1.0,-1.0,-1,-1
1569,MIIC,10,1.7,4,100,3,0.00360870361328125,False,0.8333333333333334,0.29411764705882354,0.4347826086956522,13,15
1570,GHC,10,1.7,4,100,3,0.03886914253234863,False,0.8,0.23529411764705882,0.3636363636363636,14,16
1571,FCI,10,1.7,4,100,3,0.003690004348754883,False,-1.0,-1.0,-1.0,-1,-1
1572,MIIC,10,1.7,4,100,4,0.002972126007080078,False,1.0,0.25,0.4,9,10
1573,GHC,10,1.7,4,100,4,0.034841060638427734,False,1.0,0.16666666666666666,0.2857142857142857,10,10
1574,FCI,10,1.7,4,100,4,0.0030579566955566406,False,-1.0,-1.0,-1.0,-1,-1
1575,MIIC,10,1.7,4,250,0,0.0032248497009277344,False,1.0,0.25,0.4,12,14
1576,GHC,10,1.7,4,250,0,0.036219120025634766,False,1.0,0.1875,0.3157894736842105,13,14
1577,FCI,10,1.7,4,250,0,0.0028579235076904297,False,-1.0,-1.0,-1.0,-1,-1
1578,MIIC,10,1.7,4,250,1,0.0032269954681396484,False,1.0,0.23529411764705882,0.38095238095238093,13,15
1579,GHC,10,1.7,4,250,1,0.035817861557006836,False,1.0,0.23529411764705882,0.38095238095238093,13,15
1580,FCI,10,1.7,4,250,1,0.0028219223022460938,False,-1.0,-1.0,-1.0,-1,-1
1581,MIIC,10,1.7,4,250,2,0.004507303237915039,False,1.0,0.6153846153846154,0.761904761904762,5,12
1582,GHC,10,1.7,4,250,2,0.03903818130493164,False,1.0,0.46153846153846156,0.631578947368421,7,12
1583,FCI,10,1.7,4,250,2,0.004801034927368164,False,-1.0,-1.0,-1.0,-1,-1
1584,MIIC,10,1.7,4,250,3,0.0035598278045654297,False,1.0,0.29411764705882354,0.45454545454545453,12,17
1585,GHC,10,1.7,4,250,3,0.03731894493103027,False,1.0,0.35294117647058826,0.5217391304347826,11,15
1586,FCI,10,1.7,4,250,3,0.003690958023071289,False,-1.0,-1.0,-1.0,-1,-1
1587,MIIC,10,1.7,4,250,4,0.0048828125,False,0.875,0.4117647058823529,0.56,11,13
1588,GHC,10,1.7,4,250,4,0.03888511657714844,False,1.0,0.4117647058823529,0.5833333333333334,10,13
1589,FCI,10,1.7,4,250,4,0.005048036575317383,False,-1.0,-1.0,-1.0,-1,-1
1590,MIIC,10,1.7,4,500,0,0.003072977066040039,False,1.0,0.21428571428571427,0.35294117647058826,11,13
1591,GHC,10,1.7,4,500,0,0.03655099868774414,False,1.0,0.35714285714285715,0.5263157894736842,9,11
1592,FCI,10,1.7,4,500,0,0.0033118724822998047,False,-1.0,-1.0,-1.0,-1,-1
1593,MIIC,10,1.7,4,500,1,0.004729032516479492,False,1.0,0.4117647058823529,0.5833333333333334,10,16
1594,GHC,10,1.7,4,500,1,0.04177999496459961,False,1.0,0.4117647058823529,0.5833333333333334,10,16
1595,FCI,10,1.7,4,500,1,0.008025884628295898,False,-1.0,-1.0,-1.0,-1,-1
1596,MIIC,10,1.7,4,500,2,0.0036008358001708984,False,1.0,0.23529411764705882,0.38095238095238093,13,17
1597,GHC,10,1.7,4,500,2,0.03693103790283203,False,1.0,0.29411764705882354,0.45454545454545453,12,13
1598,FCI,10,1.7,4,500,2,0.0049037933349609375,False,-1.0,-1.0,-1.0,-1,-1
1599,MIIC,10,1.7,4,500,3,0.0035009384155273438,False,1.0,0.25,0.4,12,15
1600,GHC,10,1.7,4,500,3,0.03768491744995117,False,0.75,0.1875,0.3,14,16
1601,FCI,10,1.7,4,500,3,0.005461931228637695,False,-1.0,-1.0,-1.0,-1,-1
1602,MIIC,10,1.7,4,500,4,0.004030942916870117,False,1.0,0.4117647058823529,0.5833333333333334,10,16
1603,GHC,10,1.7,4,500,4,0.03739500045776367,False,0.8333333333333334,0.29411764705882354,0.4347826086956522,13,17
1604,FCI,10,1.7,4,500,4,0.005281925201416016,False,-1.0,-1.0,-1.0,-1,-1
1605,MIIC,10,1.7,4,1000,0,0.007752895355224609,False,1.0,0.7647058823529411,0.8666666666666666,4,5
1606,GHC,10,1.7,4,1000,0,0.046672821044921875,False,1.0,0.7058823529411765,0.8275862068965517,5,6
1607,FCI,10,1.7,4,1000,0,0.019600868225097656,False,-1.0,-1.0,-1.0,-1,-1
1608,MIIC,10,1.7,4,1000,1,0.0060329437255859375,False,1.0,0.7142857142857143,0.8333333333333333,4,6
1609,GHC,10,1.7,4,1000,1,0.0414278507232666,False,1.0,0.5714285714285714,0.7272727272727273,6,9
1610,FCI,10,1.7,4,1000,1,0.016003847122192383,False,-1.0,-1.0,-1.0,-1,-1
1611,MIIC,10,1.7,4,1000,2,0.005821943283081055,False,1.0,0.7142857142857143,0.8333333333333333,4,9
1612,GHC,10,1.7,4,1000,2,0.04225277900695801,False,1.0,0.5714285714285714,0.7272727272727273,6,12
1613,FCI,10,1.7,4,1000,2,0.012696027755737305,False,-1.0,-1.0,-1.0,-1,-1
1614,MIIC,10,1.7,4,1000,3,0.0056226253509521484,False,1.0,0.5294117647058824,0.6923076923076924,8,12
1615,GHC,10,1.7,4,1000,3,0.04501914978027344,False,1.0,0.5294117647058824,0.6923076923076924,8,12
1616,FCI,10,1.7,4,1000,3,0.013363122940063477,False,-1.0,-1.0,-1.0,-1,-1
1617,MIIC,10,1.7,4,1000,4,0.008955955505371094,False,1.0,0.8235294117647058,0.9032258064516129,3,4
1618,GHC,10,1.7,4,1000,4,0.04445004463195801,False,1.0,0.7647058823529411,0.8666666666666666,4,5
1619,FCI,10,1.7,4,1000,4,0.027593135833740234,False,-1.0,-1.0,-1.0,-1,-1
1620,MIIC,10,1.9,2,100,0,0.006159067153930664,False,0.7777777777777778,0.4117647058823529,0.5384615384615384,12,17
1621,GHC,10,1.9,2,100,0,0.044513702392578125,False,0.9090909090909091,0.5882352941176471,0.7142857142857143,8,16
1622,FCI,10,1.9,2,100,0,0.006921052932739258,False,-1.0,-1.0,-1.0,-1,-1
1623,MIIC,10,1.9,2,100,1,0.004667758941650391,False,1.0,0.3684210526315789,0.5384615384615384,12,13
1624,GHC,10,1.9,2,100,1,0.0420529842376709,False,0.875,0.3684210526315789,0.5185185185185185,13,13
1625,FCI,10,1.9,2,100,1,0.0044116973876953125,False,-1.0,-1.0,-1.0,-1,-1
1626,MIIC,10,1.9,2,100,2,0.0028510093688964844,False,1.0,0.11764705882352941,0.21052631578947367,15,15
1627,GHC,10,1.9,2,100,2,0.03332805633544922,False,1.0,0.058823529411764705,0.1111111111111111,16,17
1628,FCI,10,1.9,2,100,2,0.002332925796508789,False,-1.0,-1.0,-1.0,-1,-1
1629,MIIC,10,1.9,2,100,3,0.0046539306640625,False,0.8888888888888888,0.42105263157894735,0.5714285714285714,12,15
1630,GHC,10,1.9,2,100,3,0.04297995567321777,False,0.8888888888888888,0.42105263157894735,0.5714285714285714,12,15
1631,FCI,10,1.9,2,100,3,0.004073381423950195,False,-1.0,-1.0,-1.0,-1,-1
1632,MIIC,10,1.9,2,100,4,0.004431247711181641,False,0.8888888888888888,0.47058823529411764,0.6153846153846153,10,11
1633,GHC,10,1.9,2,100,4,0.044027090072631836,False,0.9,0.5294117647058824,0.6666666666666667,9,15
1634,FCI,10,1.9,2,100,4,0.0039789676666259766,False,-1.0,-1.0,-1.0,-1,-1
1635,MIIC,10,1.9,2,250,0,0.004105091094970703,False,0.8,0.26666666666666666,0.4,12,15
1636,GHC,10,1.9,2,250,0,0.04061722755432129,False,0.8,0.5333333333333333,0.64,9,14
1637,FCI,10,1.9,2,250,0,0.004333972930908203,False,-1.0,-1.0,-1.0,-1,-1
1638,MIIC,10,1.9,2,250,1,0.004657745361328125,False,0.8571428571428571,0.3333333333333333,0.48,13,17
1639,GHC,10,1.9,2,250,1,0.0399470329284668,False,1.0,0.4444444444444444,0.6153846153846153,10,13
1640,FCI,10,1.9,2,250,1,0.0034151077270507812,False,-1.0,-1.0,-1.0,-1,-1
1641,MIIC,10,1.9,2,250,2,0.0032672882080078125,False,0.75,0.21428571428571427,0.3333333333333333,12,13
1642,GHC,10,1.9,2,250,2,0.0366971492767334,False,0.75,0.21428571428571427,0.3333333333333333,12,13
1643,FCI,10,1.9,2,250,2,0.002630949020385742,False,-1.0,-1.0,-1.0,-1,-1
1644,MIIC,10,1.9,2,250,3,0.003919124603271484,False,1.0,0.3333333333333333,0.5,12,16
1645,GHC,10,1.9,2,250,3,0.037964820861816406,False,1.0,0.3888888888888889,0.56,11,16
1646,FCI,10,1.9,2,250,3,0.004239082336425781,False,1.0,0.16666666666666666,0.2857142857142857,15,17
1647,MIIC,10,1.9,2,250,4,0.0057489871978759766,False,0.8,0.42105263157894735,0.5517241379310345,13,18
1648,GHC,10,1.9,2,250,4,0.04169416427612305,False,0.9166666666666666,0.5789473684210527,0.7096774193548387,9,12
1649,FCI,10,1.9,2,250,4,0.004520893096923828,False,-1.0,-1.0,-1.0,-1,-1
1650,MIIC,10,1.9,2,500,0,0.00662994384765625,False,1.0,0.5789473684210527,0.7333333333333334,8,14
1651,GHC,10,1.9,2,500,0,0.044583797454833984,False,0.9285714285714286,0.6842105263157895,0.7878787878787878,7,12
1652,FCI,10,1.9,2,500,0,0.027124881744384766,False,-1.0,-1.0,-1.0,-1,-1
1653,MIIC,10,1.9,2,500,1,0.004865169525146484,False,1.0,0.47058823529411764,0.6399999999999999,9,14
1654,GHC,10,1.9,2,500,1,0.04513406753540039,False,0.8333333333333334,0.5882352941176471,0.6896551724137931,9,14
1655,FCI,10,1.9,2,500,1,0.0069789886474609375,False,-1.0,-1.0,-1.0,-1,-1
1656,MIIC,10,1.9,2,500,2,0.0061528682708740234,False,1.0,0.5,0.6666666666666666,9,14
1657,GHC,10,1.9,2,500,2,0.044821977615356445,False,0.8333333333333334,0.5555555555555556,0.6666666666666667,10,17
1658,FCI,10,1.9,2,500,2,0.010696172714233398,False,-1.0,-1.0,-1.0,-1,-1
1659,MIIC,10,1.9,2,500,3,0.006489753723144531,False,0.9090909090909091,0.5263157894736842,0.6666666666666666,10,16
1660,GHC,10,1.9,2,500,3,0.04444599151611328,False,1.0,0.631578947368421,0.7741935483870968,7,14
1661,FCI,10,1.9,2,500,3,0.01642322540283203,False,-1.0,-1.0,-1.0,-1,-1
1662,MIIC,10,1.9,2,500,4,0.006537914276123047,False,0.9090909090909091,0.5263157894736842,0.6666666666666666,10,13
1663,GHC,10,1.9,2,500,4,0.04387712478637695,False,0.6666666666666666,0.5263157894736842,0.5882352941176471,14,22
1664,FCI,10,1.9,2,500,4,0.01650094985961914,False,-1.0,-1.0,-1.0,-1,-1
1665,MIIC,10,1.9,2,1000,0,0.008400201797485352,False,1.0,0.631578947368421,0.7741935483870968,7,12
1666,GHC,10,1.9,2,1000,0,0.05081796646118164,False,0.8235294117647058,0.7368421052631579,0.7777777777777778,8,19
1667,FCI,10,1.9,2,1000,0,0.07216191291809082,False,-1.0,-1.0,-1.0,-1,-1
1668,MIIC,10,1.9,2,1000,1,0.007513999938964844,False,1.0,0.631578947368421,0.7741935483870968,7,10
1669,GHC,10,1.9,2,1000,1,0.04683804512023926,False,0.9285714285714286,0.6842105263157895,0.7878787878787878,7,12
1670,FCI,10,1.9,2,1000,1,0.043302059173583984,False,-1.0,-1.0,-1.0,-1,-1
1671,MIIC,10,1.9,2,1000,2,0.005422830581665039,False,0.8888888888888888,0.5714285714285714,0.6956521739130435,7,8
1672,GHC,10,1.9,2,1000,2,0.046655893325805664,False,0.8,0.5714285714285714,0.6666666666666666,8,10
1673,FCI,10,1.9,2,1000,2,0.019565105438232422,False,-1.0,-1.0,-1.0,-1,-1
1674,MIIC,10,1.9,2,1000,3,0.007915973663330078,False,1.0,0.7058823529411765,0.8275862068965517,5,8
1675,GHC,10,1.9,2,1000,3,0.04673576354980469,False,0.8,0.7058823529411765,0.7500000000000001,8,19
1676,FCI,10,1.9,2,1000,3,0.036653995513916016,False,-1.0,-1.0,-1.0,-1,-1
1677,MIIC,10,1.9,2,1000,4,0.008126258850097656,False,1.0,0.6470588235294118,0.7857142857142858,6,13
1678,GHC,10,1.9,2,1000,4,0.05029797554016113,False,1.0,0.8823529411764706,0.9375,2,5
1679,FCI,10,1.9,2,1000,4,0.052786827087402344,False,-1.0,-1.0,-1.0,-1,-1
1680,MIIC,10,1.9,3,100,0,0.004454851150512695,False,0.875,0.3684210526315789,0.5185185185185185,13,17
1681,GHC,10,1.9,3,100,0,0.039700984954833984,False,0.8571428571428571,0.3157894736842105,0.46153846153846156,14,17
1682,FCI,10,1.9,3,100,0,0.004170894622802734,False,-1.0,-1.0,-1.0,-1,-1
1683,MIIC,10,1.9,3,100,1,0.003511190414428711,False,1.0,0.17647058823529413,0.3,14,15
1684,GHC,10,1.9,3,100,1,0.0419309139251709,False,1.0,0.23529411764705882,0.38095238095238093,13,13
1685,FCI,10,1.9,3,100,1,0.00380706787109375,False,-1.0,-1.0,-1.0,-1,-1
1686,MIIC,10,1.9,3,100,2,0.005361795425415039,False,0.7,0.3684210526315789,0.48275862068965514,15,19
1687,GHC,10,1.9,3,100,2,0.04108905792236328,False,0.7777777777777778,0.3684210526315789,0.5,14,18
1688,FCI,10,1.9,3,100,2,0.0038368701934814453,False,-1.0,-1.0,-1.0,-1,-1
1689,MIIC,10,1.9,3,100,3,0.0032930374145507812,False,1.0,0.26666666666666666,0.4210526315789474,11,15
1690,GHC,10,1.9,3,100,3,0.03557610511779785,False,1.0,0.2,0.33333333333333337,12,15
1691,FCI,10,1.9,3,100,3,0.004783153533935547,False,-1.0,-1.0,-1.0,-1,-1
1692,MIIC,10,1.9,3,100,4,0.003453969955444336,False,1.0,0.4,0.5714285714285715,9,14
1693,GHC,10,1.9,3,100,4,0.03599882125854492,False,1.0,0.2,0.33333333333333337,12,14
1694,FCI,10,1.9,3,100,4,0.003902912139892578,False,-1.0,-1.0,-1.0,-1,-1
1695,MIIC,10,1.9,3,250,0,0.004834890365600586,False,0.8888888888888888,0.42105263157894735,0.5714285714285714,12,16
1696,GHC,10,1.9,3,250,0,0.043572187423706055,False,0.8,0.42105263157894735,0.5517241379310345,13,17
1697,FCI,10,1.9,3,250,0,0.0038709640502929688,False,1.0,0.21052631578947367,0.34782608695652173,15,19
1698,MIIC,10,1.9,3,250,1,0.0034627914428710938,False,1.0,0.2777777777777778,0.4347826086956522,13,15
1699,GHC,10,1.9,3,250,1,0.034802913665771484,False,1.0,0.1111111111111111,0.19999999999999998,16,16
1700,FCI,10,1.9,3,250,1,0.004027843475341797,False,-1.0,-1.0,-1.0,-1,-1
1701,MIIC,10,1.9,3,250,2,0.004792928695678711,False,1.0,0.3684210526315789,0.5384615384615384,12,14
1702,GHC,10,1.9,3,250,2,0.03834700584411621,False,1.0,0.3684210526315789,0.5384615384615384,12,16
1703,FCI,10,1.9,3,250,2,0.005340099334716797,False,-1.0,-1.0,-1.0,-1,-1
1704,MIIC,10,1.9,3,250,3,0.0048427581787109375,False,0.8888888888888888,0.42105263157894735,0.5714285714285714,12,14
1705,GHC,10,1.9,3,250,3,0.040283918380737305,False,0.875,0.3684210526315789,0.5185185185185185,13,20
1706,FCI,10,1.9,3,250,3,0.0057489871978759766,False,-1.0,-1.0,-1.0,-1,-1
1707,MIIC,10,1.9,3,250,4,0.0034630298614501953,False,1.0,0.2777777777777778,0.4347826086956522,13,17
1708,GHC,10,1.9,3,250,4,0.037966012954711914,False,1.0,0.2777777777777778,0.4347826086956522,13,17
1709,FCI,10,1.9,3,250,4,0.0035881996154785156,False,-1.0,-1.0,-1.0,-1,-1
1710,MIIC,10,1.9,3,500,0,0.004602193832397461,False,1.0,0.4444444444444444,0.6153846153846153,10,15
1711,GHC,10,1.9,3,500,0,0.04025530815124512,False,1.0,0.5,0.6666666666666666,9,11
1712,FCI,10,1.9,3,500,0,0.00911402702331543,False,-1.0,-1.0,-1.0,-1,-1
1713,MIIC,10,1.9,3,500,1,0.0053560733795166016,False,1.0,0.5,0.6666666666666666,9,13
1714,GHC,10,1.9,3,500,1,0.04050779342651367,False,1.0,0.4444444444444444,0.6153846153846153,10,15
1715,FCI,10,1.9,3,500,1,0.012189865112304688,False,-1.0,-1.0,-1.0,-1,-1
1716,MIIC,10,1.9,3,500,2,0.004703044891357422,False,1.0,0.4444444444444444,0.6153846153846153,10,15
1717,GHC,10,1.9,3,500,2,0.03664207458496094,False,1.0,0.2777777777777778,0.4347826086956522,13,15
1718,FCI,10,1.9,3,500,2,0.006597995758056641,False,-1.0,-1.0,-1.0,-1,-1
1719,MIIC,10,1.9,3,500,3,0.005330801010131836,False,1.0,0.5294117647058824,0.6923076923076924,8,13
1720,GHC,10,1.9,3,500,3,0.04222583770751953,False,1.0,0.5294117647058824,0.6923076923076924,8,13
1721,FCI,10,1.9,3,500,3,0.008907079696655273,False,-1.0,-1.0,-1.0,-1,-1
1722,MIIC,10,1.9,3,500,4,0.004578113555908203,False,1.0,0.5333333333333333,0.6956521739130436,7,12
1723,GHC,10,1.9,3,500,4,0.040010929107666016,False,1.0,0.6,0.7499999999999999,6,11
1724,FCI,10,1.9,3,500,4,0.008543968200683594,False,-1.0,-1.0,-1.0,-1,-1
1725,MIIC,10,1.9,3,1000,0,0.008939027786254883,False,1.0,0.8888888888888888,0.9411764705882353,2,2
1726,GHC,10,1.9,3,1000,0,0.045404911041259766,False,0.9333333333333333,0.7777777777777778,0.8484848484848485,5,12
1727,FCI,10,1.9,3,1000,0,0.027386903762817383,False,-1.0,-1.0,-1.0,-1,-1
1728,MIIC,10,1.9,3,1000,1,0.008710145950317383,False,0.9285714285714286,0.6842105263157895,0.7878787878787878,7,9
1729,GHC,10,1.9,3,1000,1,0.04313206672668457,False,0.9230769230769231,0.631578947368421,0.7499999999999999,8,14
1730,FCI,10,1.9,3,1000,1,0.031889915466308594,False,-1.0,-1.0,-1.0,-1,-1
1731,MIIC,10,1.9,3,1000,2,0.00860595703125,False,1.0,0.7777777777777778,0.8750000000000001,4,18
1732,GHC,10,1.9,3,1000,2,0.04539775848388672,False,1.0,0.7222222222222222,0.8387096774193548,5,8
1733,FCI,10,1.9,3,1000,2,0.02740192413330078,False,-1.0,-1.0,-1.0,-1,-1
1734,MIIC,10,1.9,3,1000,3,0.006177186965942383,False,1.0,0.5263157894736842,0.6896551724137931,9,15
1735,GHC,10,1.9,3,1000,3,0.044325828552246094,False,0.9166666666666666,0.5789473684210527,0.7096774193548387,9,12
1736,FCI,10,1.9,3,1000,3,0.01332402229309082,False,-1.0,-1.0,-1.0,-1,-1
1737,MIIC,10,1.9,3,1000,4,0.005380868911743164,False,1.0,0.4444444444444444,0.6153846153846153,10,14
1738,GHC,10,1.9,3,1000,4,0.04374384880065918,False,1.0,0.5,0.6666666666666666,9,14
1739,FCI,10,1.9,3,1000,4,0.013731956481933594,False,-1.0,-1.0,-1.0,-1,-1
1740,MIIC,10,1.9,4,100,0,0.00292205810546875,False,1.0,0.16666666666666666,0.2857142857142857,15,17
1741,GHC,10,1.9,4,100,0,0.03626394271850586,False,1.0,0.16666666666666666,0.2857142857142857,15,17
1742,FCI,10,1.9,4,100,0,0.0027167797088623047,False,-1.0,-1.0,-1.0,-1,-1
1743,MIIC,10,1.9,4,100,1,0.002810239791870117,False,1.0,0.1875,0.3157894736842105,13,13
1744,GHC,10,1.9,4,100,1,0.03500485420227051,False,1.0,0.125,0.2222222222222222,14,14
1745,FCI,10,1.9,4,100,1,0.0026700496673583984,False,-1.0,-1.0,-1.0,-1,-1
1746,MIIC,10,1.9,4,100,2,0.0025110244750976562,False,1.0,0.10526315789473684,0.1904761904761905,17,17
1747,GHC,10,1.9,4,100,2,0.03628706932067871,False,1.0,0.10526315789473684,0.1904761904761905,17,17
1748,FCI,10,1.9,4,100,2,0.0022389888763427734,False,-1.0,-1.0,-1.0,-1,-1
1749,MIIC,10,1.9,4,100,3,0.0031528472900390625,False,0.8,0.21052631578947367,0.3333333333333333,16,17
1750,GHC,10,1.9,4,100,3,0.037084102630615234,False,0.75,0.15789473684210525,0.2608695652173913,17,18
1751,FCI,10,1.9,4,100,3,0.0027048587799072266,False,-1.0,-1.0,-1.0,-1,-1
1752,MIIC,10,1.9,4,100,4,0.003323078155517578,False,1.0,0.25,0.4,12,13
1753,GHC,10,1.9,4,100,4,0.03661680221557617,False,1.0,0.25,0.4,12,13
1754,FCI,10,1.9,4,100,4,0.00403904914855957,False,-1.0,-1.0,-1.0,-1,-1
1755,MIIC,10,1.9,4,250,0,0.003177165985107422,False,1.0,0.23529411764705882,0.38095238095238093,13,15
1756,GHC,10,1.9,4,250,0,0.03553414344787598,False,1.0,0.23529411764705882,0.38095238095238093,13,15
1757,FCI,10,1.9,4,250,0,0.003921031951904297,False,-1.0,-1.0,-1.0,-1,-1
1758,MIIC,10,1.9,4,250,1,0.003907203674316406,False,0.8333333333333334,0.2631578947368421,0.39999999999999997,15,16
1759,GHC,10,1.9,4,250,1,0.04007220268249512,False,0.7142857142857143,0.2631578947368421,0.3846153846153846,16,19
1760,FCI,10,1.9,4,250,1,0.003916025161743164,False,-1.0,-1.0,-1.0,-1,-1
1761,MIIC,10,1.9,4,250,2,0.003031015396118164,False,1.0,0.15789473684210525,0.2727272727272727,16,16
1762,GHC,10,1.9,4,250,2,0.03451418876647949,False,1.0,0.15789473684210525,0.2727272727272727,16,16
1763,FCI,10,1.9,4,250,2,0.0031709671020507812,False,-1.0,-1.0,-1.0,-1,-1
1764,MIIC,10,1.9,4,250,3,0.003493785858154297,False,1.0,0.2631578947368421,0.4166666666666667,14,17
1765,GHC,10,1.9,4,250,3,0.03926897048950195,False,1.0,0.3684210526315789,0.5384615384615384,12,15
1766,FCI,10,1.9,4,250,3,0.003579854965209961,False,-1.0,-1.0,-1.0,-1,-1
1767,MIIC,10,1.9,4,250,4,0.0034339427947998047,False,1.0,0.21052631578947367,0.34782608695652173,15,16
1768,GHC,10,1.9,4,250,4,0.03655195236206055,False,1.0,0.2631578947368421,0.4166666666666667,14,17
1769,FCI,10,1.9,4,250,4,0.003949880599975586,False,-1.0,-1.0,-1.0,-1,-1
1770,MIIC,10,1.9,4,500,0,0.0029981136322021484,False,1.0,0.10526315789473684,0.1904761904761905,17,19
1771,GHC,10,1.9,4,500,0,0.03401803970336914,False,1.0,0.10526315789473684,0.1904761904761905,17,17
1772,FCI,10,1.9,4,500,0,0.004107952117919922,False,-1.0,-1.0,-1.0,-1,-1
1773,MIIC,10,1.9,4,500,1,0.005514860153198242,False,1.0,0.5294117647058824,0.6923076923076924,8,17
1774,GHC,10,1.9,4,500,1,0.04363203048706055,False,0.7777777777777778,0.4117647058823529,0.5384615384615384,12,18
1775,FCI,10,1.9,4,500,1,0.013757944107055664,False,-1.0,-1.0,-1.0,-1,-1
1776,MIIC,10,1.9,4,500,2,0.0047991275787353516,False,1.0,0.47058823529411764,0.6399999999999999,9,12
1777,GHC,10,1.9,4,500,2,0.04029512405395508,False,1.0,0.4117647058823529,0.5833333333333334,10,12
1778,FCI,10,1.9,4,500,2,0.006989955902099609,False,-1.0,-1.0,-1.0,-1,-1
1779,MIIC,10,1.9,4,500,3,0.005114078521728516,False,1.0,0.47368421052631576,0.6428571428571429,10,15
1780,GHC,10,1.9,4,500,3,0.04054999351501465,False,0.875,0.3684210526315789,0.5185185185185185,13,16
1781,FCI,10,1.9,4,500,3,0.008388757705688477,False,-1.0,-1.0,-1.0,-1,-1
1782,MIIC,10,1.9,4,500,4,0.005033969879150391,False,1.0,0.42105263157894735,0.5925925925925926,11,11
1783,GHC,10,1.9,4,500,4,0.04105019569396973,False,0.8888888888888888,0.42105263157894735,0.5714285714285714,12,19
1784,FCI,10,1.9,4,500,4,0.008688688278198242,False,-1.0,-1.0,-1.0,-1,-1
1785,MIIC,10,1.9,4,1000,0,0.008459091186523438,False,0.9285714285714286,0.8125,0.8666666666666666,4,8
1786,GHC,10,1.9,4,1000,0,0.049024105072021484,False,0.9285714285714286,0.8125,0.8666666666666666,4,8
1787,FCI,10,1.9,4,1000,0,0.035006046295166016,False,-1.0,-1.0,-1.0,-1,-1
1788,MIIC,10,1.9,4,1000,1,0.004954814910888672,False,1.0,0.3684210526315789,0.5384615384615384,12,14
1789,GHC,10,1.9,4,1000,1,0.045484066009521484,False,0.8,0.42105263157894735,0.5517241379310345,13,18
1790,FCI,10,1.9,4,1000,1,0.013019800186157227,False,-1.0,-1.0,-1.0,-1,-1
1791,MIIC,10,1.9,4,1000,2,0.0059010982513427734,False,1.0,0.5625,0.72,7,10
1792,GHC,10,1.9,4,1000,2,0.04244709014892578,False,0.9090909090909091,0.625,0.7407407407407406,7,14
1793,FCI,10,1.9,4,1000,2,0.012542963027954102,False,-1.0,-1.0,-1.0,-1,-1
1794,MIIC,10,1.9,4,1000,3,0.004342079162597656,False,1.0,0.3157894736842105,0.4799999999999999,13,15
1795,GHC,10,1.9,4,1000,3,0.038197994232177734,False,1.0,0.2631578947368421,0.4166666666666667,14,15
1796,FCI,10,1.9,4,1000,3,0.013491153717041016,False,-1.0,-1.0,-1.0,-1,-1
1797,MIIC,10,1.9,4,1000,4,0.004580020904541016,False,1.0,0.29411764705882354,0.45454545454545453,12,14
1798,GHC,10,1.9,4,1000,4,0.04033088684082031,False,1.0,0.29411764705882354,0.45454545454545453,12,14
1799,FCI,10,1.9,4,1000,4,0.008502006530761719,False,-1.0,-1.0,-1.0,-1,-1
1800,MIIC,15,1.1,2,100,0,0.006697893142700195,False,0.5,0.25,0.3333333333333333,16,16
1801,GHC,15,1.1,2,100,0,0.08572793006896973,False,0.6666666666666666,0.25,0.36363636363636365,14,14
1802,FCI,15,1.1,2,100,0,0.007028818130493164,False,-1.0,-1.0,-1.0,-1,-1
1803,MIIC,15,1.1,2,100,1,0.008078813552856445,False,0.75,0.5625,0.6428571428571429,10,14
1804,GHC,15,1.1,2,100,1,0.09431719779968262,False,0.6666666666666666,0.625,0.6451612903225806,11,16
1805,FCI,15,1.1,2,100,1,0.008435964584350586,False,-1.0,-1.0,-1.0,-1,-1
1806,MIIC,15,1.1,2,100,2,0.0077021121978759766,False,0.45454545454545453,0.3125,0.3703703703703703,17,19
1807,GHC,15,1.1,2,100,2,0.09222412109375,False,0.4444444444444444,0.25,0.32,17,18
1808,FCI,15,1.1,2,100,2,0.007384777069091797,False,-1.0,-1.0,-1.0,-1,-1
1809,MIIC,15,1.1,2,100,3,0.006315946578979492,False,0.5,0.25,0.3333333333333333,16,18
1810,GHC,15,1.1,2,100,3,0.09278106689453125,False,0.4,0.25,0.3076923076923077,18,22
1811,FCI,15,1.1,2,100,3,0.006616830825805664,False,-1.0,-1.0,-1.0,-1,-1
1812,MIIC,15,1.1,2,100,4,0.00703883171081543,False,0.6666666666666666,0.375,0.4800000000000001,13,16
1813,GHC,15,1.1,2,100,4,0.0871119499206543,False,0.5555555555555556,0.3125,0.39999999999999997,15,18
1814,FCI,15,1.1,2,100,4,0.007735013961791992,False,-1.0,-1.0,-1.0,-1,-1
1815,MIIC,15,1.1,2,250,0,0.009421110153198242,False,0.7692307692307693,0.625,0.6896551724137931,9,13
1816,GHC,15,1.1,2,250,0,0.18754887580871582,False,0.8333333333333334,0.625,0.7142857142857143,8,15
1817,FCI,15,1.1,2,250,0,0.01189112663269043,False,-1.0,-1.0,-1.0,-1,-1
1818,MIIC,15,1.1,2,250,1,0.008657217025756836,False,0.5833333333333334,0.4666666666666667,0.5185185185185186,13,15
1819,GHC,15,1.1,2,250,1,0.08700108528137207,False,0.7777777777777778,0.4666666666666667,0.5833333333333334,10,14
1820,FCI,15,1.1,2,250,1,0.0069122314453125,False,-1.0,-1.0,-1.0,-1,-1
1821,MIIC,15,1.1,2,250,2,0.007395029067993164,False,0.9,0.5625,0.6923076923076923,8,11
1822,GHC,15,1.1,2,250,2,0.08803987503051758,False,0.8181818181818182,0.5625,0.6666666666666666,9,15
1823,FCI,15,1.1,2,250,2,0.009344100952148438,False,-1.0,-1.0,-1.0,-1,-1
1824,MIIC,15,1.1,2,250,3,0.011105775833129883,False,1.0,0.6875,0.8148148148148148,5,11
1825,GHC,15,1.1,2,250,3,0.09036087989807129,False,1.0,0.6875,0.8148148148148148,5,11
1826,FCI,15,1.1,2,250,3,0.010355949401855469,False,-1.0,-1.0,-1.0,-1,-1
1827,MIIC,15,1.1,2,250,4,0.008011102676391602,False,0.5555555555555556,0.3125,0.39999999999999997,15,18
1828,GHC,15,1.1,2,250,4,0.08881521224975586,False,0.6,0.375,0.4615384615384615,14,18
1829,FCI,15,1.1,2,250,4,0.006961822509765625,False,-1.0,-1.0,-1.0,-1,-1
1830,MIIC,15,1.1,2,500,0,0.007223844528198242,False,1.0,0.5,0.6666666666666666,8,12
1831,GHC,15,1.1,2,500,0,0.08339285850524902,False,1.0,0.5,0.6666666666666666,8,10
1832,FCI,15,1.1,2,500,0,0.01253819465637207,False,-1.0,-1.0,-1.0,-1,-1
1833,MIIC,15,1.1,2,500,1,0.009169816970825195,False,1.0,0.625,0.7692307692307693,6,7
1834,GHC,15,1.1,2,500,1,0.0875089168548584,False,1.0,0.625,0.7692307692307693,6,7
1835,FCI,15,1.1,2,500,1,0.010057926177978516,False,-1.0,-1.0,-1.0,-1,-1
1836,MIIC,15,1.1,2,500,2,0.009055852890014648,False,0.75,0.5625,0.6428571428571429,10,15
1837,GHC,15,1.1,2,500,2,0.09496402740478516,False,0.6923076923076923,0.5625,0.6206896551724138,11,19
1838,FCI,15,1.1,2,500,2,0.01603102684020996,False,-1.0,-1.0,-1.0,-1,-1
1839,MIIC,15,1.1,2,500,3,0.010330677032470703,False,0.8461538461538461,0.6875,0.7586206896551724,7,16
1840,GHC,15,1.1,2,500,3,0.09119105339050293,False,1.0,0.6875,0.8148148148148148,5,9
1841,FCI,15,1.1,2,500,3,0.012985944747924805,False,-1.0,-1.0,-1.0,-1,-1
1842,MIIC,15,1.1,2,500,4,0.010245084762573242,False,0.8333333333333334,0.625,0.7142857142857143,8,15
1843,GHC,15,1.1,2,500,4,0.09499287605285645,False,0.6666666666666666,0.625,0.6451612903225806,11,18
1844,FCI,15,1.1,2,500,4,0.013016939163208008,False,-1.0,-1.0,-1.0,-1,-1
1845,MIIC,15,1.1,2,1000,0,0.013204097747802734,False,0.9285714285714286,0.8125,0.8666666666666666,4,4
1846,GHC,15,1.1,2,1000,0,0.09957408905029297,False,0.8571428571428571,0.75,0.7999999999999999,6,8
1847,FCI,15,1.1,2,1000,0,0.04189109802246094,False,-1.0,-1.0,-1.0,-1,-1
1848,MIIC,15,1.1,2,1000,1,0.010563135147094727,False,1.0,0.5625,0.72,7,15
1849,GHC,15,1.1,2,1000,1,0.09361529350280762,False,1.0,0.75,0.8571428571428571,4,9
1850,FCI,15,1.1,2,1000,1,0.012356281280517578,False,-1.0,-1.0,-1.0,-1,-1
1851,MIIC,15,1.1,2,1000,2,0.01244807243347168,False,1.0,0.875,0.9333333333333333,2,6
1852,GHC,15,1.1,2,1000,2,0.11376500129699707,False,0.7894736842105263,0.9375,0.8571428571428572,5,9
1853,FCI,15,1.1,2,1000,2,0.03275609016418457,False,-1.0,-1.0,-1.0,-1,-1
1854,MIIC,15,1.1,2,1000,3,0.013775110244750977,False,1.0,0.9375,0.967741935483871,1,4
1855,GHC,15,1.1,2,1000,3,0.10893416404724121,False,0.8333333333333334,0.9375,0.8823529411764706,4,15
1856,FCI,15,1.1,2,1000,3,0.0195310115814209,False,-1.0,-1.0,-1.0,-1,-1
1857,MIIC,15,1.1,2,1000,4,0.008859872817993164,False,0.9,0.5625,0.6923076923076923,8,12
1858,GHC,15,1.1,2,1000,4,0.09024906158447266,False,0.9090909090909091,0.625,0.7407407407407406,7,10
1859,FCI,15,1.1,2,1000,4,0.011582374572753906,False,-1.0,-1.0,-1.0,-1,-1
1860,MIIC,15,1.1,3,100,0,0.0060710906982421875,False,0.7142857142857143,0.3125,0.43478260869565216,13,17
1861,GHC,15,1.1,3,100,0,0.08252382278442383,False,0.8,0.25,0.38095238095238093,13,16
1862,FCI,15,1.1,3,100,0,0.008040904998779297,False,-1.0,-1.0,-1.0,-1,-1
1863,MIIC,15,1.1,3,100,1,0.005724906921386719,False,0.8333333333333334,0.3125,0.45454545454545453,12,17
1864,GHC,15,1.1,3,100,1,0.08548784255981445,False,0.7142857142857143,0.3125,0.43478260869565216,13,18
1865,FCI,15,1.1,3,100,1,0.008205890655517578,False,-1.0,-1.0,-1.0,-1,-1
1866,MIIC,15,1.1,3,100,2,0.008243083953857422,False,0.8181818181818182,0.5625,0.6666666666666666,9,17
1867,GHC,15,1.1,3,100,2,0.09216094017028809,False,0.8,0.5,0.6153846153846154,10,18
1868,FCI,15,1.1,3,100,2,0.0070590972900390625,False,-1.0,-1.0,-1.0,-1,-1
1869,MIIC,15,1.1,3,100,3,0.006722688674926758,False,0.8888888888888888,0.5,0.64,9,15
1870,GHC,15,1.1,3,100,3,0.09128928184509277,False,0.5384615384615384,0.4375,0.4827586206896552,15,22
1871,FCI,15,1.1,3,100,3,0.006088972091674805,False,-1.0,-1.0,-1.0,-1,-1
1872,MIIC,15,1.1,3,100,4,0.006721019744873047,False,0.75,0.375,0.5,12,15
1873,GHC,15,1.1,3,100,4,0.08293795585632324,False,1.0,0.3125,0.47619047619047616,11,14
1874,FCI,15,1.1,3,100,4,0.007318019866943359,False,-1.0,-1.0,-1.0,-1,-1
1875,MIIC,15,1.1,3,250,0,0.005646705627441406,False,1.0,0.3125,0.47619047619047616,11,15
1876,GHC,15,1.1,3,250,0,0.08124494552612305,False,1.0,0.375,0.5454545454545454,10,13
1877,FCI,15,1.1,3,250,0,0.0069959163665771484,False,-1.0,-1.0,-1.0,-1,-1
1878,MIIC,15,1.1,3,250,1,0.005544900894165039,False,0.8,0.25,0.38095238095238093,13,14
1879,GHC,15,1.1,3,250,1,0.07905793190002441,False,1.0,0.25,0.4,12,13
1880,FCI,15,1.1,3,250,1,0.00623774528503418,False,-1.0,-1.0,-1.0,-1,-1
1881,MIIC,15,1.1,3,250,2,0.007589101791381836,False,0.8,0.5,0.6153846153846154,10,11
1882,GHC,15,1.1,3,250,2,0.08948111534118652,False,0.8,0.5,0.6153846153846154,10,13
1883,FCI,15,1.1,3,250,2,0.010130882263183594,False,-1.0,-1.0,-1.0,-1,-1
1884,MIIC,15,1.1,3,250,3,0.008102893829345703,False,0.9090909090909091,0.625,0.7407407407407406,7,13
1885,GHC,15,1.1,3,250,3,0.09369087219238281,False,0.9166666666666666,0.6875,0.7857142857142857,6,9
1886,FCI,15,1.1,3,250,3,0.008142948150634766,False,-1.0,-1.0,-1.0,-1,-1
1887,MIIC,15,1.1,3,250,4,0.008008956909179688,False,0.9,0.5625,0.6923076923076923,8,11
1888,GHC,15,1.1,3,250,4,0.09199404716491699,False,0.6923076923076923,0.5625,0.6206896551724138,11,17
1889,FCI,15,1.1,3,250,4,0.008325815200805664,False,-1.0,-1.0,-1.0,-1,-1
1890,MIIC,15,1.1,3,500,0,0.009011983871459961,False,0.9,0.5625,0.6923076923076923,8,12
1891,GHC,15,1.1,3,500,0,0.09360218048095703,False,0.8181818181818182,0.5625,0.6666666666666666,9,16
1892,FCI,15,1.1,3,500,0,0.015265703201293945,False,-1.0,-1.0,-1.0,-1,-1
1893,MIIC,15,1.1,3,500,1,0.009191274642944336,False,1.0,0.6875,0.8148148148148148,5,6
1894,GHC,15,1.1,3,500,1,0.09285402297973633,False,0.8461538461538461,0.6875,0.7586206896551724,7,13
1895,FCI,15,1.1,3,500,1,0.028162002563476562,False,-1.0,-1.0,-1.0,-1,-1
1896,MIIC,15,1.1,3,500,2,0.008819818496704102,False,1.0,0.6875,0.8148148148148148,5,10
1897,GHC,15,1.1,3,500,2,0.09313011169433594,False,0.9166666666666666,0.6875,0.7857142857142857,6,11
1898,FCI,15,1.1,3,500,2,0.01452016830444336,False,-1.0,-1.0,-1.0,-1,-1
1899,MIIC,15,1.1,3,500,3,0.010058879852294922,False,1.0,0.75,0.8571428571428571,4,8
1900,GHC,15,1.1,3,500,3,0.09699106216430664,False,0.9375,0.9375,0.9375,2,3
1901,FCI,15,1.1,3,500,3,0.040148019790649414,False,-1.0,-1.0,-1.0,-1,-1
1902,MIIC,15,1.1,3,500,4,0.00913691520690918,False,1.0,0.75,0.8571428571428571,4,9
1903,GHC,15,1.1,3,500,4,0.09961509704589844,False,0.9375,0.9375,0.9375,2,2
1904,FCI,15,1.1,3,500,4,0.014510154724121094,False,-1.0,-1.0,-1.0,-1,-1
1905,MIIC,15,1.1,3,1000,0,0.01266789436340332,False,0.9166666666666666,0.6875,0.7857142857142857,6,9
1906,GHC,15,1.1,3,1000,0,0.09675216674804688,False,0.8461538461538461,0.6875,0.7586206896551724,7,10
1907,FCI,15,1.1,3,1000,0,0.07021903991699219,False,-1.0,-1.0,-1.0,-1,-1
1908,MIIC,15,1.1,3,1000,1,0.013173103332519531,False,0.9333333333333333,0.875,0.9032258064516129,3,6
1909,GHC,15,1.1,3,1000,1,0.10007119178771973,False,0.8235294117647058,0.875,0.8484848484848485,5,11
1910,FCI,15,1.1,3,1000,1,0.06250381469726562,False,-1.0,-1.0,-1.0,-1,-1
1911,MIIC,15,1.1,3,1000,2,0.010265827178955078,False,0.9230769230769231,0.75,0.8275862068965517,5,5
1912,GHC,15,1.1,3,1000,2,0.09372282028198242,False,0.8571428571428571,0.75,0.7999999999999999,6,10
1913,FCI,15,1.1,3,1000,2,0.01606011390686035,False,-1.0,-1.0,-1.0,-1,-1
1914,MIIC,15,1.1,3,1000,3,0.012593269348144531,False,1.0,0.8125,0.896551724137931,3,7
1915,GHC,15,1.1,3,1000,3,0.09558701515197754,False,0.9285714285714286,0.8125,0.8666666666666666,4,7
1916,FCI,15,1.1,3,1000,3,0.04017210006713867,False,-1.0,-1.0,-1.0,-1,-1
1917,MIIC,15,1.1,3,1000,4,0.011462688446044922,False,0.9285714285714286,0.8125,0.8666666666666666,4,5
1918,GHC,15,1.1,3,1000,4,0.10519599914550781,False,0.8125,0.8125,0.8125,6,13
1919,FCI,15,1.1,3,1000,4,0.01599884033203125,False,-1.0,-1.0,-1.0,-1,-1
1920,MIIC,15,1.1,4,100,0,0.005088090896606445,False,1.0,0.1875,0.3157894736842105,13,14
1921,GHC,15,1.1,4,100,0,0.07973098754882812,False,1.0,0.1875,0.3157894736842105,13,14
1922,FCI,15,1.1,4,100,0,0.005489826202392578,False,-1.0,-1.0,-1.0,-1,-1
1923,MIIC,15,1.1,4,100,1,0.007402181625366211,False,0.6,0.1875,0.2857142857142857,15,16
1924,GHC,15,1.1,4,100,1,0.08114886283874512,False,0.4,0.125,0.19047619047619047,17,17
1925,FCI,15,1.1,4,100,1,0.00584101676940918,False,0.75,0.1875,0.3,14,14
1926,MIIC,15,1.1,4,100,2,0.004889965057373047,False,0.75,0.1875,0.3,14,15
1927,GHC,15,1.1,4,100,2,0.0805208683013916,False,1.0,0.25,0.4,12,12
1928,FCI,15,1.1,4,100,2,0.005846977233886719,False,-1.0,-1.0,-1.0,-1,-1
1929,MIIC,15,1.1,4,100,3,0.00492405891418457,False,0.75,0.1875,0.3,14,15
1930,GHC,15,1.1,4,100,3,0.08221006393432617,False,0.6,0.1875,0.2857142857142857,15,16
1931,FCI,15,1.1,4,100,3,0.007972955703735352,False,-1.0,-1.0,-1.0,-1,-1
1932,MIIC,15,1.1,4,100,4,0.006599903106689453,False,0.8333333333333334,0.3125,0.45454545454545453,12,13
1933,GHC,15,1.1,4,100,4,0.0853266716003418,False,0.8333333333333334,0.3125,0.45454545454545453,12,13
1934,FCI,15,1.1,4,100,4,0.006901741027832031,False,-1.0,-1.0,-1.0,-1,-1
1935,MIIC,15,1.1,4,250,0,0.0067899227142333984,False,1.0,0.5,0.6666666666666666,8,15
1936,GHC,15,1.1,4,250,0,0.08205389976501465,False,1.0,0.375,0.5454545454545454,10,15
1937,FCI,15,1.1,4,250,0,0.008020877838134766,False,-1.0,-1.0,-1.0,-1,-1
1938,MIIC,15,1.1,4,250,1,0.006944179534912109,False,0.75,0.375,0.5,12,14
1939,GHC,15,1.1,4,250,1,0.08479475975036621,False,0.6666666666666666,0.375,0.4800000000000001,13,17
1940,FCI,15,1.1,4,250,1,0.007380008697509766,False,-1.0,-1.0,-1.0,-1,-1
1941,MIIC,15,1.1,4,250,2,0.007367134094238281,False,0.875,0.4375,0.5833333333333334,10,14
1942,GHC,15,1.1,4,250,2,0.08414697647094727,False,1.0,0.3125,0.47619047619047616,11,13
1943,FCI,15,1.1,4,250,2,0.008096933364868164,False,-1.0,-1.0,-1.0,-1,-1
1944,MIIC,15,1.1,4,250,3,0.00828409194946289,False,1.0,0.6875,0.8148148148148148,5,6
1945,GHC,15,1.1,4,250,3,0.08618402481079102,False,1.0,0.5625,0.72,7,11
1946,FCI,15,1.1,4,250,3,0.01099705696105957,False,-1.0,-1.0,-1.0,-1,-1
1947,MIIC,15,1.1,4,250,4,0.007217884063720703,False,1.0,0.5625,0.72,7,12
1948,GHC,15,1.1,4,250,4,0.08741116523742676,False,1.0,0.5,0.6666666666666666,8,12
1949,FCI,15,1.1,4,250,4,0.009887933731079102,False,-1.0,-1.0,-1.0,-1,-1
1950,MIIC,15,1.1,4,500,0,0.008544921875,False,1.0,0.5625,0.72,7,8
1951,GHC,15,1.1,4,500,0,0.08347511291503906,False,1.0,0.375,0.5454545454545454,10,12
1952,FCI,15,1.1,4,500,0,0.011506319046020508,False,-1.0,-1.0,-1.0,-1,-1
1953,MIIC,15,1.1,4,500,1,0.006376028060913086,False,1.0,0.375,0.5454545454545454,10,11
1954,GHC,15,1.1,4,500,1,0.08029890060424805,False,1.0,0.3125,0.47619047619047616,11,13
1955,FCI,15,1.1,4,500,1,0.008788824081420898,False,-1.0,-1.0,-1.0,-1,-1
1956,MIIC,15,1.1,4,500,2,0.008805990219116211,False,0.9166666666666666,0.6875,0.7857142857142857,6,8
1957,GHC,15,1.1,4,500,2,0.09721207618713379,False,0.8461538461538461,0.6875,0.7586206896551724,7,11
1958,FCI,15,1.1,4,500,2,0.009228944778442383,False,-1.0,-1.0,-1.0,-1,-1
1959,MIIC,15,1.1,4,500,3,0.009312152862548828,False,1.0,0.6875,0.8148148148148148,5,11
1960,GHC,15,1.1,4,500,3,0.08762502670288086,False,1.0,0.625,0.7692307692307693,6,11
1961,FCI,15,1.1,4,500,3,0.010848045349121094,False,-1.0,-1.0,-1.0,-1,-1
1962,MIIC,15,1.1,4,500,4,0.007843017578125,False,1.0,0.5,0.6666666666666666,8,10
1963,GHC,15,1.1,4,500,4,0.09092879295349121,False,1.0,0.5,0.6666666666666666,8,10
1964,FCI,15,1.1,4,500,4,0.011522769927978516,False,-1.0,-1.0,-1.0,-1,-1
1965,MIIC,15,1.1,4,1000,0,0.013683080673217773,False,1.0,1.0,1.0,0,0
1966,GHC,15,1.1,4,1000,0,0.09909582138061523,False,1.0,0.9375,0.967741935483871,1,4
1967,FCI,15,1.1,4,1000,0,0.036261796951293945,False,1.0,0.1875,0.3157894736842105,13,15
1968,MIIC,15,1.1,4,1000,1,0.011145830154418945,False,1.0,0.75,0.8571428571428571,4,7
1969,GHC,15,1.1,4,1000,1,0.09114909172058105,False,0.9230769230769231,0.75,0.8275862068965517,5,11
1970,FCI,15,1.1,4,1000,1,0.0201871395111084,False,-1.0,-1.0,-1.0,-1,-1
1971,MIIC,15,1.1,4,1000,2,0.009853839874267578,False,0.9090909090909091,0.625,0.7407407407407406,7,8
1972,GHC,15,1.1,4,1000,2,0.08758807182312012,False,1.0,0.5625,0.72,7,8
1973,FCI,15,1.1,4,1000,2,0.014396190643310547,False,-1.0,-1.0,-1.0,-1,-1
1974,MIIC,15,1.1,4,1000,3,0.010618209838867188,False,1.0,0.6875,0.8148148148148148,5,10
1975,GHC,15,1.1,4,1000,3,0.08991003036499023,False,1.0,0.625,0.7692307692307693,6,10
1976,FCI,15,1.1,4,1000,3,0.01645684242248535,False,-1.0,-1.0,-1.0,-1,-1
1977,MIIC,15,1.1,4,1000,4,0.008795976638793945,False,1.0,0.5625,0.72,7,14
1978,GHC,15,1.1,4,1000,4,0.08198094367980957,False,1.0,0.375,0.5454545454545454,10,15
1979,FCI,15,1.1,4,1000,4,0.011308908462524414,False,-1.0,-1.0,-1.0,-1,-1
1980,MIIC,15,1.3,2,100,0,0.008411884307861328,False,0.7,0.3684210526315789,0.48275862068965514,15,20
1981,GHC,15,1.3,2,100,0,0.0957798957824707,False,0.6428571428571429,0.47368421052631576,0.5454545454545454,15,18
1982,FCI,15,1.3,2,100,0,0.007908821105957031,False,-1.0,-1.0,-1.0,-1,-1
1983,MIIC,15,1.3,2,100,1,0.0070378780364990234,False,0.7777777777777778,0.3684210526315789,0.5,14,18
1984,GHC,15,1.3,2,100,1,0.08976888656616211,False,0.6,0.3157894736842105,0.41379310344827586,17,20
1985,FCI,15,1.3,2,100,1,0.006385326385498047,False,-1.0,-1.0,-1.0,-1,-1
1986,MIIC,15,1.3,2,100,2,0.006621122360229492,False,0.75,0.3157894736842105,0.44444444444444436,15,18
1987,GHC,15,1.3,2,100,2,0.08717226982116699,False,0.6666666666666666,0.3157894736842105,0.42857142857142855,16,21
1988,FCI,15,1.3,2,100,2,0.006105184555053711,False,1.0,0.2631578947368421,0.4166666666666667,14,16
1989,MIIC,15,1.3,2,100,3,0.007440090179443359,False,0.6666666666666666,0.3157894736842105,0.42857142857142855,16,19
1990,GHC,15,1.3,2,100,3,0.08814620971679688,False,0.6,0.3157894736842105,0.41379310344827586,17,21
1991,FCI,15,1.3,2,100,3,0.008011102676391602,False,-1.0,-1.0,-1.0,-1,-1
1992,MIIC,15,1.3,2,100,4,0.00951695442199707,False,0.8181818181818182,0.5,0.6206896551724137,11,16
1993,GHC,15,1.3,2,100,4,0.08960580825805664,False,0.9,0.5,0.6428571428571429,10,14
1994,FCI,15,1.3,2,100,4,0.007956981658935547,False,-1.0,-1.0,-1.0,-1,-1
1995,MIIC,15,1.3,2,250,0,0.007662057876586914,False,0.9,0.47368421052631576,0.6206896551724138,11,15
1996,GHC,15,1.3,2,250,0,0.09718775749206543,False,0.7857142857142857,0.5789473684210527,0.6666666666666667,11,18
1997,FCI,15,1.3,2,250,0,0.009310007095336914,False,-1.0,-1.0,-1.0,-1,-1
1998,MIIC,15,1.3,2,250,1,0.009685039520263672,False,0.75,0.47368421052631576,0.5806451612903226,13,18
1999,GHC,15,1.3,2,250,1,0.09761404991149902,False,0.7692307692307693,0.5263157894736842,0.625,12,17
2000,FCI,15,1.3,2,250,1,0.011343002319335938,False,-1.0,-1.0,-1.0,-1,-1
2001,MIIC,15,1.3,2,250,2,0.009009838104248047,False,0.8461538461538461,0.5789473684210527,0.6875,10,13
2002,GHC,15,1.3,2,250,2,0.09669613838195801,False,0.7058823529411765,0.631578947368421,0.6666666666666667,12,17
2003,FCI,15,1.3,2,250,2,0.012598991394042969,False,-1.0,-1.0,-1.0,-1,-1
2004,MIIC,15,1.3,2,250,3,0.008823871612548828,False,0.8181818181818182,0.47368421052631576,0.6,12,19
2005,GHC,15,1.3,2,250,3,0.09521794319152832,False,0.8571428571428571,0.631578947368421,0.7272727272727273,9,13
2006,FCI,15,1.3,2,250,3,0.011723995208740234,False,-1.0,-1.0,-1.0,-1,-1
2007,MIIC,15,1.3,2,250,4,0.009164094924926758,False,0.9166666666666666,0.5789473684210527,0.7096774193548387,9,18
2008,GHC,15,1.3,2,250,4,0.09258794784545898,False,1.0,0.631578947368421,0.7741935483870968,7,19
2009,FCI,15,1.3,2,250,4,0.010910987854003906,False,-1.0,-1.0,-1.0,-1,-1
2010,MIIC,15,1.3,2,500,0,0.00966501235961914,False,0.9230769230769231,0.6666666666666666,0.7741935483870968,7,9
2011,GHC,15,1.3,2,500,0,0.09540009498596191,False,0.8333333333333334,0.5555555555555556,0.6666666666666667,10,11
2012,FCI,15,1.3,2,500,0,0.012959957122802734,False,-1.0,-1.0,-1.0,-1,-1
2013,MIIC,15,1.3,2,500,1,0.008033037185668945,False,1.0,0.47368421052631576,0.6428571428571429,10,13
2014,GHC,15,1.3,2,500,1,0.09185409545898438,False,1.0,0.5789473684210527,0.7333333333333334,8,8
2015,FCI,15,1.3,2,500,1,0.008073806762695312,False,-1.0,-1.0,-1.0,-1,-1
2016,MIIC,15,1.3,2,500,2,0.009696006774902344,False,0.9230769230769231,0.631578947368421,0.7499999999999999,8,18
2017,GHC,15,1.3,2,500,2,0.09507203102111816,False,1.0,0.7368421052631579,0.8484848484848484,5,10
2018,FCI,15,1.3,2,500,2,0.011275053024291992,False,-1.0,-1.0,-1.0,-1,-1
2019,MIIC,15,1.3,2,500,3,0.007890939712524414,False,1.0,0.47368421052631576,0.6428571428571429,10,15
2020,GHC,15,1.3,2,500,3,0.0889120101928711,False,0.7272727272727273,0.42105263157894735,0.5333333333333333,14,21
2021,FCI,15,1.3,2,500,3,0.009208917617797852,False,-1.0,-1.0,-1.0,-1,-1
2022,MIIC,15,1.3,2,500,4,0.009372949600219727,False,0.8333333333333334,0.5263157894736842,0.6451612903225806,11,19
2023,GHC,15,1.3,2,500,4,0.09191703796386719,False,0.6923076923076923,0.47368421052631576,0.5625,14,22
2024,FCI,15,1.3,2,500,4,0.01413106918334961,False,-1.0,-1.0,-1.0,-1,-1
2025,MIIC,15,1.3,2,1000,0,0.01101374626159668,False,1.0,0.7368421052631579,0.8484848484848484,5,15
2026,GHC,15,1.3,2,1000,0,0.09771299362182617,False,0.8125,0.6842105263157895,0.742857142857143,9,19
2027,FCI,15,1.3,2,1000,0,0.017615795135498047,False,-1.0,-1.0,-1.0,-1,-1
2028,MIIC,15,1.3,2,1000,1,0.016828060150146484,False,0.8823529411764706,0.7894736842105263,0.8333333333333333,6,13
2029,GHC,15,1.3,2,1000,1,0.10457801818847656,False,0.8333333333333334,0.7894736842105263,0.8108108108108109,7,14
2030,FCI,15,1.3,2,1000,1,0.04857802391052246,False,-1.0,-1.0,-1.0,-1,-1
2031,MIIC,15,1.3,2,1000,2,0.013148784637451172,False,1.0,0.7368421052631579,0.8484848484848484,5,8
2032,GHC,15,1.3,2,1000,2,0.1091620922088623,False,0.8823529411764706,0.7894736842105263,0.8333333333333333,6,6
2033,FCI,15,1.3,2,1000,2,0.1025228500366211,False,-1.0,-1.0,-1.0,-1,-1
2034,MIIC,15,1.3,2,1000,3,0.017856121063232422,False,1.0,0.8947368421052632,0.9444444444444444,2,6
2035,GHC,15,1.3,2,1000,3,0.10506272315979004,False,1.0,0.9473684210526315,0.972972972972973,1,3
2036,FCI,15,1.3,2,1000,3,0.331864595413208,False,-1.0,-1.0,-1.0,-1,-1
2037,MIIC,15,1.3,2,1000,4,0.010039091110229492,False,1.0,0.7222222222222222,0.8387096774193548,5,7
2038,GHC,15,1.3,2,1000,4,0.10091280937194824,False,0.7777777777777778,0.7777777777777778,0.7777777777777778,8,14
2039,FCI,15,1.3,2,1000,4,0.023992061614990234,False,-1.0,-1.0,-1.0,-1,-1
2040,MIIC,15,1.3,3,100,0,0.007441997528076172,False,0.6363636363636364,0.3684210526315789,0.4666666666666667,16,21
2041,GHC,15,1.3,3,100,0,0.08304476737976074,False,0.8333333333333334,0.2631578947368421,0.39999999999999997,15,17
2042,FCI,15,1.3,3,100,0,0.006373882293701172,False,-1.0,-1.0,-1.0,-1,-1
2043,MIIC,15,1.3,3,100,1,0.006386995315551758,False,0.75,0.3157894736842105,0.44444444444444436,15,19
2044,GHC,15,1.3,3,100,1,0.08625102043151855,False,0.75,0.3157894736842105,0.44444444444444436,15,17
2045,FCI,15,1.3,3,100,1,0.007115602493286133,False,-1.0,-1.0,-1.0,-1,-1
2046,MIIC,15,1.3,3,100,2,0.006242036819458008,False,0.42857142857142855,0.15789473684210525,0.23076923076923078,20,22
2047,GHC,15,1.3,3,100,2,0.08840703964233398,False,0.4,0.21052631578947367,0.27586206896551724,21,25
2048,FCI,15,1.3,3,100,2,0.008449792861938477,False,-1.0,-1.0,-1.0,-1,-1
2049,MIIC,15,1.3,3,100,3,0.0058879852294921875,False,0.8571428571428571,0.3157894736842105,0.46153846153846156,14,19
2050,GHC,15,1.3,3,100,3,0.08249020576477051,False,0.8333333333333334,0.2631578947368421,0.39999999999999997,15,20
2051,FCI,15,1.3,3,100,3,0.006602048873901367,False,-1.0,-1.0,-1.0,-1,-1
2052,MIIC,15,1.3,3,100,4,0.006169795989990234,False,0.8571428571428571,0.3157894736842105,0.46153846153846156,14,19
2053,GHC,15,1.3,3,100,4,0.08380413055419922,False,0.8333333333333334,0.2631578947368421,0.39999999999999997,15,19
2054,FCI,15,1.3,3,100,4,0.007309913635253906,False,-1.0,-1.0,-1.0,-1,-1
2055,MIIC,15,1.3,3,250,0,0.00745701789855957,False,0.9,0.5,0.6428571428571429,10,17
2056,GHC,15,1.3,3,250,0,0.0831148624420166,False,1.0,0.3888888888888889,0.56,11,16
2057,FCI,15,1.3,3,250,0,0.0073659420013427734,False,-1.0,-1.0,-1.0,-1,-1
2058,MIIC,15,1.3,3,250,1,0.006860017776489258,False,0.75,0.3157894736842105,0.44444444444444436,15,19
2059,GHC,15,1.3,3,250,1,0.08174371719360352,False,0.6666666666666666,0.21052631578947367,0.32,17,19
2060,FCI,15,1.3,3,250,1,0.007272958755493164,False,-1.0,-1.0,-1.0,-1,-1
2061,MIIC,15,1.3,3,250,2,0.010121822357177734,False,0.8461538461538461,0.6111111111111112,0.7096774193548387,9,12
2062,GHC,15,1.3,3,250,2,0.09215474128723145,False,0.75,0.5,0.6,12,19
2063,FCI,15,1.3,3,250,2,0.03177618980407715,False,-1.0,-1.0,-1.0,-1,-1
2064,MIIC,15,1.3,3,250,3,0.007061958312988281,False,0.8888888888888888,0.42105263157894735,0.5714285714285714,12,20
2065,GHC,15,1.3,3,250,3,0.08842182159423828,False,0.8,0.42105263157894735,0.5517241379310345,13,21
2066,FCI,15,1.3,3,250,3,0.009346961975097656,False,-1.0,-1.0,-1.0,-1,-1
2067,MIIC,15,1.3,3,250,4,0.006267070770263672,False,1.0,0.3157894736842105,0.4799999999999999,13,16
2068,GHC,15,1.3,3,250,4,0.08238005638122559,False,0.8333333333333334,0.2631578947368421,0.39999999999999997,15,19
2069,FCI,15,1.3,3,250,4,0.0073659420013427734,False,-1.0,-1.0,-1.0,-1,-1
2070,MIIC,15,1.3,3,500,0,0.011212825775146484,False,1.0,0.7368421052631579,0.8484848484848484,5,11
2071,GHC,15,1.3,3,500,0,0.0997171401977539,False,0.9411764705882353,0.8421052631578947,0.8888888888888888,4,9
2072,FCI,15,1.3,3,500,0,0.018131017684936523,False,-1.0,-1.0,-1.0,-1,-1
2073,MIIC,15,1.3,3,500,1,0.012499094009399414,False,1.0,0.7368421052631579,0.8484848484848484,5,10
2074,GHC,15,1.3,3,500,1,0.09976482391357422,False,0.9375,0.7894736842105263,0.8571428571428572,5,9
2075,FCI,15,1.3,3,500,1,0.016767024993896484,False,-1.0,-1.0,-1.0,-1,-1
2076,MIIC,15,1.3,3,500,2,0.00816798210144043,False,1.0,0.47368421052631576,0.6428571428571429,10,16
2077,GHC,15,1.3,3,500,2,0.09340023994445801,False,0.9090909090909091,0.5263157894736842,0.6666666666666666,10,14
2078,FCI,15,1.3,3,500,2,0.014045000076293945,False,-1.0,-1.0,-1.0,-1,-1
2079,MIIC,15,1.3,3,500,3,0.010677099227905273,False,0.7857142857142857,0.5789473684210527,0.6666666666666667,11,15
2080,GHC,15,1.3,3,500,3,0.09290862083435059,False,0.8461538461538461,0.5789473684210527,0.6875,10,21
2081,FCI,15,1.3,3,500,3,0.013417959213256836,False,-1.0,-1.0,-1.0,-1,-1
2082,MIIC,15,1.3,3,500,4,0.009225130081176758,False,0.9166666666666666,0.5789473684210527,0.7096774193548387,9,13
2083,GHC,15,1.3,3,500,4,0.09250783920288086,False,0.7692307692307693,0.5263157894736842,0.625,12,16
2084,FCI,15,1.3,3,500,4,0.01414799690246582,False,-1.0,-1.0,-1.0,-1,-1
2085,MIIC,15,1.3,3,1000,0,0.013376712799072266,False,0.9375,0.7894736842105263,0.8571428571428572,5,13
2086,GHC,15,1.3,3,1000,0,0.09830474853515625,False,0.8666666666666667,0.6842105263157895,0.7647058823529413,8,16
2087,FCI,15,1.3,3,1000,0,0.017597198486328125,False,-1.0,-1.0,-1.0,-1,-1
2088,MIIC,15,1.3,3,1000,1,0.011667251586914062,False,0.9166666666666666,0.5789473684210527,0.7096774193548387,9,11
2089,GHC,15,1.3,3,1000,1,0.09690403938293457,False,0.9090909090909091,0.5263157894736842,0.6666666666666666,10,17
2090,FCI,15,1.3,3,1000,1,0.01701521873474121,False,-1.0,-1.0,-1.0,-1,-1
2091,MIIC,15,1.3,3,1000,2,0.015702009201049805,False,1.0,0.8947368421052632,0.9444444444444444,2,8
2092,GHC,15,1.3,3,1000,2,0.10027003288269043,False,0.8947368421052632,0.8947368421052632,0.8947368421052632,4,13
2093,FCI,15,1.3,3,1000,2,0.10388779640197754,False,-1.0,-1.0,-1.0,-1,-1
2094,MIIC,15,1.3,3,1000,3,0.014340877532958984,False,1.0,1.0,1.0,0,4
2095,GHC,15,1.3,3,1000,3,0.10919189453125,False,0.75,0.8333333333333334,0.7894736842105262,8,18
2096,FCI,15,1.3,3,1000,3,0.06236600875854492,False,-1.0,-1.0,-1.0,-1,-1
2097,MIIC,15,1.3,3,1000,4,0.011625051498413086,False,1.0,0.6842105263157895,0.8125000000000001,6,12
2098,GHC,15,1.3,3,1000,4,0.10332083702087402,False,0.9444444444444444,0.8947368421052632,0.918918918918919,3,6
2099,FCI,15,1.3,3,1000,4,0.018805980682373047,False,-1.0,-1.0,-1.0,-1,-1
2100,MIIC,15,1.3,4,100,0,0.005861043930053711,False,0.8571428571428571,0.3157894736842105,0.46153846153846156,14,17
2101,GHC,15,1.3,4,100,0,0.08970427513122559,False,0.875,0.3684210526315789,0.5185185185185185,13,14
2102,FCI,15,1.3,4,100,0,0.008391857147216797,False,1.0,0.21052631578947367,0.34782608695652173,15,18
2103,MIIC,15,1.3,4,100,1,0.005058765411376953,False,1.0,0.21052631578947367,0.34782608695652173,15,18
2104,GHC,15,1.3,4,100,1,0.07646703720092773,False,1.0,0.10526315789473684,0.1904761904761905,17,19
2105,FCI,15,1.3,4,100,1,0.005627870559692383,False,-1.0,-1.0,-1.0,-1,-1
2106,MIIC,15,1.3,4,100,2,0.006812095642089844,False,0.875,0.3684210526315789,0.5185185185185185,13,15
2107,GHC,15,1.3,4,100,2,0.08797693252563477,False,0.875,0.3684210526315789,0.5185185185185185,13,15
2108,FCI,15,1.3,4,100,2,0.007282257080078125,False,-1.0,-1.0,-1.0,-1,-1
2109,MIIC,15,1.3,4,100,3,0.005896806716918945,False,1.0,0.3684210526315789,0.5384615384615384,12,15
2110,GHC,15,1.3,4,100,3,0.08576107025146484,False,1.0,0.3684210526315789,0.5384615384615384,12,14
2111,FCI,15,1.3,4,100,3,0.007330179214477539,False,-1.0,-1.0,-1.0,-1,-1
2112,MIIC,15,1.3,4,100,4,0.006502866744995117,False,0.6666666666666666,0.21052631578947367,0.32,17,20
2113,GHC,15,1.3,4,100,4,0.08357095718383789,False,0.8333333333333334,0.2631578947368421,0.39999999999999997,15,19
2114,FCI,15,1.3,4,100,4,0.006648063659667969,False,-1.0,-1.0,-1.0,-1,-1
2115,MIIC,15,1.3,4,250,0,0.0076122283935546875,False,1.0,0.3684210526315789,0.5384615384615384,12,17
2116,GHC,15,1.3,4,250,0,0.0849158763885498,False,1.0,0.3157894736842105,0.4799999999999999,13,17
2117,FCI,15,1.3,4,250,0,0.007181882858276367,False,-1.0,-1.0,-1.0,-1,-1
2118,MIIC,15,1.3,4,250,1,0.007252931594848633,False,0.6666666666666666,0.3157894736842105,0.42857142857142855,16,18
2119,GHC,15,1.3,4,250,1,0.08925986289978027,False,0.7777777777777778,0.3684210526315789,0.5,14,17
2120,FCI,15,1.3,4,250,1,0.010105133056640625,False,-1.0,-1.0,-1.0,-1,-1
2121,MIIC,15,1.3,4,250,2,0.012526988983154297,False,1.0,0.631578947368421,0.7741935483870968,7,19
2122,GHC,15,1.3,4,250,2,0.09609389305114746,False,0.9230769230769231,0.631578947368421,0.7499999999999999,8,20
2123,FCI,15,1.3,4,250,2,0.012541770935058594,False,1.0,0.47368421052631576,0.6428571428571429,10,19
2124,MIIC,15,1.3,4,250,3,0.006359100341796875,False,1.0,0.3684210526315789,0.5384615384615384,12,14
2125,GHC,15,1.3,4,250,3,0.07773208618164062,False,1.0,0.15789473684210525,0.2727272727272727,16,17
2126,FCI,15,1.3,4,250,3,0.007737159729003906,False,-1.0,-1.0,-1.0,-1,-1
2127,MIIC,15,1.3,4,250,4,0.005589008331298828,False,1.0,0.21052631578947367,0.34782608695652173,15,15
2128,GHC,15,1.3,4,250,4,0.08022093772888184,False,1.0,0.21052631578947367,0.34782608695652173,15,15
2129,FCI,15,1.3,4,250,4,0.0076520442962646484,False,-1.0,-1.0,-1.0,-1,-1
2130,MIIC,15,1.3,4,500,0,0.008045673370361328,False,1.0,0.47368421052631576,0.6428571428571429,10,17
2131,GHC,15,1.3,4,500,0,0.08846616744995117,False,1.0,0.5789473684210527,0.7333333333333334,8,13
2132,FCI,15,1.3,4,500,0,0.010553836822509766,False,-1.0,-1.0,-1.0,-1,-1
2133,MIIC,15,1.3,4,500,1,0.007401943206787109,False,1.0,0.47368421052631576,0.6428571428571429,10,13
2134,GHC,15,1.3,4,500,1,0.09093403816223145,False,1.0,0.5263157894736842,0.6896551724137931,9,14
2135,FCI,15,1.3,4,500,1,0.010794878005981445,False,-1.0,-1.0,-1.0,-1,-1
2136,MIIC,15,1.3,4,500,2,0.009786844253540039,False,1.0,0.6842105263157895,0.8125000000000001,6,13
2137,GHC,15,1.3,4,500,2,0.09779906272888184,False,0.8666666666666667,0.6842105263157895,0.7647058823529413,8,13
2138,FCI,15,1.3,4,500,2,0.017021894454956055,False,-1.0,-1.0,-1.0,-1,-1
2139,MIIC,15,1.3,4,500,3,0.007734060287475586,False,1.0,0.47368421052631576,0.6428571428571429,10,13
2140,GHC,15,1.3,4,500,3,0.08947086334228516,False,1.0,0.5263157894736842,0.6896551724137931,9,11
2141,FCI,15,1.3,4,500,3,0.00925898551940918,False,1.0,0.3684210526315789,0.5384615384615384,12,15
2142,MIIC,15,1.3,4,500,4,0.008091926574707031,False,1.0,0.47368421052631576,0.6428571428571429,10,15
2143,GHC,15,1.3,4,500,4,0.08228802680969238,False,0.8333333333333334,0.2631578947368421,0.39999999999999997,15,18
2144,FCI,15,1.3,4,500,4,0.013891935348510742,False,1.0,0.15789473684210525,0.2727272727272727,16,18
2145,MIIC,15,1.3,4,1000,0,0.011427164077758789,False,1.0,0.631578947368421,0.7741935483870968,7,13
2146,GHC,15,1.3,4,1000,0,0.09000587463378906,False,1.0,0.631578947368421,0.7741935483870968,7,13
2147,FCI,15,1.3,4,1000,0,0.018652915954589844,False,-1.0,-1.0,-1.0,-1,-1
2148,MIIC,15,1.3,4,1000,1,0.014046907424926758,False,1.0,0.7894736842105263,0.8823529411764706,4,5
2149,GHC,15,1.3,4,1000,1,0.10394024848937988,False,0.9375,0.7894736842105263,0.8571428571428572,5,9
2150,FCI,15,1.3,4,1000,1,0.048959970474243164,False,-1.0,-1.0,-1.0,-1,-1
2151,MIIC,15,1.3,4,1000,2,0.011600971221923828,False,1.0,0.7894736842105263,0.8823529411764706,4,11
2152,GHC,15,1.3,4,1000,2,0.09812712669372559,False,0.875,0.7368421052631579,0.7999999999999999,7,15
2153,FCI,15,1.3,4,1000,2,0.02180933952331543,False,-1.0,-1.0,-1.0,-1,-1
2154,MIIC,15,1.3,4,1000,3,0.013630867004394531,False,1.0,0.7894736842105263,0.8823529411764706,4,8
2155,GHC,15,1.3,4,1000,3,0.09894585609436035,False,0.8235294117647058,0.7368421052631579,0.7777777777777778,8,16
2156,FCI,15,1.3,4,1000,3,0.025966167449951172,False,-1.0,-1.0,-1.0,-1,-1
2157,MIIC,15,1.3,4,1000,4,0.012014150619506836,False,1.0,0.6666666666666666,0.8,6,6
2158,GHC,15,1.3,4,1000,4,0.09636402130126953,False,0.7857142857142857,0.6111111111111112,0.6875000000000001,10,14
2159,FCI,15,1.3,4,1000,4,0.01642918586730957,False,-1.0,-1.0,-1.0,-1,-1
2160,MIIC,15,1.5,2,100,0,0.006263017654418945,False,0.875,0.3181818181818182,0.4666666666666667,16,22
2161,GHC,15,1.5,2,100,0,0.08823919296264648,False,0.8,0.36363636363636365,0.5000000000000001,16,19
2162,FCI,15,1.5,2,100,0,0.006983041763305664,False,-1.0,-1.0,-1.0,-1,-1
2163,MIIC,15,1.5,2,100,1,0.009381294250488281,False,0.6,0.4090909090909091,0.4864864864864865,19,26
2164,GHC,15,1.5,2,100,1,0.09052801132202148,False,0.8333333333333334,0.45454545454545453,0.5882352941176471,14,18
2165,FCI,15,1.5,2,100,1,0.00863504409790039,False,-1.0,-1.0,-1.0,-1,-1
2166,MIIC,15,1.5,2,100,2,0.008873224258422852,False,0.8461538461538461,0.5,0.6285714285714286,13,19
2167,GHC,15,1.5,2,100,2,0.09272599220275879,False,0.75,0.5454545454545454,0.631578947368421,14,20
2168,FCI,15,1.5,2,100,2,0.008131980895996094,False,-1.0,-1.0,-1.0,-1,-1
2169,MIIC,15,1.5,2,100,3,0.007932186126708984,False,0.8181818181818182,0.45,0.5806451612903226,13,18
2170,GHC,15,1.5,2,100,3,0.09805893898010254,False,0.47058823529411764,0.4,0.4324324324324324,21,25
2171,FCI,15,1.5,2,100,3,0.008977890014648438,False,-1.0,-1.0,-1.0,-1,-1
2172,MIIC,15,1.5,2,100,4,0.00698399543762207,False,0.625,0.23809523809523808,0.3448275862068965,19,24
2173,GHC,15,1.5,2,100,4,0.08550882339477539,False,0.625,0.23809523809523808,0.3448275862068965,19,23
2174,FCI,15,1.5,2,100,4,0.006214141845703125,False,-1.0,-1.0,-1.0,-1,-1
2175,MIIC,15,1.5,2,250,0,0.009660005569458008,False,0.8461538461538461,0.5,0.6285714285714286,13,15
2176,GHC,15,1.5,2,250,0,0.09156179428100586,False,0.8333333333333334,0.45454545454545453,0.5882352941176471,14,17
2177,FCI,15,1.5,2,250,0,0.01030111312866211,False,-1.0,-1.0,-1.0,-1,-1
2178,MIIC,15,1.5,2,250,1,0.008222103118896484,False,0.7272727272727273,0.36363636363636365,0.4848484848484849,17,20
2179,GHC,15,1.5,2,250,1,0.09246110916137695,False,0.8333333333333334,0.45454545454545453,0.5882352941176471,14,19
2180,FCI,15,1.5,2,250,1,0.008419036865234375,False,-1.0,-1.0,-1.0,-1,-1
2181,MIIC,15,1.5,2,250,2,0.010642051696777344,False,1.0,0.6666666666666666,0.8,7,10
2182,GHC,15,1.5,2,250,2,0.09507989883422852,False,0.9285714285714286,0.6190476190476191,0.742857142857143,9,12
2183,FCI,15,1.5,2,250,2,0.013935089111328125,False,-1.0,-1.0,-1.0,-1,-1
2184,MIIC,15,1.5,2,250,3,0.009632110595703125,False,0.8571428571428571,0.5454545454545454,0.6666666666666665,12,20
2185,GHC,15,1.5,2,250,3,0.09650397300720215,False,0.875,0.6363636363636364,0.7368421052631579,10,20
2186,FCI,15,1.5,2,250,3,0.015352010726928711,False,-1.0,-1.0,-1.0,-1,-1
2187,MIIC,15,1.5,2,250,4,0.010477066040039062,False,0.8571428571428571,0.6,0.7058823529411764,10,13
2188,GHC,15,1.5,2,250,4,0.09469199180603027,False,0.8,0.6,0.6857142857142857,11,13
2189,FCI,15,1.5,2,250,4,0.025711774826049805,False,-1.0,-1.0,-1.0,-1,-1
2190,MIIC,15,1.5,2,500,0,0.010986089706420898,False,0.9230769230769231,0.5454545454545454,0.6857142857142856,11,16
2191,GHC,15,1.5,2,500,0,0.09819507598876953,False,0.875,0.6363636363636364,0.7368421052631579,10,17
2192,FCI,15,1.5,2,500,0,0.011486053466796875,False,-1.0,-1.0,-1.0,-1,-1
2193,MIIC,15,1.5,2,500,1,0.011570215225219727,False,0.8125,0.5909090909090909,0.6842105263157896,12,17
2194,GHC,15,1.5,2,500,1,0.09516501426696777,False,0.9333333333333333,0.6363636363636364,0.7567567567567568,9,13
2195,FCI,15,1.5,2,500,1,0.027698755264282227,False,-1.0,-1.0,-1.0,-1,-1
2196,MIIC,15,1.5,2,500,2,0.009290933609008789,False,1.0,0.5,0.6666666666666666,11,14
2197,GHC,15,1.5,2,500,2,0.09230804443359375,False,1.0,0.5909090909090909,0.7428571428571429,9,14
2198,FCI,15,1.5,2,500,2,0.016061782836914062,False,-1.0,-1.0,-1.0,-1,-1
2199,MIIC,15,1.5,2,500,3,0.011273860931396484,False,0.9285714285714286,0.5909090909090909,0.7222222222222223,10,17
2200,GHC,15,1.5,2,500,3,0.10137796401977539,False,0.8125,0.5909090909090909,0.6842105263157896,12,21
2201,FCI,15,1.5,2,500,3,0.02352309226989746,False,-1.0,-1.0,-1.0,-1,-1
2202,MIIC,15,1.5,2,500,4,0.011246204376220703,False,0.9285714285714286,0.5909090909090909,0.7222222222222223,10,18
2203,GHC,15,1.5,2,500,4,0.09542608261108398,False,0.8,0.5454545454545454,0.6486486486486486,13,22
2204,FCI,15,1.5,2,500,4,0.03034520149230957,False,-1.0,-1.0,-1.0,-1,-1
2205,MIIC,15,1.5,2,1000,0,0.01104116439819336,False,0.9166666666666666,0.5,0.6470588235294118,12,19
2206,GHC,15,1.5,2,1000,0,0.09785079956054688,False,0.7857142857142857,0.5,0.6111111111111112,14,21
2207,FCI,15,1.5,2,1000,0,0.033296823501586914,False,-1.0,-1.0,-1.0,-1,-1
2208,MIIC,15,1.5,2,1000,1,0.012659311294555664,False,0.9285714285714286,0.6190476190476191,0.742857142857143,9,12
2209,GHC,15,1.5,2,1000,1,0.09988188743591309,False,0.9333333333333333,0.6666666666666666,0.7777777777777778,8,10
2210,FCI,15,1.5,2,1000,1,0.026016950607299805,False,-1.0,-1.0,-1.0,-1,-1
2211,MIIC,15,1.5,2,1000,2,0.01267695426940918,False,1.0,0.6363636363636364,0.7777777777777778,8,12
2212,GHC,15,1.5,2,1000,2,0.10330319404602051,False,0.9523809523809523,0.9090909090909091,0.9302325581395349,3,5
2213,FCI,15,1.5,2,1000,2,0.055665016174316406,False,-1.0,-1.0,-1.0,-1,-1
2214,MIIC,15,1.5,2,1000,3,0.01340174674987793,False,0.8666666666666667,0.5909090909090909,0.7027027027027029,11,13
2215,GHC,15,1.5,2,1000,3,0.11114788055419922,False,0.75,0.6818181818181818,0.7142857142857143,12,17
2216,FCI,15,1.5,2,1000,3,0.035919904708862305,False,-1.0,-1.0,-1.0,-1,-1
2217,MIIC,15,1.5,2,1000,4,0.016867876052856445,False,0.8333333333333334,0.7142857142857143,0.7692307692307692,9,17
2218,GHC,15,1.5,2,1000,4,0.11595392227172852,False,0.75,0.8571428571428571,0.7999999999999999,9,19
2219,FCI,15,1.5,2,1000,4,0.2775418758392334,False,-1.0,-1.0,-1.0,-1,-1
2220,MIIC,15,1.5,3,100,0,0.006086826324462891,False,0.8571428571428571,0.2727272727272727,0.41379310344827586,17,20
2221,GHC,15,1.5,3,100,0,0.08083677291870117,False,0.8,0.18181818181818182,0.2962962962962963,19,21
2222,FCI,15,1.5,3,100,0,0.008020877838134766,False,-1.0,-1.0,-1.0,-1,-1
2223,MIIC,15,1.5,3,100,1,0.006041049957275391,False,0.8333333333333334,0.22727272727272727,0.35714285714285715,18,20
2224,GHC,15,1.5,3,100,1,0.08126187324523926,False,0.8,0.18181818181818182,0.2962962962962963,19,19
2225,FCI,15,1.5,3,100,1,0.00803995132446289,False,-1.0,-1.0,-1.0,-1,-1
2226,MIIC,15,1.5,3,100,2,0.005537986755371094,False,0.8333333333333334,0.22727272727272727,0.35714285714285715,18,22
2227,GHC,15,1.5,3,100,2,0.07959914207458496,False,1.0,0.18181818181818182,0.3076923076923077,18,21
2228,FCI,15,1.5,3,100,2,0.006907939910888672,False,-1.0,-1.0,-1.0,-1,-1
2229,MIIC,15,1.5,3,100,3,0.007391929626464844,False,0.7272727272727273,0.36363636363636365,0.4848484848484849,17,21
2230,GHC,15,1.5,3,100,3,0.08946585655212402,False,0.7,0.3181818181818182,0.4375,18,21
2231,FCI,15,1.5,3,100,3,0.008518695831298828,False,-1.0,-1.0,-1.0,-1,-1
2232,MIIC,15,1.5,3,100,4,0.006233692169189453,False,0.8571428571428571,0.2727272727272727,0.41379310344827586,17,21
2233,GHC,15,1.5,3,100,4,0.08403706550598145,False,1.0,0.2727272727272727,0.42857142857142855,16,19
2234,FCI,15,1.5,3,100,4,0.00637507438659668,False,-1.0,-1.0,-1.0,-1,-1
2235,MIIC,15,1.5,3,250,0,0.006114006042480469,False,1.0,0.3181818181818182,0.4827586206896552,15,21
2236,GHC,15,1.5,3,250,0,0.08460593223571777,False,0.875,0.3181818181818182,0.4666666666666667,16,21
2237,FCI,15,1.5,3,250,0,0.008257150650024414,False,-1.0,-1.0,-1.0,-1,-1
2238,MIIC,15,1.5,3,250,1,0.0061740875244140625,False,1.0,0.2727272727272727,0.42857142857142855,16,22
2239,GHC,15,1.5,3,250,1,0.08098721504211426,False,1.0,0.2727272727272727,0.42857142857142855,16,22
2240,FCI,15,1.5,3,250,1,0.010377883911132812,False,-1.0,-1.0,-1.0,-1,-1
2241,MIIC,15,1.5,3,250,2,0.01062774658203125,False,0.9230769230769231,0.5454545454545454,0.6857142857142856,11,17
2242,GHC,15,1.5,3,250,2,0.09635472297668457,False,0.8666666666666667,0.5909090909090909,0.7027027027027029,11,16
2243,FCI,15,1.5,3,250,2,0.012780904769897461,False,-1.0,-1.0,-1.0,-1,-1
2244,MIIC,15,1.5,3,250,3,0.008354902267456055,False,0.9166666666666666,0.5,0.6470588235294118,12,18
2245,GHC,15,1.5,3,250,3,0.08758139610290527,False,1.0,0.45454545454545453,0.625,12,19
2246,FCI,15,1.5,3,250,3,0.00975489616394043,False,-1.0,-1.0,-1.0,-1,-1
2247,MIIC,15,1.5,3,250,4,0.007642030715942383,False,1.0,0.45454545454545453,0.625,12,20
2248,GHC,15,1.5,3,250,4,0.08606100082397461,False,1.0,0.4090909090909091,0.5806451612903226,13,21
2249,FCI,15,1.5,3,250,4,0.010447978973388672,False,-1.0,-1.0,-1.0,-1,-1
2250,MIIC,15,1.5,3,500,0,0.012565135955810547,False,0.9285714285714286,0.5909090909090909,0.7222222222222223,10,14
2251,GHC,15,1.5,3,500,0,0.0981900691986084,False,0.8666666666666667,0.5909090909090909,0.7027027027027029,11,16
2252,FCI,15,1.5,3,500,0,0.09651494026184082,False,-1.0,-1.0,-1.0,-1,-1
2253,MIIC,15,1.5,3,500,1,0.010923147201538086,False,0.9285714285714286,0.5909090909090909,0.7222222222222223,10,19
2254,GHC,15,1.5,3,500,1,0.09572482109069824,False,1.0,0.7272727272727273,0.8421052631578948,6,14
2255,FCI,15,1.5,3,500,1,0.02788519859313965,False,-1.0,-1.0,-1.0,-1,-1
2256,MIIC,15,1.5,3,500,2,0.010371208190917969,False,1.0,0.5909090909090909,0.7428571428571429,9,17
2257,GHC,15,1.5,3,500,2,0.09094405174255371,False,0.9166666666666666,0.5,0.6470588235294118,12,22
2258,FCI,15,1.5,3,500,2,0.019862890243530273,False,-1.0,-1.0,-1.0,-1,-1
2259,MIIC,15,1.5,3,500,3,0.009486198425292969,False,0.9090909090909091,0.45454545454545453,0.6060606060606061,13,19
2260,GHC,15,1.5,3,500,3,0.0939338207244873,False,0.9230769230769231,0.5454545454545454,0.6857142857142856,11,16
2261,FCI,15,1.5,3,500,3,0.012347221374511719,False,-1.0,-1.0,-1.0,-1,-1
2262,MIIC,15,1.5,3,500,4,0.01371908187866211,False,1.0,0.8636363636363636,0.9268292682926829,3,13
2263,GHC,15,1.5,3,500,4,0.1058189868927002,False,1.0,0.7727272727272727,0.8717948717948718,5,11
2264,FCI,15,1.5,3,500,4,0.04787921905517578,False,-1.0,-1.0,-1.0,-1,-1
2265,MIIC,15,1.5,3,1000,0,0.01549220085144043,False,1.0,0.8181818181818182,0.9,4,6
2266,GHC,15,1.5,3,1000,0,0.09853005409240723,False,0.8333333333333334,0.6818181818181818,0.7499999999999999,10,19
2267,FCI,15,1.5,3,1000,0,0.0591890811920166,False,-1.0,-1.0,-1.0,-1,-1
2268,MIIC,15,1.5,3,1000,1,0.014037132263183594,False,1.0,0.6818181818181818,0.8108108108108109,7,17
2269,GHC,15,1.5,3,1000,1,0.10492730140686035,False,0.9375,0.6818181818181818,0.7894736842105263,8,15
2270,FCI,15,1.5,3,1000,1,0.07372593879699707,False,-1.0,-1.0,-1.0,-1,-1
2271,MIIC,15,1.5,3,1000,2,0.01269078254699707,False,1.0,0.6818181818181818,0.8108108108108109,7,10
2272,GHC,15,1.5,3,1000,2,0.10475420951843262,False,0.8823529411764706,0.6818181818181818,0.7692307692307693,9,19
2273,FCI,15,1.5,3,1000,2,0.09984993934631348,False,-1.0,-1.0,-1.0,-1,-1
2274,MIIC,15,1.5,3,1000,3,0.014741897583007812,False,0.9411764705882353,0.7272727272727273,0.8205128205128205,7,7
2275,GHC,15,1.5,3,1000,3,0.10186433792114258,False,0.8888888888888888,0.7272727272727273,0.7999999999999999,8,10
2276,FCI,15,1.5,3,1000,3,0.08648419380187988,False,-1.0,-1.0,-1.0,-1,-1
2277,MIIC,15,1.5,3,1000,4,0.010869979858398438,False,1.0,0.5454545454545454,0.7058823529411764,10,17
2278,GHC,15,1.5,3,1000,4,0.09888792037963867,False,0.8125,0.5909090909090909,0.6842105263157896,12,19
2279,FCI,15,1.5,3,1000,4,0.04064774513244629,False,-1.0,-1.0,-1.0,-1,-1
2280,MIIC,15,1.5,4,100,0,0.0054171085357666016,False,1.0,0.22727272727272727,0.37037037037037035,17,20
2281,GHC,15,1.5,4,100,0,0.07833075523376465,False,0.6666666666666666,0.09090909090909091,0.16,21,22
2282,FCI,15,1.5,4,100,0,0.00557398796081543,False,0.75,0.13636363636363635,0.23076923076923075,20,21
2283,MIIC,15,1.5,4,100,1,0.004271030426025391,False,1.0,0.09090909090909091,0.16666666666666669,20,22
2284,GHC,15,1.5,4,100,1,0.07536578178405762,False,1.0,0.045454545454545456,0.08695652173913045,21,22
2285,FCI,15,1.5,4,100,1,0.00769805908203125,False,-1.0,-1.0,-1.0,-1,-1
2286,MIIC,15,1.5,4,100,2,0.007626056671142578,False,0.9,0.4090909090909091,0.5625000000000001,14,21
2287,GHC,15,1.5,4,100,2,0.08446502685546875,False,1.0,0.36363636363636365,0.5333333333333333,14,21
2288,FCI,15,1.5,4,100,2,0.009897947311401367,False,-1.0,-1.0,-1.0,-1,-1
2289,MIIC,15,1.5,4,100,3,0.006659984588623047,False,0.8888888888888888,0.36363636363636365,0.5161290322580644,15,21
2290,GHC,15,1.5,4,100,3,0.08524894714355469,False,0.875,0.3181818181818182,0.4666666666666667,16,22
2291,FCI,15,1.5,4,100,3,0.006852865219116211,False,-1.0,-1.0,-1.0,-1,-1
2292,MIIC,15,1.5,4,100,4,0.004498958587646484,False,1.0,0.13636363636363635,0.24000000000000002,19,21
2293,GHC,15,1.5,4,100,4,0.07815384864807129,False,1.0,0.13636363636363635,0.24000000000000002,19,21
2294,FCI,15,1.5,4,100,4,0.005076408386230469,False,0.75,0.13636363636363635,0.23076923076923075,20,22
2295,MIIC,15,1.5,4,250,0,0.007918119430541992,False,0.9,0.4090909090909091,0.5625000000000001,14,20
2296,GHC,15,1.5,4,250,0,0.09020185470581055,False,0.7272727272727273,0.36363636363636365,0.4848484848484849,17,24
2297,FCI,15,1.5,4,250,0,0.008063077926635742,False,-1.0,-1.0,-1.0,-1,-1
2298,MIIC,15,1.5,4,250,1,0.008179903030395508,False,1.0,0.5,0.6666666666666666,11,17
2299,GHC,15,1.5,4,250,1,0.08720016479492188,False,1.0,0.36363636363636365,0.5333333333333333,14,18
2300,FCI,15,1.5,4,250,1,0.008487939834594727,False,-1.0,-1.0,-1.0,-1,-1
2301,MIIC,15,1.5,4,250,2,0.00776219367980957,False,1.0,0.45454545454545453,0.625,12,20
2302,GHC,15,1.5,4,250,2,0.08487296104431152,False,0.875,0.3181818181818182,0.4666666666666667,16,17
2303,FCI,15,1.5,4,250,2,0.009276866912841797,False,-1.0,-1.0,-1.0,-1,-1
2304,MIIC,15,1.5,4,250,3,0.009872198104858398,False,1.0,0.5,0.6666666666666666,11,19
2305,GHC,15,1.5,4,250,3,0.08565902709960938,False,0.8888888888888888,0.36363636363636365,0.5161290322580644,15,19
2306,FCI,15,1.5,4,250,3,0.011774778366088867,False,-1.0,-1.0,-1.0,-1,-1
2307,MIIC,15,1.5,4,250,4,0.007487058639526367,False,0.8888888888888888,0.36363636363636365,0.5161290322580644,15,21
2308,GHC,15,1.5,4,250,4,0.08691000938415527,False,1.0,0.4090909090909091,0.5806451612903226,13,21
2309,FCI,15,1.5,4,250,4,0.009299039840698242,False,-1.0,-1.0,-1.0,-1,-1
2310,MIIC,15,1.5,4,500,0,0.008612871170043945,False,0.9166666666666666,0.5,0.6470588235294118,12,19
2311,GHC,15,1.5,4,500,0,0.08544707298278809,False,1.0,0.3181818181818182,0.4827586206896552,15,21
2312,FCI,15,1.5,4,500,0,0.013070106506347656,False,-1.0,-1.0,-1.0,-1,-1
2313,MIIC,15,1.5,4,500,1,0.008748054504394531,False,1.0,0.5,0.6666666666666666,11,15
2314,GHC,15,1.5,4,500,1,0.08945107460021973,False,1.0,0.45454545454545453,0.625,12,18
2315,FCI,15,1.5,4,500,1,0.009458065032958984,False,-1.0,-1.0,-1.0,-1,-1
2316,MIIC,15,1.5,4,500,2,0.008176803588867188,False,1.0,0.4090909090909091,0.5806451612903226,13,19
2317,GHC,15,1.5,4,500,2,0.08909201622009277,False,0.8888888888888888,0.36363636363636365,0.5161290322580644,15,22
2318,FCI,15,1.5,4,500,2,0.012944936752319336,False,-1.0,-1.0,-1.0,-1,-1
2319,MIIC,15,1.5,4,500,3,0.008751869201660156,False,1.0,0.5,0.6666666666666666,11,15
2320,GHC,15,1.5,4,500,3,0.09172606468200684,False,0.9166666666666666,0.5,0.6470588235294118,12,16
2321,FCI,15,1.5,4,500,3,0.012195110321044922,False,-1.0,-1.0,-1.0,-1,-1
2322,MIIC,15,1.5,4,500,4,0.00917196273803711,False,1.0,0.5454545454545454,0.7058823529411764,10,15
2323,GHC,15,1.5,4,500,4,0.08866310119628906,False,1.0,0.5,0.6666666666666666,11,14
2324,FCI,15,1.5,4,500,4,0.012532949447631836,False,-1.0,-1.0,-1.0,-1,-1
2325,MIIC,15,1.5,4,1000,0,0.011670827865600586,False,1.0,0.6363636363636364,0.7777777777777778,8,11
2326,GHC,15,1.5,4,1000,0,0.09940791130065918,False,0.9333333333333333,0.6363636363636364,0.7567567567567568,9,13
2327,FCI,15,1.5,4,1000,0,0.03091716766357422,False,-1.0,-1.0,-1.0,-1,-1
2328,MIIC,15,1.5,4,1000,1,0.012371063232421875,False,1.0,0.5714285714285714,0.7272727272727273,9,12
2329,GHC,15,1.5,4,1000,1,0.09472513198852539,False,1.0,0.5714285714285714,0.7272727272727273,9,10
2330,FCI,15,1.5,4,1000,1,0.017264127731323242,False,-1.0,-1.0,-1.0,-1,-1
2331,MIIC,15,1.5,4,1000,2,0.0164949893951416,False,0.9523809523809523,0.9090909090909091,0.9302325581395349,3,6
2332,GHC,15,1.5,4,1000,2,0.09841299057006836,False,0.8333333333333334,0.6818181818181818,0.7499999999999999,10,17
2333,FCI,15,1.5,4,1000,2,0.07823801040649414,False,-1.0,-1.0,-1.0,-1,-1
2334,MIIC,15,1.5,4,1000,3,0.009786844253540039,False,0.9090909090909091,0.45454545454545453,0.6060606060606061,13,15
2335,GHC,15,1.5,4,1000,3,0.09384918212890625,False,1.0,0.45454545454545453,0.625,12,14
2336,FCI,15,1.5,4,1000,3,0.016923904418945312,False,-1.0,-1.0,-1.0,-1,-1
2337,MIIC,15,1.5,4,1000,4,0.012939929962158203,False,1.0,0.7142857142857143,0.8333333333333333,6,9
2338,GHC,15,1.5,4,1000,4,0.09634804725646973,False,1.0,0.6666666666666666,0.8,7,11
2339,FCI,15,1.5,4,1000,4,0.02070927619934082,False,-1.0,-1.0,-1.0,-1,-1
2340,MIIC,15,1.7,2,100,0,0.010976076126098633,False,0.6666666666666666,0.32,0.43243243243243246,21,27
2341,GHC,15,1.7,2,100,0,0.09315204620361328,False,0.7142857142857143,0.4,0.5128205128205129,19,26
2342,FCI,15,1.7,2,100,0,0.008468151092529297,False,-1.0,-1.0,-1.0,-1,-1
2343,MIIC,15,1.7,2,100,1,0.008301973342895508,False,0.7272727272727273,0.32,0.4444444444444444,20,28
2344,GHC,15,1.7,2,100,1,0.08898806571960449,False,0.7272727272727273,0.32,0.4444444444444444,20,24
2345,FCI,15,1.7,2,100,1,0.007024049758911133,False,-1.0,-1.0,-1.0,-1,-1
2346,MIIC,15,1.7,2,100,2,0.009185075759887695,False,0.8571428571428571,0.48,0.6153846153846153,15,23
2347,GHC,15,1.7,2,100,2,0.09709382057189941,False,0.8666666666666667,0.52,0.65,14,22
2348,FCI,15,1.7,2,100,2,0.007546186447143555,False,-1.0,-1.0,-1.0,-1,-1
2349,MIIC,15,1.7,2,100,3,0.008975028991699219,False,0.8333333333333334,0.4166666666666667,0.5555555555555556,16,24
2350,GHC,15,1.7,2,100,3,0.09234404563903809,False,0.8571428571428571,0.5,0.631578947368421,14,17
2351,FCI,15,1.7,2,100,3,0.007620096206665039,False,-1.0,-1.0,-1.0,-1,-1
2352,MIIC,15,1.7,2,100,4,0.007269144058227539,False,0.7777777777777778,0.28,0.4117647058823529,20,23
2353,GHC,15,1.7,2,100,4,0.08575892448425293,False,0.7777777777777778,0.28,0.4117647058823529,20,25
2354,FCI,15,1.7,2,100,4,0.009265899658203125,False,-1.0,-1.0,-1.0,-1,-1
2355,MIIC,15,1.7,2,250,0,0.010617733001708984,False,0.8333333333333334,0.4,0.5405405405405406,17,25
2356,GHC,15,1.7,2,250,0,0.08746695518493652,False,0.8181818181818182,0.36,0.5,18,26
2357,FCI,15,1.7,2,250,0,0.00949406623840332,False,-1.0,-1.0,-1.0,-1,-1
2358,MIIC,15,1.7,2,250,1,0.009190797805786133,False,0.9166666666666666,0.4782608695652174,0.6285714285714286,13,17
2359,GHC,15,1.7,2,250,1,0.09293007850646973,False,0.9090909090909091,0.43478260869565216,0.5882352941176471,14,18
2360,FCI,15,1.7,2,250,1,0.009742021560668945,False,-1.0,-1.0,-1.0,-1,-1
2361,MIIC,15,1.7,2,250,2,0.007330894470214844,False,1.0,0.4166666666666667,0.5882352941176471,14,20
2362,GHC,15,1.7,2,250,2,0.09023404121398926,False,0.8333333333333334,0.4166666666666667,0.5555555555555556,16,22
2363,FCI,15,1.7,2,250,2,0.00860905647277832,False,-1.0,-1.0,-1.0,-1,-1
2364,MIIC,15,1.7,2,250,3,0.009898900985717773,False,0.8571428571428571,0.48,0.6153846153846153,15,23
2365,GHC,15,1.7,2,250,3,0.0958700180053711,False,0.8461538461538461,0.44,0.5789473684210525,16,25
2366,FCI,15,1.7,2,250,3,0.021219730377197266,False,-1.0,-1.0,-1.0,-1,-1
2367,MIIC,15,1.7,2,250,4,0.007119178771972656,False,0.8888888888888888,0.32,0.47058823529411764,18,22
2368,GHC,15,1.7,2,250,4,0.09428977966308594,False,0.8571428571428571,0.48,0.6153846153846153,15,16
2369,FCI,15,1.7,2,250,4,0.008849859237670898,False,-1.0,-1.0,-1.0,-1,-1
2370,MIIC,15,1.7,2,500,0,0.014065027236938477,False,0.9285714285714286,0.52,0.6666666666666666,13,17
2371,GHC,15,1.7,2,500,0,0.09928703308105469,False,0.9375,0.6,0.7317073170731707,11,14
2372,FCI,15,1.7,2,500,0,0.027009963989257812,False,-1.0,-1.0,-1.0,-1,-1
2373,MIIC,15,1.7,2,500,1,0.014945030212402344,False,0.8947368421052632,0.68,0.7727272727272727,10,13
2374,GHC,15,1.7,2,500,1,0.10594701766967773,False,0.8181818181818182,0.72,0.7659574468085107,11,18
2375,FCI,15,1.7,2,500,1,0.09169816970825195,False,-1.0,-1.0,-1.0,-1,-1
2376,MIIC,15,1.7,2,500,2,0.009198188781738281,False,0.9090909090909091,0.43478260869565216,0.5882352941176471,14,15
2377,GHC,15,1.7,2,500,2,0.1044769287109375,False,0.6875,0.4782608695652174,0.5641025641025642,17,21
2378,FCI,15,1.7,2,500,2,0.017452001571655273,False,-1.0,-1.0,-1.0,-1,-1
2379,MIIC,15,1.7,2,500,3,0.012117862701416016,False,0.8666666666666667,0.5416666666666666,0.6666666666666667,13,17
2380,GHC,15,1.7,2,500,3,0.09570503234863281,False,0.7692307692307693,0.4166666666666667,0.5405405405405406,17,24
2381,FCI,15,1.7,2,500,3,0.06633496284484863,False,-1.0,-1.0,-1.0,-1,-1
2382,MIIC,15,1.7,2,500,4,0.016720056533813477,False,0.9,0.72,0.7999999999999999,9,15
2383,GHC,15,1.7,2,500,4,0.10352206230163574,False,0.9545454545454546,0.84,0.8936170212765958,5,12
2384,FCI,15,1.7,2,500,4,0.1169278621673584,False,-1.0,-1.0,-1.0,-1,-1
2385,MIIC,15,1.7,2,1000,0,0.011822938919067383,False,1.0,0.5833333333333334,0.7368421052631579,10,16
2386,GHC,15,1.7,2,1000,0,0.09891104698181152,False,0.875,0.5833333333333334,0.7000000000000001,12,20
2387,FCI,15,1.7,2,1000,0,0.04078483581542969,False,-1.0,-1.0,-1.0,-1,-1
2388,MIIC,15,1.7,2,1000,1,0.01699995994567871,False,1.0,0.72,0.8372093023255813,7,13
2389,GHC,15,1.7,2,1000,1,0.10592985153198242,False,1.0,0.8,0.888888888888889,5,8
2390,FCI,15,1.7,2,1000,1,0.10595512390136719,False,-1.0,-1.0,-1.0,-1,-1
2391,MIIC,15,1.7,2,1000,2,0.017251014709472656,False,0.95,0.76,0.8444444444444444,7,14
2392,GHC,15,1.7,2,1000,2,0.10677933692932129,False,0.9047619047619048,0.76,0.8260869565217391,8,11
2393,FCI,15,1.7,2,1000,2,0.1019141674041748,False,-1.0,-1.0,-1.0,-1,-1
2394,MIIC,15,1.7,2,1000,3,0.018223047256469727,False,1.0,0.84,0.9130434782608696,4,7
2395,GHC,15,1.7,2,1000,3,0.11407828330993652,False,0.84,0.84,0.8399999999999999,8,15
2396,FCI,15,1.7,2,1000,3,0.45706796646118164,False,-1.0,-1.0,-1.0,-1,-1
2397,MIIC,15,1.7,2,1000,4,0.021589994430541992,False,1.0,0.7916666666666666,0.8837209302325582,5,12
2398,GHC,15,1.7,2,1000,4,0.10201406478881836,False,0.95,0.7916666666666666,0.8636363636363635,6,8
2399,FCI,15,1.7,2,1000,4,0.25139307975769043,False,-1.0,-1.0,-1.0,-1,-1
2400,MIIC,15,1.7,3,100,0,0.007072925567626953,False,1.0,0.4,0.5714285714285715,15,24
2401,GHC,15,1.7,3,100,0,0.09369897842407227,False,1.0,0.36,0.5294117647058824,16,24
2402,FCI,15,1.7,3,100,0,0.0074770450592041016,False,0.8,0.16,0.26666666666666666,22,25
2403,MIIC,15,1.7,3,100,1,0.007941007614135742,False,1.0,0.5217391304347826,0.6857142857142856,11,17
2404,GHC,15,1.7,3,100,1,0.08921504020690918,False,1.0,0.4782608695652174,0.6470588235294118,12,14
2405,FCI,15,1.7,3,100,1,0.009364128112792969,False,-1.0,-1.0,-1.0,-1,-1
2406,MIIC,15,1.7,3,100,2,0.006360054016113281,False,0.5714285714285714,0.16666666666666666,0.25806451612903225,23,25
2407,GHC,15,1.7,3,100,2,0.0815882682800293,False,0.6666666666666666,0.16666666666666666,0.26666666666666666,22,26
2408,FCI,15,1.7,3,100,2,0.006852865219116211,False,-1.0,-1.0,-1.0,-1,-1
2409,MIIC,15,1.7,3,100,3,0.00559687614440918,False,1.0,0.24,0.3870967741935484,19,23
2410,GHC,15,1.7,3,100,3,0.0808098316192627,False,1.0,0.2,0.33333333333333337,20,24
2411,FCI,15,1.7,3,100,3,0.006742000579833984,False,-1.0,-1.0,-1.0,-1,-1
2412,MIIC,15,1.7,3,100,4,0.0066912174224853516,False,0.8571428571428571,0.24,0.375,20,23
2413,GHC,15,1.7,3,100,4,0.08106708526611328,False,0.8333333333333334,0.2,0.3225806451612903,21,22
2414,FCI,15,1.7,3,100,4,0.006877899169921875,False,-1.0,-1.0,-1.0,-1,-1
2415,MIIC,15,1.7,3,250,0,0.005668163299560547,False,0.8,0.16666666666666666,0.27586206896551724,21,25
2416,GHC,15,1.7,3,250,0,0.0785989761352539,False,0.75,0.125,0.21428571428571427,22,25
2417,FCI,15,1.7,3,250,0,0.007180213928222656,False,-1.0,-1.0,-1.0,-1,-1
2418,MIIC,15,1.7,3,250,1,0.009507179260253906,False,0.9230769230769231,0.5,0.6486486486486487,13,25
2419,GHC,15,1.7,3,250,1,0.09218001365661621,False,0.8666666666666667,0.5416666666666666,0.6666666666666667,13,19
2420,FCI,15,1.7,3,250,1,0.015890121459960938,False,-1.0,-1.0,-1.0,-1,-1
2421,MIIC,15,1.7,3,250,2,0.007426738739013672,False,1.0,0.36,0.5294117647058824,16,20
2422,GHC,15,1.7,3,250,2,0.08315706253051758,False,1.0,0.32,0.48484848484848486,17,20
2423,FCI,15,1.7,3,250,2,0.011624813079833984,False,-1.0,-1.0,-1.0,-1,-1
2424,MIIC,15,1.7,3,250,3,0.008373022079467773,False,0.8888888888888888,0.3333333333333333,0.48484848484848486,17,20
2425,GHC,15,1.7,3,250,3,0.08490800857543945,False,0.875,0.2916666666666667,0.43750000000000006,18,20
2426,FCI,15,1.7,3,250,3,0.008953094482421875,False,-1.0,-1.0,-1.0,-1,-1
2427,MIIC,15,1.7,3,250,4,0.0076351165771484375,False,0.8888888888888888,0.32,0.47058823529411764,18,20
2428,GHC,15,1.7,3,250,4,0.08510589599609375,False,0.8571428571428571,0.24,0.375,20,21
2429,FCI,15,1.7,3,250,4,0.008189916610717773,False,-1.0,-1.0,-1.0,-1,-1
2430,MIIC,15,1.7,3,500,0,0.011252880096435547,False,1.0,0.56,0.717948717948718,11,18
2431,GHC,15,1.7,3,500,0,0.10103178024291992,False,0.9333333333333333,0.56,0.7000000000000001,12,18
2432,FCI,15,1.7,3,500,0,0.016409873962402344,False,-1.0,-1.0,-1.0,-1,-1
2433,MIIC,15,1.7,3,500,1,0.008718013763427734,False,1.0,0.44,0.6111111111111112,14,18
2434,GHC,15,1.7,3,500,1,0.09821295738220215,False,0.9166666666666666,0.44,0.5945945945945945,15,20
2435,FCI,15,1.7,3,500,1,0.010669946670532227,False,-1.0,-1.0,-1.0,-1,-1
2436,MIIC,15,1.7,3,500,2,0.012480020523071289,False,0.9444444444444444,0.68,0.7906976744186047,9,17
2437,GHC,15,1.7,3,500,2,0.09579801559448242,False,1.0,0.64,0.7804878048780487,9,16
2438,FCI,15,1.7,3,500,2,0.037581682205200195,False,-1.0,-1.0,-1.0,-1,-1
2439,MIIC,15,1.7,3,500,3,0.007817983627319336,False,0.7777777777777778,0.30434782608695654,0.43750000000000006,18,21
2440,GHC,15,1.7,3,500,3,0.08852982521057129,False,1.0,0.391304347826087,0.5625,14,17
2441,FCI,15,1.7,3,500,3,0.00939798355102539,False,-1.0,-1.0,-1.0,-1,-1
2442,MIIC,15,1.7,3,500,4,0.010068893432617188,False,0.8666666666666667,0.52,0.65,14,22
2443,GHC,15,1.7,3,500,4,0.09618210792541504,False,0.9166666666666666,0.44,0.5945945945945945,15,22
2444,FCI,15,1.7,3,500,4,0.016655921936035156,False,-1.0,-1.0,-1.0,-1,-1
2445,MIIC,15,1.7,3,1000,0,0.01442098617553711,False,1.0,0.6,0.7499999999999999,10,17
2446,GHC,15,1.7,3,1000,0,0.10056304931640625,False,1.0,0.56,0.717948717948718,11,16
2447,FCI,15,1.7,3,1000,0,0.03204178810119629,False,-1.0,-1.0,-1.0,-1,-1
2448,MIIC,15,1.7,3,1000,1,0.013314008712768555,False,1.0,0.64,0.7804878048780487,9,13
2449,GHC,15,1.7,3,1000,1,0.10104608535766602,False,1.0,0.6,0.7499999999999999,10,14
2450,FCI,15,1.7,3,1000,1,0.06113314628601074,False,-1.0,-1.0,-1.0,-1,-1
2451,MIIC,15,1.7,3,1000,2,0.01564502716064453,False,1.0,0.72,0.8372093023255813,7,14
2452,GHC,15,1.7,3,1000,2,0.10848021507263184,False,0.8421052631578947,0.64,0.7272727272727272,12,19
2453,FCI,15,1.7,3,1000,2,0.15008211135864258,False,-1.0,-1.0,-1.0,-1,-1
2454,MIIC,15,1.7,3,1000,3,0.017947912216186523,False,1.0,0.76,0.8636363636363636,6,10
2455,GHC,15,1.7,3,1000,3,0.10952901840209961,False,0.95,0.76,0.8444444444444444,7,7
2456,FCI,15,1.7,3,1000,3,0.04927206039428711,False,-1.0,-1.0,-1.0,-1,-1
2457,MIIC,15,1.7,3,1000,4,0.014000177383422852,False,1.0,0.6521739130434783,0.7894736842105263,8,11
2458,GHC,15,1.7,3,1000,4,0.10236215591430664,False,0.9411764705882353,0.6956521739130435,0.7999999999999999,8,14
2459,FCI,15,1.7,3,1000,4,0.026363849639892578,False,-1.0,-1.0,-1.0,-1,-1
2460,MIIC,15,1.7,4,100,0,0.007294893264770508,False,0.8571428571428571,0.24,0.375,20,25
2461,GHC,15,1.7,4,100,0,0.09064793586730957,False,0.8571428571428571,0.24,0.375,20,23
2462,FCI,15,1.7,4,100,0,0.006705284118652344,False,-1.0,-1.0,-1.0,-1,-1
2463,MIIC,15,1.7,4,100,1,0.005269050598144531,False,0.8,0.16,0.26666666666666666,22,24
2464,GHC,15,1.7,4,100,1,0.07938170433044434,False,1.0,0.12,0.21428571428571425,22,23
2465,FCI,15,1.7,4,100,1,0.005623817443847656,False,-1.0,-1.0,-1.0,-1,-1
2466,MIIC,15,1.7,4,100,2,0.007158756256103516,False,1.0,0.32,0.48484848484848486,17,19
2467,GHC,15,1.7,4,100,2,0.08565783500671387,False,0.8571428571428571,0.24,0.375,20,20
2468,FCI,15,1.7,4,100,2,0.006229877471923828,False,-1.0,-1.0,-1.0,-1,-1
2469,MIIC,15,1.7,4,100,3,0.004843950271606445,False,1.0,0.16,0.2758620689655173,21,24
2470,GHC,15,1.7,4,100,3,0.07666468620300293,False,1.0,0.08,0.14814814814814814,23,24
2471,FCI,15,1.7,4,100,3,0.007088899612426758,False,-1.0,-1.0,-1.0,-1,-1
2472,MIIC,15,1.7,4,100,4,0.007508039474487305,False,0.9,0.391304347826087,0.5454545454545454,15,23
2473,GHC,15,1.7,4,100,4,0.09006595611572266,False,0.8888888888888888,0.34782608695652173,0.5,16,21
2474,FCI,15,1.7,4,100,4,0.007506847381591797,False,1.0,0.13043478260869565,0.23076923076923078,20,22
2475,MIIC,15,1.7,4,250,0,0.006096839904785156,False,0.8333333333333334,0.2,0.3225806451612903,21,24
2476,GHC,15,1.7,4,250,0,0.07932615280151367,False,0.8,0.16,0.26666666666666666,22,24
2477,FCI,15,1.7,4,250,0,0.009486913681030273,False,-1.0,-1.0,-1.0,-1,-1
2478,MIIC,15,1.7,4,250,1,0.006786823272705078,False,0.875,0.2916666666666667,0.43750000000000006,18,23
2479,GHC,15,1.7,4,250,1,0.08454704284667969,False,0.875,0.2916666666666667,0.43750000000000006,18,23
2480,FCI,15,1.7,4,250,1,0.009192943572998047,False,-1.0,-1.0,-1.0,-1,-1
2481,MIIC,15,1.7,4,250,2,0.007207155227661133,False,0.8888888888888888,0.32,0.47058823529411764,18,26
2482,GHC,15,1.7,4,250,2,0.08176803588867188,False,1.0,0.28,0.43750000000000006,18,23
2483,FCI,15,1.7,4,250,2,0.011504888534545898,False,-1.0,-1.0,-1.0,-1,-1
2484,MIIC,15,1.7,4,250,3,0.0049288272857666016,False,1.0,0.125,0.2222222222222222,21,23
2485,GHC,15,1.7,4,250,3,0.07480192184448242,False,1.0,0.08333333333333333,0.15384615384615385,22,23
2486,FCI,15,1.7,4,250,3,0.008196115493774414,False,-1.0,-1.0,-1.0,-1,-1
2487,MIIC,15,1.7,4,250,4,0.007269859313964844,False,1.0,0.36,0.5294117647058824,16,20
2488,GHC,15,1.7,4,250,4,0.08714699745178223,False,1.0,0.28,0.43750000000000006,18,20
2489,FCI,15,1.7,4,250,4,0.008440971374511719,False,-1.0,-1.0,-1.0,-1,-1
2490,MIIC,15,1.7,4,500,0,0.011194944381713867,False,1.0,0.52,0.6842105263157895,12,14
2491,GHC,15,1.7,4,500,0,0.09151983261108398,False,1.0,0.44,0.6111111111111112,14,15
2492,FCI,15,1.7,4,500,0,0.017615795135498047,False,-1.0,-1.0,-1.0,-1,-1
2493,MIIC,15,1.7,4,500,1,0.009607076644897461,False,1.0,0.52,0.6842105263157895,12,13
2494,GHC,15,1.7,4,500,1,0.09995317459106445,False,0.7857142857142857,0.44,0.5641025641025641,17,23
2495,FCI,15,1.7,4,500,1,0.024873971939086914,False,-1.0,-1.0,-1.0,-1,-1
2496,MIIC,15,1.7,4,500,2,0.007322788238525391,False,1.0,0.3333333333333333,0.5,16,18
2497,GHC,15,1.7,4,500,2,0.09319806098937988,False,0.9,0.375,0.5294117647058825,16,18
2498,FCI,15,1.7,4,500,2,0.013350248336791992,False,-1.0,-1.0,-1.0,-1,-1
2499,MIIC,15,1.7,4,500,3,0.008398056030273438,False,1.0,0.4166666666666667,0.5882352941176471,14,14
2500,GHC,15,1.7,4,500,3,0.08954000473022461,False,1.0,0.3333333333333333,0.5,16,17
2501,FCI,15,1.7,4,500,3,0.01166677474975586,False,-1.0,-1.0,-1.0,-1,-1
2502,MIIC,15,1.7,4,500,4,0.007991790771484375,False,1.0,0.36,0.5294117647058824,16,17
2503,GHC,15,1.7,4,500,4,0.08607602119445801,False,1.0,0.36,0.5294117647058824,16,16
2504,FCI,15,1.7,4,500,4,0.012660026550292969,False,-1.0,-1.0,-1.0,-1,-1
2505,MIIC,15,1.7,4,1000,0,0.01458120346069336,False,1.0,0.6666666666666666,0.8,8,9
2506,GHC,15,1.7,4,1000,0,0.1059110164642334,False,0.8947368421052632,0.7083333333333334,0.7906976744186046,9,15
2507,FCI,15,1.7,4,1000,0,0.05317401885986328,False,-1.0,-1.0,-1.0,-1,-1
2508,MIIC,15,1.7,4,1000,1,0.012897968292236328,False,1.0,0.68,0.8095238095238095,8,9
2509,GHC,15,1.7,4,1000,1,0.10533785820007324,False,0.9,0.72,0.7999999999999999,9,13
2510,FCI,15,1.7,4,1000,1,0.03907489776611328,False,-1.0,-1.0,-1.0,-1,-1
2511,MIIC,15,1.7,4,1000,2,0.009256362915039062,False,1.0,0.44,0.6111111111111112,14,19
2512,GHC,15,1.7,4,1000,2,0.09257793426513672,False,0.8461538461538461,0.44,0.5789473684210525,16,25
2513,FCI,15,1.7,4,1000,2,0.033982276916503906,False,-1.0,-1.0,-1.0,-1,-1
2514,MIIC,15,1.7,4,1000,3,0.012431859970092773,False,1.0,0.52,0.6842105263157895,12,15
2515,GHC,15,1.7,4,1000,3,0.09285092353820801,False,0.9166666666666666,0.44,0.5945945945945945,15,20
2516,FCI,15,1.7,4,1000,3,0.026840686798095703,False,-1.0,-1.0,-1.0,-1,-1
2517,MIIC,15,1.7,4,1000,4,0.013333797454833984,False,0.9285714285714286,0.52,0.6666666666666666,13,19
2518,GHC,15,1.7,4,1000,4,0.09329605102539062,False,1.0,0.52,0.6842105263157895,12,16
2519,FCI,15,1.7,4,1000,4,0.02345585823059082,False,-1.0,-1.0,-1.0,-1,-1
2520,MIIC,15,1.9,2,100,0,0.008801937103271484,False,0.5833333333333334,0.25,0.35000000000000003,26,31
2521,GHC,15,1.9,2,100,0,0.08636474609375,False,0.6666666666666666,0.21428571428571427,0.3243243243243243,25,30
2522,FCI,15,1.9,2,100,0,0.005876064300537109,False,1.0,0.21428571428571427,0.35294117647058826,22,26
2523,MIIC,15,1.9,2,100,1,0.007525920867919922,False,0.7,0.25925925925925924,0.37837837837837834,23,27
2524,GHC,15,1.9,2,100,1,0.08560419082641602,False,0.7777777777777778,0.25925925925925924,0.3888888888888889,22,26
2525,FCI,15,1.9,2,100,1,0.007908821105957031,False,-1.0,-1.0,-1.0,-1,-1
2526,MIIC,15,1.9,2,100,2,0.009975910186767578,False,0.625,0.35714285714285715,0.45454545454545453,24,29
2527,GHC,15,1.9,2,100,2,0.09904694557189941,False,0.5882352941176471,0.35714285714285715,0.4444444444444445,25,32
2528,FCI,15,1.9,2,100,2,0.008655071258544922,False,-1.0,-1.0,-1.0,-1,-1
2529,MIIC,15,1.9,2,100,3,0.007814884185791016,False,0.7,0.25,0.3684210526315789,24,27
2530,GHC,15,1.9,2,100,3,0.08894824981689453,False,0.625,0.17857142857142858,0.2777777777777778,26,30
2531,FCI,15,1.9,2,100,3,0.007922887802124023,False,-1.0,-1.0,-1.0,-1,-1
2532,MIIC,15,1.9,2,100,4,0.006711721420288086,False,0.6666666666666666,0.21428571428571427,0.3243243243243243,25,30
2533,GHC,15,1.9,2,100,4,0.08419203758239746,False,0.8571428571428571,0.21428571428571427,0.34285714285714286,23,28
2534,FCI,15,1.9,2,100,4,0.005548954010009766,False,0.75,0.10714285714285714,0.1875,26,28
2535,MIIC,15,1.9,2,250,0,0.009150981903076172,False,0.7692307692307693,0.37037037037037035,0.5,20,25
2536,GHC,15,1.9,2,250,0,0.0930931568145752,False,0.9166666666666666,0.4074074074074074,0.5641025641025641,17,24
2537,FCI,15,1.9,2,250,0,0.010351896286010742,False,-1.0,-1.0,-1.0,-1,-1
2538,MIIC,15,1.9,2,250,1,0.007630825042724609,False,1.0,0.39285714285714285,0.5641025641025641,17,26
2539,GHC,15,1.9,2,250,1,0.09137392044067383,False,1.0,0.42857142857142855,0.6,16,20
2540,FCI,15,1.9,2,250,1,0.04639720916748047,False,-1.0,-1.0,-1.0,-1,-1
2541,MIIC,15,1.9,2,250,2,0.007076263427734375,False,1.0,0.2857142857142857,0.4444444444444445,20,26
2542,GHC,15,1.9,2,250,2,0.0939030647277832,False,1.0,0.25,0.4,21,26
2543,FCI,15,1.9,2,250,2,0.007600069046020508,False,-1.0,-1.0,-1.0,-1,-1
2544,MIIC,15,1.9,2,250,3,0.010362863540649414,False,0.9166666666666666,0.39285714285714285,0.55,18,23
2545,GHC,15,1.9,2,250,3,0.09581804275512695,False,0.875,0.5,0.6363636363636364,16,20
2546,FCI,15,1.9,2,250,3,0.012260198593139648,False,-1.0,-1.0,-1.0,-1,-1
2547,MIIC,15,1.9,2,250,4,0.008610725402832031,False,0.8461538461538461,0.39285714285714285,0.5365853658536585,19,25
2548,GHC,15,1.9,2,250,4,0.09448862075805664,False,0.75,0.32142857142857145,0.45000000000000007,22,28
2549,FCI,15,1.9,2,250,4,0.008278846740722656,False,-1.0,-1.0,-1.0,-1,-1
2550,MIIC,15,1.9,2,500,0,0.015720844268798828,False,0.9411764705882353,0.5714285714285714,0.7111111111111111,13,18
2551,GHC,15,1.9,2,500,0,0.10152697563171387,False,0.9,0.6428571428571429,0.75,12,16
2552,FCI,15,1.9,2,500,0,0.039116859436035156,False,-1.0,-1.0,-1.0,-1,-1
2553,MIIC,15,1.9,2,500,1,0.015876054763793945,False,0.9473684210526315,0.6428571428571429,0.7659574468085106,11,20
2554,GHC,15,1.9,2,500,1,0.10792803764343262,False,0.9090909090909091,0.7142857142857143,0.8,10,17
2555,FCI,15,1.9,2,500,1,0.04634213447570801,False,-1.0,-1.0,-1.0,-1,-1
2556,MIIC,15,1.9,2,500,2,0.014791011810302734,False,1.0,0.6071428571428571,0.7555555555555554,11,15
2557,GHC,15,1.9,2,500,2,0.10544896125793457,False,0.9,0.6428571428571429,0.75,12,22
2558,FCI,15,1.9,2,500,2,0.10278487205505371,False,-1.0,-1.0,-1.0,-1,-1
2559,MIIC,15,1.9,2,500,3,0.014648199081420898,False,0.9473684210526315,0.6428571428571429,0.7659574468085106,11,16
2560,GHC,15,1.9,2,500,3,0.10952401161193848,False,0.9545454545454546,0.75,0.84,8,13
2561,FCI,15,1.9,2,500,3,0.16953492164611816,False,-1.0,-1.0,-1.0,-1,-1
2562,MIIC,15,1.9,2,500,4,0.013763904571533203,False,0.9411764705882353,0.5925925925925926,0.7272727272727272,12,17
2563,GHC,15,1.9,2,500,4,0.10297179222106934,False,0.8421052631578947,0.5925925925925926,0.6956521739130435,14,20
2564,FCI,15,1.9,2,500,4,0.08496904373168945,False,-1.0,-1.0,-1.0,-1,-1
2565,MIIC,15,1.9,2,1000,0,0.015400886535644531,False,0.9444444444444444,0.68,0.7906976744186047,9,13
2566,GHC,15,1.9,2,1000,0,0.11647486686706543,False,0.75,0.72,0.7346938775510204,13,21
2567,FCI,15,1.9,2,1000,0,0.10368800163269043,False,-1.0,-1.0,-1.0,-1,-1
2568,MIIC,15,1.9,2,1000,1,0.0198819637298584,False,0.95,0.7037037037037037,0.8085106382978724,9,13
2569,GHC,15,1.9,2,1000,1,0.12047123908996582,False,0.8571428571428571,0.8888888888888888,0.8727272727272727,7,14
2570,FCI,15,1.9,2,1000,1,0.3435678482055664,False,-1.0,-1.0,-1.0,-1,-1
2571,MIIC,15,1.9,2,1000,2,0.018872976303100586,False,0.9411764705882353,0.5714285714285714,0.7111111111111111,13,18
2572,GHC,15,1.9,2,1000,2,0.10631799697875977,False,0.8181818181818182,0.6428571428571429,0.7200000000000001,14,28
2573,FCI,15,1.9,2,1000,2,0.06857919692993164,False,-1.0,-1.0,-1.0,-1,-1
2574,MIIC,15,1.9,2,1000,3,0.021461009979248047,False,0.8695652173913043,0.7142857142857143,0.7843137254901961,11,15
2575,GHC,15,1.9,2,1000,3,0.1083829402923584,False,0.7916666666666666,0.6785714285714286,0.7307692307692307,14,26
2576,FCI,15,1.9,2,1000,3,0.45909595489501953,False,-1.0,-1.0,-1.0,-1,-1
2577,MIIC,15,1.9,2,1000,4,0.01680898666381836,False,1.0,0.5925925925925926,0.7441860465116279,11,21
2578,GHC,15,1.9,2,1000,4,0.1043539047241211,False,0.85,0.6296296296296297,0.723404255319149,13,24
2579,FCI,15,1.9,2,1000,4,0.14737796783447266,False,-1.0,-1.0,-1.0,-1,-1
2580,MIIC,15,1.9,3,100,0,0.0059010982513427734,False,0.75,0.2222222222222222,0.34285714285714286,23,27
2581,GHC,15,1.9,3,100,0,0.07923483848571777,False,0.5,0.07407407407407407,0.12903225806451613,27,28
2582,FCI,15,1.9,3,100,0,0.006424903869628906,False,-1.0,-1.0,-1.0,-1,-1
2583,MIIC,15,1.9,3,100,1,0.0046541690826416016,False,0.6666666666666666,0.07692307692307693,0.13793103448275862,25,27
2584,GHC,15,1.9,3,100,1,0.08166909217834473,False,0.6666666666666666,0.07692307692307693,0.13793103448275862,25,27
2585,FCI,15,1.9,3,100,1,0.0057830810546875,False,-1.0,-1.0,-1.0,-1,-1
2586,MIIC,15,1.9,3,100,2,0.0069429874420166016,False,0.7142857142857143,0.17857142857142858,0.2857142857142857,25,27
2587,GHC,15,1.9,3,100,2,0.08035707473754883,False,1.0,0.17857142857142858,0.30303030303030304,23,25
2588,FCI,15,1.9,3,100,2,0.006925821304321289,False,-1.0,-1.0,-1.0,-1,-1
2589,MIIC,15,1.9,3,100,3,0.006694316864013672,False,0.8888888888888888,0.3076923076923077,0.4571428571428572,19,25
2590,GHC,15,1.9,3,100,3,0.08698701858520508,False,0.875,0.2692307692307692,0.411764705882353,20,25
2591,FCI,15,1.9,3,100,3,0.006649017333984375,False,-1.0,-1.0,-1.0,-1,-1
2592,MIIC,15,1.9,3,100,4,0.005110025405883789,False,0.8,0.14285714285714285,0.24242424242424243,25,29
2593,GHC,15,1.9,3,100,4,0.08215713500976562,False,0.6,0.10714285714285714,0.18181818181818182,27,30
2594,FCI,15,1.9,3,100,4,0.0054988861083984375,False,-1.0,-1.0,-1.0,-1,-1
2595,MIIC,15,1.9,3,250,0,0.0072460174560546875,False,1.0,0.2857142857142857,0.4444444444444445,20,23
2596,GHC,15,1.9,3,250,0,0.0854940414428711,False,1.0,0.2857142857142857,0.4444444444444445,20,23
2597,FCI,15,1.9,3,250,0,0.008121967315673828,False,-1.0,-1.0,-1.0,-1,-1
2598,MIIC,15,1.9,3,250,1,0.006731986999511719,False,1.0,0.21428571428571427,0.35294117647058826,22,26
2599,GHC,15,1.9,3,250,1,0.08412528038024902,False,0.8333333333333334,0.17857142857142858,0.29411764705882354,24,27
2600,FCI,15,1.9,3,250,1,0.013528108596801758,False,-1.0,-1.0,-1.0,-1,-1
2601,MIIC,15,1.9,3,250,2,0.006559848785400391,False,1.0,0.2857142857142857,0.4444444444444445,20,26
2602,GHC,15,1.9,3,250,2,0.0821998119354248,False,0.8571428571428571,0.21428571428571427,0.34285714285714286,23,28
2603,FCI,15,1.9,3,250,2,0.008540868759155273,False,-1.0,-1.0,-1.0,-1,-1
2604,MIIC,15,1.9,3,250,3,0.007526874542236328,False,1.0,0.32142857142857145,0.4864864864864865,19,28
2605,GHC,15,1.9,3,250,3,0.08974504470825195,False,1.0,0.39285714285714285,0.5641025641025641,17,22
2606,FCI,15,1.9,3,250,3,0.011739015579223633,False,-1.0,-1.0,-1.0,-1,-1
2607,MIIC,15,1.9,3,250,4,0.007444858551025391,False,1.0,0.37037037037037035,0.5405405405405406,17,22
2608,GHC,15,1.9,3,250,4,0.09610891342163086,False,0.9166666666666666,0.4074074074074074,0.5641025641025641,17,20
2609,FCI,15,1.9,3,250,4,0.01140594482421875,False,-1.0,-1.0,-1.0,-1,-1
2610,MIIC,15,1.9,3,500,0,0.010030031204223633,False,1.0,0.5,0.6666666666666666,14,26
2611,GHC,15,1.9,3,500,0,0.08952212333679199,False,0.9090909090909091,0.35714285714285715,0.5128205128205129,19,27
2612,FCI,15,1.9,3,500,0,0.014806032180786133,False,-1.0,-1.0,-1.0,-1,-1
2613,MIIC,15,1.9,3,500,1,0.008461952209472656,False,1.0,0.44,0.6111111111111112,14,18
2614,GHC,15,1.9,3,500,1,0.09307217597961426,False,0.9166666666666666,0.44,0.5945945945945945,15,22
2615,FCI,15,1.9,3,500,1,0.015469074249267578,False,-1.0,-1.0,-1.0,-1,-1
2616,MIIC,15,1.9,3,500,2,0.010771989822387695,False,0.9285714285714286,0.48148148148148145,0.6341463414634146,15,18
2617,GHC,15,1.9,3,500,2,0.09624505043029785,False,0.9285714285714286,0.48148148148148145,0.6341463414634146,15,17
2618,FCI,15,1.9,3,500,2,0.025029897689819336,False,-1.0,-1.0,-1.0,-1,-1
2619,MIIC,15,1.9,3,500,3,0.009575128555297852,False,0.9166666666666666,0.39285714285714285,0.55,18,24
2620,GHC,15,1.9,3,500,3,0.09667611122131348,False,0.9230769230769231,0.42857142857142855,0.5853658536585366,17,26
2621,FCI,15,1.9,3,500,3,0.019604921340942383,False,-1.0,-1.0,-1.0,-1,-1
2622,MIIC,15,1.9,3,500,4,0.011744022369384766,False,1.0,0.4642857142857143,0.6341463414634146,15,17
2623,GHC,15,1.9,3,500,4,0.09815788269042969,False,0.8666666666666667,0.4642857142857143,0.6046511627906976,17,22
2624,FCI,15,1.9,3,500,4,0.03246569633483887,False,-1.0,-1.0,-1.0,-1,-1
2625,MIIC,15,1.9,3,1000,0,0.011633872985839844,False,1.0,0.48148148148148145,0.65,14,21
2626,GHC,15,1.9,3,1000,0,0.0964658260345459,False,1.0,0.48148148148148145,0.65,14,20
2627,FCI,15,1.9,3,1000,0,0.017724275588989258,False,-1.0,-1.0,-1.0,-1,-1
2628,MIIC,15,1.9,3,1000,1,0.016055822372436523,False,1.0,0.75,0.8571428571428571,7,17
2629,GHC,15,1.9,3,1000,1,0.09653091430664062,False,0.8823529411764706,0.5357142857142857,0.6666666666666667,15,24
2630,FCI,15,1.9,3,1000,1,0.08578705787658691,False,-1.0,-1.0,-1.0,-1,-1
2631,MIIC,15,1.9,3,1000,2,0.014127969741821289,False,0.9333333333333333,0.5185185185185185,0.6666666666666667,14,17
2632,GHC,15,1.9,3,1000,2,0.10071492195129395,False,1.0,0.6296296296296297,0.7727272727272727,10,15
2633,FCI,15,1.9,3,1000,2,0.06768298149108887,False,-1.0,-1.0,-1.0,-1,-1
2634,MIIC,15,1.9,3,1000,3,0.017605066299438477,False,1.0,0.7142857142857143,0.8333333333333333,8,14
2635,GHC,15,1.9,3,1000,3,0.10911726951599121,False,0.9545454545454546,0.75,0.84,8,13
2636,FCI,15,1.9,3,1000,3,0.11205792427062988,False,-1.0,-1.0,-1.0,-1,-1
2637,MIIC,15,1.9,3,1000,4,0.008699178695678711,False,1.0,0.2857142857142857,0.4444444444444445,20,26
2638,GHC,15,1.9,3,1000,4,0.08364725112915039,False,1.0,0.25,0.4,21,23
2639,FCI,15,1.9,3,1000,4,0.031419992446899414,False,-1.0,-1.0,-1.0,-1,-1
2640,MIIC,15,1.9,4,100,0,0.005017995834350586,False,1.0,0.14285714285714285,0.25,24,27
2641,GHC,15,1.9,4,100,0,0.07907629013061523,False,0.75,0.10714285714285714,0.1875,26,28
2642,FCI,15,1.9,4,100,0,0.005781888961791992,False,1.0,0.14285714285714285,0.25,24,27
2643,MIIC,15,1.9,4,100,1,0.006616830825805664,False,0.875,0.2692307692307692,0.411764705882353,20,22
2644,GHC,15,1.9,4,100,1,0.09334087371826172,False,0.7777777777777778,0.2692307692307692,0.39999999999999997,21,27
2645,FCI,15,1.9,4,100,1,0.0077021121978759766,False,-1.0,-1.0,-1.0,-1,-1
2646,MIIC,15,1.9,4,100,2,0.005871772766113281,False,0.8333333333333334,0.17857142857142858,0.29411764705882354,24,27
2647,GHC,15,1.9,4,100,2,0.07601308822631836,False,1.0,0.07142857142857142,0.13333333333333333,26,27
2648,FCI,15,1.9,4,100,2,0.008172035217285156,False,-1.0,-1.0,-1.0,-1,-1
2649,MIIC,15,1.9,4,100,3,0.0049550533294677734,False,0.75,0.10714285714285714,0.1875,26,29
2650,GHC,15,1.9,4,100,3,0.07697796821594238,False,1.0,0.07142857142857142,0.13333333333333333,26,28
2651,FCI,15,1.9,4,100,3,0.007162809371948242,False,-1.0,-1.0,-1.0,-1,-1
2652,MIIC,15,1.9,4,100,4,0.004961967468261719,False,0.75,0.10714285714285714,0.1875,26,28
2653,GHC,15,1.9,4,100,4,0.07808279991149902,False,1.0,0.10714285714285714,0.19354838709677416,25,27
2654,FCI,15,1.9,4,100,4,0.005923271179199219,False,-1.0,-1.0,-1.0,-1,-1
2655,MIIC,15,1.9,4,250,0,0.005975008010864258,False,1.0,0.21428571428571427,0.35294117647058826,22,25
2656,GHC,15,1.9,4,250,0,0.0824270248413086,False,1.0,0.25,0.4,21,23
2657,FCI,15,1.9,4,250,0,0.007725715637207031,False,-1.0,-1.0,-1.0,-1,-1
2658,MIIC,15,1.9,4,250,1,0.006402015686035156,False,1.0,0.25,0.4,21,27
2659,GHC,15,1.9,4,250,1,0.08925104141235352,False,0.8571428571428571,0.21428571428571427,0.34285714285714286,23,29
2660,FCI,15,1.9,4,250,1,0.010602951049804688,False,-1.0,-1.0,-1.0,-1,-1
2661,MIIC,15,1.9,4,250,2,0.007158041000366211,False,0.875,0.2692307692307692,0.411764705882353,20,22
2662,GHC,15,1.9,4,250,2,0.08101177215576172,False,1.0,0.19230769230769232,0.32258064516129037,21,22
2663,FCI,15,1.9,4,250,2,0.0075299739837646484,False,-1.0,-1.0,-1.0,-1,-1
2664,MIIC,15,1.9,4,250,3,0.007532835006713867,False,0.8888888888888888,0.2857142857142857,0.43243243243243246,21,24
2665,GHC,15,1.9,4,250,3,0.08654403686523438,False,0.875,0.25,0.3888888888888889,22,27
2666,FCI,15,1.9,4,250,3,0.010556936264038086,False,-1.0,-1.0,-1.0,-1,-1
2667,MIIC,15,1.9,4,250,4,0.007787942886352539,False,0.8888888888888888,0.2857142857142857,0.43243243243243246,21,25
2668,GHC,15,1.9,4,250,4,0.08825325965881348,False,0.7777777777777778,0.25,0.3783783783783784,23,29
2669,FCI,15,1.9,4,250,4,0.011363029479980469,False,-1.0,-1.0,-1.0,-1,-1
2670,MIIC,15,1.9,4,500,0,0.006928920745849609,False,1.0,0.25925925925925924,0.4117647058823529,20,21
2671,GHC,15,1.9,4,500,0,0.08487987518310547,False,1.0,0.25925925925925924,0.4117647058823529,20,21
2672,FCI,15,1.9,4,500,0,0.012765169143676758,False,-1.0,-1.0,-1.0,-1,-1
2673,MIIC,15,1.9,4,500,1,0.008598089218139648,False,1.0,0.38461538461538464,0.5555555555555556,16,21
2674,GHC,15,1.9,4,500,1,0.08505415916442871,False,1.0,0.2692307692307692,0.42424242424242425,19,23
2675,FCI,15,1.9,4,500,1,0.016113758087158203,False,-1.0,-1.0,-1.0,-1,-1
2676,MIIC,15,1.9,4,500,2,0.00829172134399414,False,1.0,0.35714285714285715,0.5263157894736842,18,22
2677,GHC,15,1.9,4,500,2,0.0836019515991211,False,1.0,0.25,0.4,21,25
2678,FCI,15,1.9,4,500,2,0.012230157852172852,False,-1.0,-1.0,-1.0,-1,-1
2679,MIIC,15,1.9,4,500,3,0.009788036346435547,False,1.0,0.4642857142857143,0.6341463414634146,15,23
2680,GHC,15,1.9,4,500,3,0.09211087226867676,False,1.0,0.4642857142857143,0.6341463414634146,15,22
2681,FCI,15,1.9,4,500,3,0.013111114501953125,False,-1.0,-1.0,-1.0,-1,-1
2682,MIIC,15,1.9,4,500,4,0.00719904899597168,False,1.0,0.2857142857142857,0.4444444444444445,20,22
2683,GHC,15,1.9,4,500,4,0.08150935173034668,False,1.0,0.21428571428571427,0.35294117647058826,22,22
2684,FCI,15,1.9,4,500,4,0.010339021682739258,False,-1.0,-1.0,-1.0,-1,-1
2685,MIIC,15,1.9,4,1000,0,0.016808032989501953,False,0.9473684210526315,0.6428571428571429,0.7659574468085106,11,20
2686,GHC,15,1.9,4,1000,0,0.10583305358886719,False,1.0,0.7142857142857143,0.8333333333333333,8,16
2687,FCI,15,1.9,4,1000,0,0.07128500938415527,False,-1.0,-1.0,-1.0,-1,-1
2688,MIIC,15,1.9,4,1000,1,0.014429330825805664,False,1.0,0.5,0.6666666666666666,14,15
2689,GHC,15,1.9,4,1000,1,0.09865212440490723,False,0.8666666666666667,0.4642857142857143,0.6046511627906976,17,22
2690,FCI,15,1.9,4,1000,1,0.026540040969848633,False,-1.0,-1.0,-1.0,-1,-1
2691,MIIC,15,1.9,4,1000,2,0.012396097183227539,False,1.0,0.5714285714285714,0.7272727272727273,12,16
2692,GHC,15,1.9,4,1000,2,0.09724712371826172,False,0.8823529411764706,0.5357142857142857,0.6666666666666667,15,24
2693,FCI,15,1.9,4,1000,2,0.05084586143493652,False,-1.0,-1.0,-1.0,-1,-1
2694,MIIC,15,1.9,4,1000,3,0.011234760284423828,False,1.0,0.5416666666666666,0.7027027027027027,11,13
2695,GHC,15,1.9,4,1000,3,0.09333395957946777,False,0.9285714285714286,0.5416666666666666,0.6842105263157894,12,16
2696,FCI,15,1.9,4,1000,3,0.03667569160461426,False,-1.0,-1.0,-1.0,-1,-1
2697,MIIC,15,1.9,4,1000,4,0.011898994445800781,False,1.0,0.35714285714285715,0.5263157894736842,18,21
2698,GHC,15,1.9,4,1000,4,0.08875727653503418,False,1.0,0.32142857142857145,0.4864864864864865,19,21
2699,FCI,15,1.9,4,1000,4,0.025497913360595703,False,-1.0,-1.0,-1.0,-1,-1
2700,MIIC,20,1.1,2,100,0,0.016920089721679688,False,0.6,0.5454545454545454,0.5714285714285713,18,26
2701,GHC,20,1.1,2,100,0,0.17436695098876953,False,0.5652173913043478,0.5909090909090909,0.5777777777777778,19,27
2702,FCI,20,1.1,2,100,0,0.014106035232543945,False,-1.0,-1.0,-1.0,-1,-1
2703,MIIC,20,1.1,2,100,1,0.014614105224609375,False,0.7222222222222222,0.5909090909090909,0.65,14,23
2704,GHC,20,1.1,2,100,1,0.17056798934936523,False,0.631578947368421,0.5454545454545454,0.5853658536585366,17,25
2705,FCI,20,1.1,2,100,1,0.017464876174926758,False,-1.0,-1.0,-1.0,-1,-1
2706,MIIC,20,1.1,2,100,2,0.012073755264282227,False,0.75,0.42857142857142855,0.5454545454545454,15,17
2707,GHC,20,1.1,2,100,2,0.16225504875183105,False,0.6428571428571429,0.42857142857142855,0.5142857142857143,17,22
2708,FCI,20,1.1,2,100,2,0.019537925720214844,False,-1.0,-1.0,-1.0,-1,-1
2709,MIIC,20,1.1,2,100,3,0.011763811111450195,False,0.4166666666666667,0.22727272727272727,0.29411764705882354,24,27
2710,GHC,20,1.1,2,100,3,0.16454601287841797,False,0.5714285714285714,0.36363636363636365,0.4444444444444444,20,24
2711,FCI,20,1.1,2,100,3,0.011507987976074219,False,0.7142857142857143,0.22727272727272727,0.3448275862068965,19,22
2712,MIIC,20,1.1,2,100,4,0.008040904998779297,False,0.6666666666666666,0.18181818181818182,0.28571428571428575,20,23
2713,GHC,20,1.1,2,100,4,0.14962291717529297,False,0.5,0.22727272727272727,0.3125,22,25
2714,FCI,20,1.1,2,100,4,0.011266946792602539,False,1.0,0.18181818181818182,0.3076923076923077,18,21
2715,MIIC,20,1.1,2,250,0,0.013416290283203125,False,0.6,0.4090909090909091,0.4864864864864865,19,23
2716,GHC,20,1.1,2,250,0,0.16686105728149414,False,0.5625,0.4090909090909091,0.47368421052631576,20,24
2717,FCI,20,1.1,2,250,0,0.014731168746948242,False,-1.0,-1.0,-1.0,-1,-1
2718,MIIC,20,1.1,2,250,1,0.012479066848754883,False,0.9230769230769231,0.5454545454545454,0.6857142857142856,11,19
2719,GHC,20,1.1,2,250,1,0.16782307624816895,False,0.8125,0.5909090909090909,0.6842105263157896,12,20
2720,FCI,20,1.1,2,250,1,0.015316963195800781,False,-1.0,-1.0,-1.0,-1,-1
2721,MIIC,20,1.1,2,250,2,0.01220393180847168,False,0.8,0.36363636363636365,0.5000000000000001,16,23
2722,GHC,20,1.1,2,250,2,0.1487410068511963,False,0.8,0.36363636363636365,0.5000000000000001,16,21
2723,FCI,20,1.1,2,250,2,0.013337135314941406,False,-1.0,-1.0,-1.0,-1,-1
2724,MIIC,20,1.1,2,250,3,0.013834953308105469,False,0.9285714285714286,0.5909090909090909,0.7222222222222223,10,15
2725,GHC,20,1.1,2,250,3,0.17419791221618652,False,0.7647058823529411,0.5909090909090909,0.6666666666666667,13,21
2726,FCI,20,1.1,2,250,3,0.021712064743041992,False,-1.0,-1.0,-1.0,-1,-1
2727,MIIC,20,1.1,2,250,4,0.013977766036987305,False,0.9375,0.6818181818181818,0.7894736842105263,8,10
2728,GHC,20,1.1,2,250,4,0.17238497734069824,False,0.7222222222222222,0.5909090909090909,0.65,14,17
2729,FCI,20,1.1,2,250,4,0.0192718505859375,False,-1.0,-1.0,-1.0,-1,-1
2730,MIIC,20,1.1,2,500,0,0.01697707176208496,False,0.9375,0.6818181818181818,0.7894736842105263,8,11
2731,GHC,20,1.1,2,500,0,0.17328691482543945,False,0.8888888888888888,0.7272727272727273,0.7999999999999999,8,10
2732,FCI,20,1.1,2,500,0,0.02751326560974121,False,-1.0,-1.0,-1.0,-1,-1
2733,MIIC,20,1.1,2,500,1,0.017353057861328125,False,0.875,0.6363636363636364,0.7368421052631579,10,20
2734,GHC,20,1.1,2,500,1,0.1703650951385498,False,0.8333333333333334,0.6818181818181818,0.7499999999999999,10,15
2735,FCI,20,1.1,2,500,1,0.021538734436035156,False,-1.0,-1.0,-1.0,-1,-1
2736,MIIC,20,1.1,2,500,2,0.012819051742553711,False,0.9166666666666666,0.5,0.6470588235294118,12,17
2737,GHC,20,1.1,2,500,2,0.15831327438354492,False,0.8571428571428571,0.5454545454545454,0.6666666666666665,12,15
2738,FCI,20,1.1,2,500,2,0.017889022827148438,False,-1.0,-1.0,-1.0,-1,-1
2739,MIIC,20,1.1,2,500,3,0.016576051712036133,False,0.9411764705882353,0.7272727272727273,0.8205128205128205,7,12
2740,GHC,20,1.1,2,500,3,0.18309402465820312,False,0.8421052631578947,0.7272727272727273,0.7804878048780488,9,18
2741,FCI,20,1.1,2,500,3,0.06361913681030273,False,-1.0,-1.0,-1.0,-1,-1
2742,MIIC,20,1.1,2,500,4,0.02010798454284668,False,0.7777777777777778,0.6363636363636364,0.7000000000000001,12,17
2743,GHC,20,1.1,2,500,4,0.17209386825561523,False,0.7777777777777778,0.6363636363636364,0.7000000000000001,12,18
2744,FCI,20,1.1,2,500,4,0.01824498176574707,False,-1.0,-1.0,-1.0,-1,-1
2745,MIIC,20,1.1,2,1000,0,0.018371105194091797,False,0.8333333333333334,0.6818181818181818,0.7499999999999999,10,12
2746,GHC,20,1.1,2,1000,0,0.17797517776489258,False,0.8095238095238095,0.7727272727272727,0.7906976744186046,9,15
2747,FCI,20,1.1,2,1000,0,0.04126286506652832,False,-1.0,-1.0,-1.0,-1,-1
2748,MIIC,20,1.1,2,1000,1,0.022509098052978516,False,0.9375,0.6818181818181818,0.7894736842105263,8,12
2749,GHC,20,1.1,2,1000,1,0.17647504806518555,False,0.7142857142857143,0.6818181818181818,0.6976744186046512,13,23
2750,FCI,20,1.1,2,1000,1,0.05354595184326172,False,-1.0,-1.0,-1.0,-1,-1
2751,MIIC,20,1.1,2,1000,2,0.023018836975097656,False,0.8888888888888888,0.7272727272727273,0.7999999999999999,8,11
2752,GHC,20,1.1,2,1000,2,0.18285322189331055,False,0.72,0.8181818181818182,0.7659574468085107,11,18
2753,FCI,20,1.1,2,1000,2,0.02693772315979004,False,-1.0,-1.0,-1.0,-1,-1
2754,MIIC,20,1.1,2,1000,3,0.02177596092224121,False,1.0,0.7727272727272727,0.8717948717948718,5,13
2755,GHC,20,1.1,2,1000,3,0.17632603645324707,False,0.9,0.8181818181818182,0.8571428571428572,6,12
2756,FCI,20,1.1,2,1000,3,0.11601710319519043,False,-1.0,-1.0,-1.0,-1,-1
2757,MIIC,20,1.1,2,1000,4,0.023858070373535156,False,1.0,0.8636363636363636,0.9268292682926829,3,9
2758,GHC,20,1.1,2,1000,4,0.1796112060546875,False,0.8571428571428571,0.8181818181818182,0.8372093023255814,7,21
2759,FCI,20,1.1,2,1000,4,0.04817366600036621,False,-1.0,-1.0,-1.0,-1,-1
2760,MIIC,20,1.1,3,100,0,0.013214826583862305,False,0.8333333333333334,0.45454545454545453,0.5882352941176471,14,19
2761,GHC,20,1.1,3,100,0,0.15177130699157715,False,0.7272727272727273,0.36363636363636365,0.4848484848484849,17,21
2762,FCI,20,1.1,3,100,0,0.016541004180908203,False,-1.0,-1.0,-1.0,-1,-1
2763,MIIC,20,1.1,3,100,1,0.011179208755493164,False,0.8333333333333334,0.45454545454545453,0.5882352941176471,14,20
2764,GHC,20,1.1,3,100,1,0.14963579177856445,False,1.0,0.4090909090909091,0.5806451612903226,13,18
2765,FCI,20,1.1,3,100,1,0.014045953750610352,False,-1.0,-1.0,-1.0,-1,-1
2766,MIIC,20,1.1,3,100,2,0.010584831237792969,False,0.75,0.4090909090909091,0.5294117647058824,16,23
2767,GHC,20,1.1,3,100,2,0.15975522994995117,False,0.7857142857142857,0.5,0.6111111111111112,14,20
2768,FCI,20,1.1,3,100,2,0.012948036193847656,False,-1.0,-1.0,-1.0,-1,-1
2769,MIIC,20,1.1,3,100,3,0.009763956069946289,False,0.9,0.4090909090909091,0.5625000000000001,14,20
2770,GHC,20,1.1,3,100,3,0.1499929428100586,False,1.0,0.4090909090909091,0.5806451612903226,13,19
2771,FCI,20,1.1,3,100,3,0.013207674026489258,False,-1.0,-1.0,-1.0,-1,-1
2772,MIIC,20,1.1,3,100,4,0.009909868240356445,False,0.6363636363636364,0.3181818181818182,0.4242424242424242,19,23
2773,GHC,20,1.1,3,100,4,0.16126203536987305,False,0.5333333333333333,0.36363636363636365,0.43243243243243246,21,25
2774,FCI,20,1.1,3,100,4,0.012807130813598633,False,-1.0,-1.0,-1.0,-1,-1
2775,MIIC,20,1.1,3,250,0,0.01043081283569336,False,0.9,0.4090909090909091,0.5625000000000001,14,19
2776,GHC,20,1.1,3,250,0,0.15753602981567383,False,1.0,0.4090909090909091,0.5806451612903226,13,18
2777,FCI,20,1.1,3,250,0,0.017160892486572266,False,-1.0,-1.0,-1.0,-1,-1
2778,MIIC,20,1.1,3,250,1,0.014985799789428711,False,0.875,0.6363636363636364,0.7368421052631579,10,17
2779,GHC,20,1.1,3,250,1,0.16389203071594238,False,1.0,0.5909090909090909,0.7428571428571429,9,19
2780,FCI,20,1.1,3,250,1,0.021286964416503906,False,-1.0,-1.0,-1.0,-1,-1
2781,MIIC,20,1.1,3,250,2,0.011928081512451172,False,0.8461538461538461,0.5,0.6285714285714286,13,19
2782,GHC,20,1.1,3,250,2,0.16444993019104004,False,0.8666666666666667,0.5909090909090909,0.7027027027027029,11,16
2783,FCI,20,1.1,3,250,2,0.016432762145996094,False,-1.0,-1.0,-1.0,-1,-1
2784,MIIC,20,1.1,3,250,3,0.015442132949829102,False,0.7647058823529411,0.5909090909090909,0.6666666666666667,13,19
2785,GHC,20,1.1,3,250,3,0.17790889739990234,False,0.6666666666666666,0.6363636363636364,0.6511627906976744,15,22
2786,FCI,20,1.1,3,250,3,0.02597975730895996,False,-1.0,-1.0,-1.0,-1,-1
2787,MIIC,20,1.1,3,250,4,0.011559009552001953,False,1.0,0.5454545454545454,0.7058823529411764,10,10
2788,GHC,20,1.1,3,250,4,0.1518721580505371,False,0.9166666666666666,0.5,0.6470588235294118,12,16
2789,FCI,20,1.1,3,250,4,0.02030801773071289,False,0.8,0.18181818181818182,0.2962962962962963,19,20
2790,MIIC,20,1.1,3,500,0,0.014111042022705078,False,1.0,0.6363636363636364,0.7777777777777778,8,15
2791,GHC,20,1.1,3,500,0,0.16105198860168457,False,0.9285714285714286,0.5909090909090909,0.7222222222222223,10,14
2792,FCI,20,1.1,3,500,0,0.024150848388671875,False,-1.0,-1.0,-1.0,-1,-1
2793,MIIC,20,1.1,3,500,1,0.012382984161376953,False,0.9166666666666666,0.5,0.6470588235294118,12,14
2794,GHC,20,1.1,3,500,1,0.16169118881225586,False,0.7857142857142857,0.5,0.6111111111111112,14,18
2795,FCI,20,1.1,3,500,1,0.017767906188964844,False,-1.0,-1.0,-1.0,-1,-1
2796,MIIC,20,1.1,3,500,2,0.014612913131713867,False,1.0,0.5909090909090909,0.7428571428571429,9,14
2797,GHC,20,1.1,3,500,2,0.16297602653503418,False,0.9285714285714286,0.5909090909090909,0.7222222222222223,10,15
2798,FCI,20,1.1,3,500,2,0.019012928009033203,False,-1.0,-1.0,-1.0,-1,-1
2799,MIIC,20,1.1,3,500,3,0.014991998672485352,False,0.9,0.4090909090909091,0.5625000000000001,14,18
2800,GHC,20,1.1,3,500,3,0.15422272682189941,False,0.8181818181818182,0.4090909090909091,0.5454545454545455,15,19
2801,FCI,20,1.1,3,500,3,0.018071651458740234,False,-1.0,-1.0,-1.0,-1,-1
2802,MIIC,20,1.1,3,500,4,0.013226985931396484,False,1.0,0.5454545454545454,0.7058823529411764,10,17
2803,GHC,20,1.1,3,500,4,0.17481493949890137,False,0.8421052631578947,0.7272727272727273,0.7804878048780488,9,11
2804,FCI,20,1.1,3,500,4,0.020497798919677734,False,-1.0,-1.0,-1.0,-1,-1
2805,MIIC,20,1.1,3,1000,0,0.029053926467895508,False,0.9,0.8181818181818182,0.8571428571428572,6,15
2806,GHC,20,1.1,3,1000,0,0.17653298377990723,False,0.8636363636363636,0.8636363636363636,0.8636363636363636,6,11
2807,FCI,20,1.1,3,1000,0,0.03222393989562988,False,-1.0,-1.0,-1.0,-1,-1
2808,MIIC,20,1.1,3,1000,1,0.01681995391845703,False,1.0,0.6818181818181818,0.8108108108108109,7,9
2809,GHC,20,1.1,3,1000,1,0.16956686973571777,False,0.8,0.5454545454545454,0.6486486486486486,13,21
2810,FCI,20,1.1,3,1000,1,0.03241395950317383,False,-1.0,-1.0,-1.0,-1,-1
2811,MIIC,20,1.1,3,1000,2,0.018616676330566406,False,0.875,0.6363636363636364,0.7368421052631579,10,16
2812,GHC,20,1.1,3,1000,2,0.17661690711975098,False,0.8235294117647058,0.6363636363636364,0.717948717948718,11,15
2813,FCI,20,1.1,3,1000,2,0.020539045333862305,False,-1.0,-1.0,-1.0,-1,-1
2814,MIIC,20,1.1,3,1000,3,0.017179012298583984,False,1.0,0.7272727272727273,0.8421052631578948,6,8
2815,GHC,20,1.1,3,1000,3,0.18172478675842285,False,0.7727272727272727,0.7727272727272727,0.7727272727272727,10,19
2816,FCI,20,1.1,3,1000,3,0.031404972076416016,False,-1.0,-1.0,-1.0,-1,-1
2817,MIIC,20,1.1,3,1000,4,0.02024388313293457,False,1.0,0.7272727272727273,0.8421052631578948,6,7
2818,GHC,20,1.1,3,1000,4,0.1743910312652588,False,0.8333333333333334,0.6818181818181818,0.7499999999999999,10,17
2819,FCI,20,1.1,3,1000,4,0.07748079299926758,False,-1.0,-1.0,-1.0,-1,-1
2820,MIIC,20,1.1,4,100,0,0.010226011276245117,False,0.7,0.3181818181818182,0.4375,18,23
2821,GHC,20,1.1,4,100,0,0.1531050205230713,False,0.75,0.4090909090909091,0.5294117647058824,16,20
2822,FCI,20,1.1,4,100,0,0.01234292984008789,False,-1.0,-1.0,-1.0,-1,-1
2823,MIIC,20,1.1,4,100,1,0.010851860046386719,False,0.6666666666666666,0.36363636363636365,0.4705882352941177,18,23
2824,GHC,20,1.1,4,100,1,0.1484520435333252,False,0.4444444444444444,0.18181818181818182,0.2580645161290322,23,26
2825,FCI,20,1.1,4,100,1,0.013740062713623047,False,-1.0,-1.0,-1.0,-1,-1
2826,MIIC,20,1.1,4,100,2,0.008564949035644531,False,1.0,0.3181818181818182,0.4827586206896552,15,20
2827,GHC,20,1.1,4,100,2,0.1425333023071289,False,0.8333333333333334,0.22727272727272727,0.35714285714285715,18,22
2828,FCI,20,1.1,4,100,2,0.013646125793457031,False,0.5714285714285714,0.18181818181818182,0.27586206896551724,21,24
2829,MIIC,20,1.1,4,100,3,0.007910013198852539,False,1.0,0.2727272727272727,0.42857142857142855,16,18
2830,GHC,20,1.1,4,100,3,0.13881492614746094,False,1.0,0.13636363636363635,0.24000000000000002,19,20
2831,FCI,20,1.1,4,100,3,0.012803077697753906,False,-1.0,-1.0,-1.0,-1,-1
2832,MIIC,20,1.1,4,100,4,0.008559942245483398,False,0.7142857142857143,0.22727272727272727,0.3448275862068965,19,23
2833,GHC,20,1.1,4,100,4,0.1349940299987793,False,1.0,0.13636363636363635,0.24000000000000002,19,21
2834,FCI,20,1.1,4,100,4,0.012877225875854492,False,-1.0,-1.0,-1.0,-1,-1
2835,MIIC,20,1.1,4,250,0,0.010951757431030273,False,1.0,0.5,0.6666666666666666,11,12
2836,GHC,20,1.1,4,250,0,0.14902782440185547,False,1.0,0.45454545454545453,0.625,12,12
2837,FCI,20,1.1,4,250,0,0.01749420166015625,False,-1.0,-1.0,-1.0,-1,-1
2838,MIIC,20,1.1,4,250,1,0.009707927703857422,False,1.0,0.36363636363636365,0.5333333333333333,14,19
2839,GHC,20,1.1,4,250,1,0.14192891120910645,False,1.0,0.2727272727272727,0.42857142857142855,16,19
2840,FCI,20,1.1,4,250,1,0.017564773559570312,False,-1.0,-1.0,-1.0,-1,-1
2841,MIIC,20,1.1,4,250,2,0.013049125671386719,False,0.8461538461538461,0.5,0.6285714285714286,13,23
2842,GHC,20,1.1,4,250,2,0.15173888206481934,False,0.8181818181818182,0.4090909090909091,0.5454545454545455,15,23
2843,FCI,20,1.1,4,250,2,0.017461061477661133,False,-1.0,-1.0,-1.0,-1,-1
2844,MIIC,20,1.1,4,250,3,0.010631084442138672,False,1.0,0.47619047619047616,0.6451612903225806,11,17
2845,GHC,20,1.1,4,250,3,0.14963603019714355,False,0.9,0.42857142857142855,0.5806451612903225,13,18
2846,FCI,20,1.1,4,250,3,0.015540838241577148,False,-1.0,-1.0,-1.0,-1,-1
2847,MIIC,20,1.1,4,250,4,0.010683774948120117,False,0.9090909090909091,0.45454545454545453,0.6060606060606061,13,21
2848,GHC,20,1.1,4,250,4,0.14833617210388184,False,1.0,0.4090909090909091,0.5806451612903226,13,20
2849,FCI,20,1.1,4,250,4,0.014806985855102539,False,-1.0,-1.0,-1.0,-1,-1
2850,MIIC,20,1.1,4,500,0,0.014516830444335938,False,0.9166666666666666,0.5,0.6470588235294118,12,18
2851,GHC,20,1.1,4,500,0,0.1600790023803711,False,0.8461538461538461,0.5,0.6285714285714286,13,16
2852,FCI,20,1.1,4,500,0,0.02025890350341797,False,-1.0,-1.0,-1.0,-1,-1
2853,MIIC,20,1.1,4,500,1,0.01412510871887207,False,1.0,0.6363636363636364,0.7777777777777778,8,10
2854,GHC,20,1.1,4,500,1,0.1564490795135498,False,1.0,0.5454545454545454,0.7058823529411764,10,16
2855,FCI,20,1.1,4,500,1,0.018448829650878906,False,-1.0,-1.0,-1.0,-1,-1
2856,MIIC,20,1.1,4,500,2,0.013147115707397461,False,1.0,0.6363636363636364,0.7777777777777778,8,14
2857,GHC,20,1.1,4,500,2,0.1564168930053711,False,0.9166666666666666,0.5,0.6470588235294118,12,16
2858,FCI,20,1.1,4,500,2,0.022235870361328125,False,-1.0,-1.0,-1.0,-1,-1
2859,MIIC,20,1.1,4,500,3,0.015281200408935547,False,1.0,0.7272727272727273,0.8421052631578948,6,10
2860,GHC,20,1.1,4,500,3,0.1589488983154297,False,1.0,0.6818181818181818,0.8108108108108109,7,13
2861,FCI,20,1.1,4,500,3,0.03326416015625,False,-1.0,-1.0,-1.0,-1,-1
2862,MIIC,20,1.1,4,500,4,0.014055013656616211,False,1.0,0.6818181818181818,0.8108108108108109,7,10
2863,GHC,20,1.1,4,500,4,0.16471076011657715,False,0.9375,0.6818181818181818,0.7894736842105263,8,13
2864,FCI,20,1.1,4,500,4,0.022170305252075195,False,-1.0,-1.0,-1.0,-1,-1
2865,MIIC,20,1.1,4,1000,0,0.019650936126708984,False,0.9473684210526315,0.8181818181818182,0.8780487804878049,5,8
2866,GHC,20,1.1,4,1000,0,0.19165992736816406,False,0.9090909090909091,0.9090909090909091,0.9090909090909091,4,6
2867,FCI,20,1.1,4,1000,0,0.12195611000061035,False,-1.0,-1.0,-1.0,-1,-1
2868,MIIC,20,1.1,4,1000,1,0.01890087127685547,False,1.0,0.7272727272727273,0.8421052631578948,6,8
2869,GHC,20,1.1,4,1000,1,0.17717909812927246,False,0.8666666666666667,0.5909090909090909,0.7027027027027029,11,18
2870,FCI,20,1.1,4,1000,1,0.07942390441894531,False,-1.0,-1.0,-1.0,-1,-1
2871,MIIC,20,1.1,4,1000,2,0.02450728416442871,False,1.0,0.8636363636363636,0.9268292682926829,3,4
2872,GHC,20,1.1,4,1000,2,0.18179011344909668,False,0.9047619047619048,0.8636363636363636,0.8837209302325582,5,12
2873,FCI,20,1.1,4,1000,2,0.06064271926879883,False,-1.0,-1.0,-1.0,-1,-1
2874,MIIC,20,1.1,4,1000,3,0.020246028900146484,False,1.0,0.7727272727272727,0.8717948717948718,5,7
2875,GHC,20,1.1,4,1000,3,0.17388701438903809,False,0.8888888888888888,0.7272727272727273,0.7999999999999999,8,21
2876,FCI,20,1.1,4,1000,3,0.030764102935791016,False,-1.0,-1.0,-1.0,-1,-1
2877,MIIC,20,1.1,4,1000,4,0.020144224166870117,False,1.0,0.8181818181818182,0.9,4,4
2878,GHC,20,1.1,4,1000,4,0.18387508392333984,False,1.0,0.6818181818181818,0.8108108108108109,7,8
2879,FCI,20,1.1,4,1000,4,0.027737855911254883,False,-1.0,-1.0,-1.0,-1,-1
2880,MIIC,20,1.3,2,100,0,0.01195073127746582,False,0.6923076923076923,0.36,0.47368421052631576,20,27
2881,GHC,20,1.3,2,100,0,0.15091609954833984,False,0.7272727272727273,0.32,0.4444444444444444,20,27
2882,FCI,20,1.3,2,100,0,0.013990163803100586,False,-1.0,-1.0,-1.0,-1,-1
2883,MIIC,20,1.3,2,100,1,0.01556706428527832,False,0.7777777777777778,0.5384615384615384,0.6363636363636364,16,19
2884,GHC,20,1.3,2,100,1,0.1685011386871338,False,0.7222222222222222,0.5,0.5909090909090908,18,23
2885,FCI,20,1.3,2,100,1,0.014548301696777344,False,-1.0,-1.0,-1.0,-1,-1
2886,MIIC,20,1.3,2,100,2,0.011063098907470703,False,0.5833333333333334,0.2692307692307692,0.3684210526315789,24,28
2887,GHC,20,1.3,2,100,2,0.1591176986694336,False,0.6428571428571429,0.34615384615384615,0.45,22,26
2888,FCI,20,1.3,2,100,2,0.012445211410522461,False,-1.0,-1.0,-1.0,-1,-1
2889,MIIC,20,1.3,2,100,3,0.01457834243774414,False,0.7222222222222222,0.5,0.5909090909090908,18,26
2890,GHC,20,1.3,2,100,3,0.17363929748535156,False,0.6190476190476191,0.5,0.5531914893617021,21,28
2891,FCI,20,1.3,2,100,3,0.01736283302307129,False,-1.0,-1.0,-1.0,-1,-1
2892,MIIC,20,1.3,2,100,4,0.012018918991088867,False,0.7692307692307693,0.38461538461538464,0.5128205128205128,19,24
2893,GHC,20,1.3,2,100,4,0.15868592262268066,False,0.7142857142857143,0.38461538461538464,0.5,20,27
2894,FCI,20,1.3,2,100,4,0.015255212783813477,False,-1.0,-1.0,-1.0,-1,-1
2895,MIIC,20,1.3,2,250,0,0.01849198341369629,False,0.8,0.6153846153846154,0.6956521739130435,14,21
2896,GHC,20,1.3,2,250,0,0.17307305335998535,False,0.8421052631578947,0.6153846153846154,0.7111111111111111,13,22
2897,FCI,20,1.3,2,250,0,0.018804073333740234,False,-1.0,-1.0,-1.0,-1,-1
2898,MIIC,20,1.3,2,250,1,0.014837980270385742,False,0.8125,0.5,0.6190476190476191,16,23
2899,GHC,20,1.3,2,250,1,0.16754508018493652,False,0.8235294117647058,0.5384615384615384,0.6511627906976744,15,24
2900,FCI,20,1.3,2,250,1,0.018576860427856445,False,-1.0,-1.0,-1.0,-1,-1
2901,MIIC,20,1.3,2,250,2,0.01569390296936035,False,1.0,0.5384615384615384,0.7000000000000001,12,17
2902,GHC,20,1.3,2,250,2,0.16902780532836914,False,0.8333333333333334,0.5769230769230769,0.6818181818181818,14,19
2903,FCI,20,1.3,2,250,2,0.021332263946533203,False,-1.0,-1.0,-1.0,-1,-1
2904,MIIC,20,1.3,2,250,3,0.013676881790161133,False,0.625,0.38461538461538464,0.4761904761904762,22,28
2905,GHC,20,1.3,2,250,3,0.15683913230895996,False,0.7142857142857143,0.38461538461538464,0.5,20,26
2906,FCI,20,1.3,2,250,3,0.018168926239013672,False,-1.0,-1.0,-1.0,-1,-1
2907,MIIC,20,1.3,2,250,4,0.013069868087768555,False,0.8461538461538461,0.4230769230769231,0.5641025641025641,17,22
2908,GHC,20,1.3,2,250,4,0.16080689430236816,False,0.7333333333333333,0.4230769230769231,0.5365853658536585,19,20
2909,FCI,20,1.3,2,250,4,0.021747112274169922,False,-1.0,-1.0,-1.0,-1,-1
2910,MIIC,20,1.3,2,500,0,0.02181696891784668,False,0.84,0.8076923076923077,0.8235294117647058,9,20
2911,GHC,20,1.3,2,500,0,0.1793830394744873,False,0.9130434782608695,0.8076923076923077,0.8571428571428572,7,13
2912,FCI,20,1.3,2,500,0,0.35031604766845703,False,-1.0,-1.0,-1.0,-1,-1
2913,MIIC,20,1.3,2,500,1,0.01915597915649414,False,1.0,0.6923076923076923,0.8181818181818181,8,14
2914,GHC,20,1.3,2,500,1,0.17795825004577637,False,0.8181818181818182,0.6923076923076923,0.7500000000000001,12,20
2915,FCI,20,1.3,2,500,1,0.21825695037841797,False,-1.0,-1.0,-1.0,-1,-1
2916,MIIC,20,1.3,2,500,2,0.014595985412597656,False,0.8571428571428571,0.48,0.6153846153846153,15,18
2917,GHC,20,1.3,2,500,2,0.16016697883605957,False,0.8,0.48,0.6,16,20
2918,FCI,20,1.3,2,500,2,0.02845597267150879,False,-1.0,-1.0,-1.0,-1,-1
2919,MIIC,20,1.3,2,500,3,0.01639866828918457,False,0.875,0.5384615384615384,0.6666666666666667,14,18
2920,GHC,20,1.3,2,500,3,0.17325115203857422,False,0.75,0.5769230769230769,0.6521739130434783,16,23
2921,FCI,20,1.3,2,500,3,0.032868146896362305,False,-1.0,-1.0,-1.0,-1,-1
2922,MIIC,20,1.3,2,500,4,0.014421224594116211,False,1.0,0.46153846153846156,0.631578947368421,14,16
2923,GHC,20,1.3,2,500,4,0.1576402187347412,False,0.8461538461538461,0.4230769230769231,0.5641025641025641,17,22
2924,FCI,20,1.3,2,500,4,0.017336130142211914,False,-1.0,-1.0,-1.0,-1,-1
2925,MIIC,20,1.3,2,1000,0,0.027286052703857422,False,0.7727272727272727,0.6538461538461539,0.7083333333333333,14,20
2926,GHC,20,1.3,2,1000,0,0.1857290267944336,False,0.84,0.8076923076923077,0.8235294117647058,9,19
2927,FCI,20,1.3,2,1000,0,0.38184285163879395,False,-1.0,-1.0,-1.0,-1,-1
2928,MIIC,20,1.3,2,1000,1,0.02467823028564453,False,1.0,0.7692307692307693,0.8695652173913044,6,14
2929,GHC,20,1.3,2,1000,1,0.18692922592163086,False,0.8076923076923077,0.8076923076923077,0.8076923076923077,10,18
2930,FCI,20,1.3,2,1000,1,0.2337329387664795,False,-1.0,-1.0,-1.0,-1,-1
2931,MIIC,20,1.3,2,1000,2,0.02085089683532715,False,1.0,0.76,0.8636363636363636,6,11
2932,GHC,20,1.3,2,1000,2,0.17752599716186523,False,0.782608695652174,0.72,0.7499999999999999,12,23
2933,FCI,20,1.3,2,1000,2,0.9710021018981934,False,-1.0,-1.0,-1.0,-1,-1
2934,MIIC,20,1.3,2,1000,3,0.020359039306640625,False,1.0,0.72,0.8372093023255813,7,12
2935,GHC,20,1.3,2,1000,3,0.18419289588928223,False,0.7916666666666666,0.76,0.7755102040816326,11,21
2936,FCI,20,1.3,2,1000,3,0.04365897178649902,False,-1.0,-1.0,-1.0,-1,-1
2937,MIIC,20,1.3,2,1000,4,0.02849721908569336,False,1.0,0.84,0.9130434782608696,4,12
2938,GHC,20,1.3,2,1000,4,0.19662117958068848,False,0.8275862068965517,0.96,0.888888888888889,6,14
2939,FCI,20,1.3,2,1000,4,0.15705394744873047,False,-1.0,-1.0,-1.0,-1,-1
2940,MIIC,20,1.3,3,100,0,0.010489225387573242,False,1.0,0.38461538461538464,0.5555555555555556,16,22
2941,GHC,20,1.3,3,100,0,0.15352702140808105,False,1.0,0.4230769230769231,0.5945945945945945,15,20
2942,FCI,20,1.3,3,100,0,0.014628887176513672,False,-1.0,-1.0,-1.0,-1,-1
2943,MIIC,20,1.3,3,100,1,0.012188196182250977,False,0.8666666666666667,0.5,0.6341463414634146,15,27
2944,GHC,20,1.3,3,100,1,0.15293431282043457,False,0.9166666666666666,0.4230769230769231,0.5789473684210527,16,24
2945,FCI,20,1.3,3,100,1,0.015080928802490234,False,-1.0,-1.0,-1.0,-1,-1
2946,MIIC,20,1.3,3,100,2,0.013527870178222656,False,0.6,0.34615384615384615,0.43902439024390244,23,30
2947,GHC,20,1.3,3,100,2,0.15996694564819336,False,0.4666666666666667,0.2692307692307692,0.3414634146341463,27,30
2948,FCI,20,1.3,3,100,2,0.017507076263427734,False,-1.0,-1.0,-1.0,-1,-1
2949,MIIC,20,1.3,3,100,3,0.011797904968261719,False,0.9285714285714286,0.5,0.65,14,22
2950,GHC,20,1.3,3,100,3,0.15955591201782227,False,1.0,0.5,0.6666666666666666,13,21
2951,FCI,20,1.3,3,100,3,0.015475749969482422,False,-1.0,-1.0,-1.0,-1,-1
2952,MIIC,20,1.3,3,100,4,0.008785009384155273,False,1.0,0.32,0.48484848484848486,17,24
2953,GHC,20,1.3,3,100,4,0.14714431762695312,False,1.0,0.28,0.43750000000000006,18,23
2954,FCI,20,1.3,3,100,4,0.012559175491333008,False,-1.0,-1.0,-1.0,-1,-1
2955,MIIC,20,1.3,3,250,0,0.013309955596923828,False,1.0,0.5769230769230769,0.7317073170731707,11,22
2956,GHC,20,1.3,3,250,0,0.16472196578979492,False,1.0,0.5384615384615384,0.7000000000000001,12,23
2957,FCI,20,1.3,3,250,0,0.01749396324157715,False,-1.0,-1.0,-1.0,-1,-1
2958,MIIC,20,1.3,3,250,1,0.015540838241577148,False,1.0,0.6923076923076923,0.8181818181818181,8,18
2959,GHC,20,1.3,3,250,1,0.16617202758789062,False,1.0,0.6923076923076923,0.8181818181818181,8,18
2960,FCI,20,1.3,3,250,1,0.019163131713867188,False,-1.0,-1.0,-1.0,-1,-1
2961,MIIC,20,1.3,3,250,2,0.010349035263061523,False,0.9,0.34615384615384615,0.5,18,26
2962,GHC,20,1.3,3,250,2,0.14907407760620117,False,0.875,0.2692307692307692,0.411764705882353,20,26
2963,FCI,20,1.3,3,250,2,0.012839078903198242,False,-1.0,-1.0,-1.0,-1,-1
2964,MIIC,20,1.3,3,250,3,0.01153707504272461,False,0.8181818181818182,0.34615384615384615,0.4864864864864865,19,25
2965,GHC,20,1.3,3,250,3,0.1621241569519043,False,0.75,0.34615384615384615,0.4736842105263157,20,29
2966,FCI,20,1.3,3,250,3,0.014842748641967773,False,-1.0,-1.0,-1.0,-1,-1
2967,MIIC,20,1.3,3,250,4,0.015493154525756836,False,0.7857142857142857,0.4230769230769231,0.55,18,23
2968,GHC,20,1.3,3,250,4,0.1568760871887207,False,0.9,0.34615384615384615,0.5,18,19
2969,FCI,20,1.3,3,250,4,0.01835322380065918,False,-1.0,-1.0,-1.0,-1,-1
2970,MIIC,20,1.3,3,500,0,0.013692855834960938,False,0.9166666666666666,0.4230769230769231,0.5789473684210527,16,25
2971,GHC,20,1.3,3,500,0,0.16008996963500977,False,0.8,0.46153846153846156,0.5853658536585367,17,19
2972,FCI,20,1.3,3,500,0,0.0329129695892334,False,-1.0,-1.0,-1.0,-1,-1
2973,MIIC,20,1.3,3,500,1,0.0157010555267334,False,1.0,0.6153846153846154,0.761904761904762,10,15
2974,GHC,20,1.3,3,500,1,0.16601276397705078,False,1.0,0.5769230769230769,0.7317073170731707,11,17
2975,FCI,20,1.3,3,500,1,0.023377180099487305,False,-1.0,-1.0,-1.0,-1,-1
2976,MIIC,20,1.3,3,500,2,0.01843881607055664,False,1.0,0.7692307692307693,0.8695652173913044,6,17
2977,GHC,20,1.3,3,500,2,0.17594075202941895,False,0.95,0.7307692307692307,0.8260869565217392,8,14
2978,FCI,20,1.3,3,500,2,0.07502198219299316,False,-1.0,-1.0,-1.0,-1,-1
2979,MIIC,20,1.3,3,500,3,0.016466856002807617,False,1.0,0.6153846153846154,0.761904761904762,10,18
2980,GHC,20,1.3,3,500,3,0.16399407386779785,False,1.0,0.6538461538461539,0.7906976744186047,9,17
2981,FCI,20,1.3,3,500,3,0.027172088623046875,False,-1.0,-1.0,-1.0,-1,-1
2982,MIIC,20,1.3,3,500,4,0.01653122901916504,False,0.9375,0.5769230769230769,0.7142857142857143,12,19
2983,GHC,20,1.3,3,500,4,0.1656360626220703,False,1.0,0.5,0.6666666666666666,13,18
2984,FCI,20,1.3,3,500,4,0.024418115615844727,False,-1.0,-1.0,-1.0,-1,-1
2985,MIIC,20,1.3,3,1000,0,0.021899938583374023,False,0.9523809523809523,0.8,0.8695652173913043,6,14
2986,GHC,20,1.3,3,1000,0,0.18936395645141602,False,0.9047619047619048,0.76,0.8260869565217391,8,17
2987,FCI,20,1.3,3,1000,0,0.2457752227783203,False,-1.0,-1.0,-1.0,-1,-1
2988,MIIC,20,1.3,3,1000,1,0.022877216339111328,False,1.0,0.7692307692307693,0.8695652173913044,6,9
2989,GHC,20,1.3,3,1000,1,0.18047404289245605,False,0.8,0.6153846153846154,0.6956521739130435,14,19
2990,FCI,20,1.3,3,1000,1,0.11976099014282227,False,-1.0,-1.0,-1.0,-1,-1
2991,MIIC,20,1.3,3,1000,2,0.023228168487548828,False,0.8636363636363636,0.7307692307692307,0.7916666666666666,10,20
2992,GHC,20,1.3,3,1000,2,0.17464089393615723,False,0.9,0.6923076923076923,0.7826086956521738,10,18
2993,FCI,20,1.3,3,1000,2,0.1225578784942627,False,-1.0,-1.0,-1.0,-1,-1
2994,MIIC,20,1.3,3,1000,3,0.02309131622314453,False,1.0,0.7692307692307693,0.8695652173913044,6,11
2995,GHC,20,1.3,3,1000,3,0.17792105674743652,False,0.95,0.7307692307692307,0.8260869565217392,8,13
2996,FCI,20,1.3,3,1000,3,0.034898996353149414,False,-1.0,-1.0,-1.0,-1,-1
2997,MIIC,20,1.3,3,1000,4,0.019649028778076172,False,1.0,0.6153846153846154,0.761904761904762,10,15
2998,GHC,20,1.3,3,1000,4,0.16420507431030273,False,0.9375,0.5769230769230769,0.7142857142857143,12,18
2999,FCI,20,1.3,3,1000,4,0.026262998580932617,False,-1.0,-1.0,-1.0,-1,-1
3000,MIIC,20,1.3,4,100,0,0.00875091552734375,False,0.8571428571428571,0.23076923076923078,0.36363636363636365,21,24
3001,GHC,20,1.3,4,100,0,0.1469433307647705,False,0.625,0.19230769230769232,0.29411764705882354,24,27
3002,FCI,20,1.3,4,100,0,0.012799978256225586,False,-1.0,-1.0,-1.0,-1,-1
3003,MIIC,20,1.3,4,100,1,0.008981943130493164,False,0.7777777777777778,0.2692307692307692,0.39999999999999997,21,23
3004,GHC,20,1.3,4,100,1,0.14609193801879883,False,0.7142857142857143,0.19230769230769232,0.30303030303030304,23,26
3005,FCI,20,1.3,4,100,1,0.012687921524047852,False,-1.0,-1.0,-1.0,-1,-1
3006,MIIC,20,1.3,4,100,2,0.009859085083007812,False,0.6666666666666666,0.23076923076923078,0.3428571428571429,23,27
3007,GHC,20,1.3,4,100,2,0.14875316619873047,False,0.7142857142857143,0.19230769230769232,0.30303030303030304,23,27
3008,FCI,20,1.3,4,100,2,0.012186765670776367,False,0.75,0.23076923076923078,0.3529411764705882,22,26
3009,MIIC,20,1.3,4,100,3,0.010129928588867188,False,0.9,0.36,0.5142857142857143,17,21
3010,GHC,20,1.3,4,100,3,0.14977121353149414,False,1.0,0.28,0.43750000000000006,18,24
3011,FCI,20,1.3,4,100,3,0.013272762298583984,False,-1.0,-1.0,-1.0,-1,-1
3012,MIIC,20,1.3,4,100,4,0.008215904235839844,False,1.0,0.2692307692307692,0.42424242424242425,19,25
3013,GHC,20,1.3,4,100,4,0.14768505096435547,False,1.0,0.23076923076923078,0.375,20,23
3014,FCI,20,1.3,4,100,4,0.013714075088500977,False,-1.0,-1.0,-1.0,-1,-1
3015,MIIC,20,1.3,4,250,0,0.011834859848022461,False,0.9166666666666666,0.4230769230769231,0.5789473684210527,16,21
3016,GHC,20,1.3,4,250,0,0.15141797065734863,False,1.0,0.34615384615384615,0.5142857142857142,17,21
3017,FCI,20,1.3,4,250,0,0.013848066329956055,False,-1.0,-1.0,-1.0,-1,-1
3018,MIIC,20,1.3,4,250,1,0.010209083557128906,False,1.0,0.34615384615384615,0.5142857142857142,17,21
3019,GHC,20,1.3,4,250,1,0.1401209831237793,False,1.0,0.15384615384615385,0.2666666666666667,22,26
3020,FCI,20,1.3,4,250,1,0.014096260070800781,False,-1.0,-1.0,-1.0,-1,-1
3021,MIIC,20,1.3,4,250,2,0.012162208557128906,False,1.0,0.4,0.5714285714285715,15,20
3022,GHC,20,1.3,4,250,2,0.15258288383483887,False,0.9090909090909091,0.4,0.5555555555555556,16,21
3023,FCI,20,1.3,4,250,2,0.01591181755065918,False,-1.0,-1.0,-1.0,-1,-1
3024,MIIC,20,1.3,4,250,3,0.01411890983581543,False,0.75,0.46153846153846156,0.5714285714285714,18,25
3025,GHC,20,1.3,4,250,3,0.156480073928833,False,0.8333333333333334,0.38461538461538464,0.5263157894736842,18,26
3026,FCI,20,1.3,4,250,3,0.016830921173095703,False,-1.0,-1.0,-1.0,-1,-1
3027,MIIC,20,1.3,4,250,4,0.012480974197387695,False,1.0,0.5384615384615384,0.7000000000000001,12,20
3028,GHC,20,1.3,4,250,4,0.1564939022064209,False,1.0,0.46153846153846156,0.631578947368421,14,20
3029,FCI,20,1.3,4,250,4,0.017674922943115234,False,-1.0,-1.0,-1.0,-1,-1
3030,MIIC,20,1.3,4,500,0,0.016814231872558594,False,1.0,0.6538461538461539,0.7906976744186047,9,17
3031,GHC,20,1.3,4,500,0,0.16272425651550293,False,0.8125,0.5,0.6190476190476191,16,28
3032,FCI,20,1.3,4,500,0,0.020678281784057617,False,-1.0,-1.0,-1.0,-1,-1
3033,MIIC,20,1.3,4,500,1,0.01607489585876465,False,1.0,0.6153846153846154,0.761904761904762,10,22
3034,GHC,20,1.3,4,500,1,0.16730189323425293,False,0.9411764705882353,0.6153846153846154,0.744186046511628,11,21
3035,FCI,20,1.3,4,500,1,0.022429943084716797,False,-1.0,-1.0,-1.0,-1,-1
3036,MIIC,20,1.3,4,500,2,0.016453027725219727,False,1.0,0.6538461538461539,0.7906976744186047,9,20
3037,GHC,20,1.3,4,500,2,0.16904115676879883,False,1.0,0.6538461538461539,0.7906976744186047,9,18
3038,FCI,20,1.3,4,500,2,0.025071144104003906,False,-1.0,-1.0,-1.0,-1,-1
3039,MIIC,20,1.3,4,500,3,0.014338254928588867,False,1.0,0.5384615384615384,0.7000000000000001,12,20
3040,GHC,20,1.3,4,500,3,0.16016411781311035,False,1.0,0.5384615384615384,0.7000000000000001,12,16
3041,FCI,20,1.3,4,500,3,0.021562814712524414,False,-1.0,-1.0,-1.0,-1,-1
3042,MIIC,20,1.3,4,500,4,0.016600847244262695,False,1.0,0.5769230769230769,0.7317073170731707,11,18
3043,GHC,20,1.3,4,500,4,0.17234086990356445,False,0.9375,0.5769230769230769,0.7142857142857143,12,17
3044,FCI,20,1.3,4,500,4,0.02077007293701172,False,-1.0,-1.0,-1.0,-1,-1
3045,MIIC,20,1.3,4,1000,0,0.016990184783935547,False,1.0,0.6153846153846154,0.761904761904762,10,16
3046,GHC,20,1.3,4,1000,0,0.1722579002380371,False,0.8947368421052632,0.6538461538461539,0.7555555555555555,11,20
3047,FCI,20,1.3,4,1000,0,0.054218292236328125,False,-1.0,-1.0,-1.0,-1,-1
3048,MIIC,20,1.3,4,1000,1,0.016278982162475586,False,1.0,0.5769230769230769,0.7317073170731707,11,16
3049,GHC,20,1.3,4,1000,1,0.17286920547485352,False,1.0,0.5384615384615384,0.7000000000000001,12,16
3050,FCI,20,1.3,4,1000,1,0.029816150665283203,False,-1.0,-1.0,-1.0,-1,-1
3051,MIIC,20,1.3,4,1000,2,0.019731998443603516,False,1.0,0.6538461538461539,0.7906976744186047,9,14
3052,GHC,20,1.3,4,1000,2,0.17229008674621582,False,1.0,0.6153846153846154,0.761904761904762,10,20
3053,FCI,20,1.3,4,1000,2,0.03145408630371094,False,-1.0,-1.0,-1.0,-1,-1
3054,MIIC,20,1.3,4,1000,3,0.022323131561279297,False,0.9,0.6923076923076923,0.7826086956521738,10,14
3055,GHC,20,1.3,4,1000,3,0.18225693702697754,False,0.9,0.6923076923076923,0.7826086956521738,10,14
3056,FCI,20,1.3,4,1000,3,0.048519134521484375,False,-1.0,-1.0,-1.0,-1,-1
3057,MIIC,20,1.3,4,1000,4,0.022950172424316406,False,1.0,0.7307692307692307,0.8444444444444443,7,16
3058,GHC,20,1.3,4,1000,4,0.1830909252166748,False,0.9,0.6923076923076923,0.7826086956521738,10,20
3059,FCI,20,1.3,4,1000,4,0.09579229354858398,False,-1.0,-1.0,-1.0,-1,-1
3060,MIIC,20,1.5,2,100,0,0.01651144027709961,False,0.5,0.3333333333333333,0.4,30,35
3061,GHC,20,1.5,2,100,0,0.16557955741882324,False,0.4444444444444444,0.26666666666666666,0.33333333333333337,32,37
3062,FCI,20,1.5,2,100,0,0.017099857330322266,False,-1.0,-1.0,-1.0,-1,-1
3063,MIIC,20,1.5,2,100,1,0.013901948928833008,False,0.7058823529411765,0.4,0.5106382978723405,23,27
3064,GHC,20,1.5,2,100,1,0.15772128105163574,False,0.8,0.4,0.5333333333333333,21,27
3065,FCI,20,1.5,2,100,1,0.01648712158203125,False,-1.0,-1.0,-1.0,-1,-1
3066,MIIC,20,1.5,2,100,2,0.016295909881591797,False,0.55,0.3793103448275862,0.4489795918367347,27,34
3067,GHC,20,1.5,2,100,2,0.17116618156433105,False,0.5217391304347826,0.41379310344827586,0.4615384615384615,28,35
3068,FCI,20,1.5,2,100,2,0.01583409309387207,False,-1.0,-1.0,-1.0,-1,-1
3069,MIIC,20,1.5,2,100,3,0.014553070068359375,False,0.5294117647058824,0.3,0.3829787234042553,29,34
3070,GHC,20,1.5,2,100,3,0.1686091423034668,False,0.55,0.36666666666666664,0.43999999999999995,28,36
3071,FCI,20,1.5,2,100,3,0.015900850296020508,False,-1.0,-1.0,-1.0,-1,-1
3072,MIIC,20,1.5,2,100,4,0.011366844177246094,False,0.7142857142857143,0.3333333333333333,0.4545454545454545,24,31
3073,GHC,20,1.5,2,100,4,0.16010427474975586,False,0.6666666666666666,0.3333333333333333,0.4444444444444444,25,34
3074,FCI,20,1.5,2,100,4,0.01385188102722168,False,-1.0,-1.0,-1.0,-1,-1
3075,MIIC,20,1.5,2,250,0,0.0160520076751709,False,0.7777777777777778,0.4666666666666667,0.5833333333333334,20,26
3076,GHC,20,1.5,2,250,0,0.17131423950195312,False,0.8333333333333334,0.5,0.625,18,27
3077,FCI,20,1.5,2,250,0,0.0238797664642334,False,-1.0,-1.0,-1.0,-1,-1
3078,MIIC,20,1.5,2,250,1,0.014242172241210938,False,0.8125,0.43333333333333335,0.5652173913043479,20,27
3079,GHC,20,1.5,2,250,1,0.18247199058532715,False,0.6956521739130435,0.5333333333333333,0.6037735849056605,21,28
3080,FCI,20,1.5,2,250,1,0.02876591682434082,False,-1.0,-1.0,-1.0,-1,-1
3081,MIIC,20,1.5,2,250,2,0.014610052108764648,False,0.7647058823529411,0.43333333333333335,0.5531914893617021,21,26
3082,GHC,20,1.5,2,250,2,0.17412710189819336,False,0.7619047619047619,0.5333333333333333,0.6274509803921569,19,24
3083,FCI,20,1.5,2,250,2,0.018100976943969727,False,-1.0,-1.0,-1.0,-1,-1
3084,MIIC,20,1.5,2,250,3,0.018150806427001953,False,0.8181818181818182,0.6,0.6923076923076923,16,28
3085,GHC,20,1.5,2,250,3,0.1639268398284912,False,0.8333333333333334,0.5,0.625,18,30
3086,FCI,20,1.5,2,250,3,0.023792743682861328,False,-1.0,-1.0,-1.0,-1,-1
3087,MIIC,20,1.5,2,250,4,0.013267993927001953,False,0.75,0.41379310344827586,0.5333333333333333,21,28
3088,GHC,20,1.5,2,250,4,0.1632530689239502,False,0.6875,0.3793103448275862,0.4888888888888889,23,30
3089,FCI,20,1.5,2,250,4,0.017660140991210938,False,-1.0,-1.0,-1.0,-1,-1
3090,MIIC,20,1.5,2,500,0,0.025092124938964844,False,0.8076923076923077,0.7,0.75,14,26
3091,GHC,20,1.5,2,500,0,0.1757678985595703,False,0.782608695652174,0.6,0.6792452830188679,17,35
3092,FCI,20,1.5,2,500,0,0.1127936840057373,False,-1.0,-1.0,-1.0,-1,-1
3093,MIIC,20,1.5,2,500,1,0.020975828170776367,False,0.9090909090909091,0.6666666666666666,0.7692307692307692,12,18
3094,GHC,20,1.5,2,500,1,0.17937994003295898,False,0.9130434782608695,0.7,0.7924528301886793,11,20
3095,FCI,20,1.5,2,500,1,0.09807467460632324,False,-1.0,-1.0,-1.0,-1,-1
3096,MIIC,20,1.5,2,500,2,0.024807214736938477,False,0.9523809523809523,0.6666666666666666,0.7843137254901961,11,21
3097,GHC,20,1.5,2,500,2,0.2002401351928711,False,0.8333333333333334,0.6666666666666666,0.7407407407407408,14,27
3098,FCI,20,1.5,2,500,2,0.4900400638580322,False,-1.0,-1.0,-1.0,-1,-1
3099,MIIC,20,1.5,2,500,3,0.02077007293701172,False,0.8421052631578947,0.5333333333333333,0.653061224489796,17,25
3100,GHC,20,1.5,2,500,3,0.16634798049926758,False,0.8235294117647058,0.4666666666666667,0.5957446808510638,19,25
3101,FCI,20,1.5,2,500,3,0.04250693321228027,False,-1.0,-1.0,-1.0,-1,-1
3102,MIIC,20,1.5,2,500,4,0.03141307830810547,False,0.9545454545454546,0.7,0.8076923076923077,10,15
3103,GHC,20,1.5,2,500,4,0.18639492988586426,False,0.8076923076923077,0.7,0.75,14,26
3104,FCI,20,1.5,2,500,4,0.07818388938903809,False,-1.0,-1.0,-1.0,-1,-1
3105,MIIC,20,1.5,2,1000,0,0.026301860809326172,False,0.9047619047619048,0.6333333333333333,0.7450980392156863,13,15
3106,GHC,20,1.5,2,1000,0,0.1790311336517334,False,0.72,0.6,0.6545454545454547,19,29
3107,FCI,20,1.5,2,1000,0,0.06390070915222168,False,-1.0,-1.0,-1.0,-1,-1
3108,MIIC,20,1.5,2,1000,1,0.030278921127319336,False,0.9523809523809523,0.6666666666666666,0.7843137254901961,11,15
3109,GHC,20,1.5,2,1000,1,0.18539190292358398,False,0.8518518518518519,0.7666666666666667,0.8070175438596491,11,23
3110,FCI,20,1.5,2,1000,1,0.10569000244140625,False,-1.0,-1.0,-1.0,-1,-1
3111,MIIC,20,1.5,2,1000,2,0.02953028678894043,False,0.8636363636363636,0.6333333333333333,0.7307692307692307,14,17
3112,GHC,20,1.5,2,1000,2,0.1875290870666504,False,0.8461538461538461,0.7333333333333333,0.7857142857142856,12,19
3113,FCI,20,1.5,2,1000,2,0.48772358894348145,False,-1.0,-1.0,-1.0,-1,-1
3114,MIIC,20,1.5,2,1000,3,0.028078794479370117,False,0.9090909090909091,0.6666666666666666,0.7692307692307692,12,22
3115,GHC,20,1.5,2,1000,3,0.1869368553161621,False,0.8461538461538461,0.7333333333333333,0.7857142857142856,12,23
3116,FCI,20,1.5,2,1000,3,0.1463911533355713,False,-1.0,-1.0,-1.0,-1,-1
3117,MIIC,20,1.5,2,1000,4,0.03645896911621094,False,0.92,0.7931034482758621,0.851851851851852,8,13
3118,GHC,20,1.5,2,1000,4,0.18477892875671387,False,0.92,0.7931034482758621,0.851851851851852,8,22
3119,FCI,20,1.5,2,1000,4,1.9099209308624268,False,-1.0,-1.0,-1.0,-1,-1
3120,MIIC,20,1.5,3,100,0,0.008300065994262695,False,1.0,0.23333333333333334,0.37837837837837834,23,29
3121,GHC,20,1.5,3,100,0,0.14528727531433105,False,1.0,0.26666666666666666,0.4210526315789474,22,27
3122,FCI,20,1.5,3,100,0,0.012492895126342773,False,-1.0,-1.0,-1.0,-1,-1
3123,MIIC,20,1.5,3,100,1,0.010676860809326172,False,0.6363636363636364,0.23333333333333334,0.34146341463414637,27,33
3124,GHC,20,1.5,3,100,1,0.16380596160888672,False,0.5333333333333333,0.26666666666666666,0.3555555555555555,29,35
3125,FCI,20,1.5,3,100,1,0.013023853302001953,False,-1.0,-1.0,-1.0,-1,-1
3126,MIIC,20,1.5,3,100,2,0.011074066162109375,False,1.0,0.43333333333333335,0.6046511627906976,17,24
3127,GHC,20,1.5,3,100,2,0.15192914009094238,False,0.9,0.3,0.45000000000000007,22,26
3128,FCI,20,1.5,3,100,2,0.014809846878051758,False,-1.0,-1.0,-1.0,-1,-1
3129,MIIC,20,1.5,3,100,3,0.010065793991088867,False,0.7272727272727273,0.26666666666666666,0.3902439024390244,25,31
3130,GHC,20,1.5,3,100,3,0.1698310375213623,False,0.5833333333333334,0.23333333333333334,0.33333333333333337,28,31
3131,FCI,20,1.5,3,100,3,0.012627124786376953,False,-1.0,-1.0,-1.0,-1,-1
3132,MIIC,20,1.5,3,100,4,0.010483264923095703,False,0.6666666666666666,0.2857142857142857,0.4,24,28
3133,GHC,20,1.5,3,100,4,0.15018486976623535,False,0.9,0.32142857142857145,0.4736842105263158,20,23
3134,FCI,20,1.5,3,100,4,0.013876914978027344,False,-1.0,-1.0,-1.0,-1,-1
3135,MIIC,20,1.5,3,250,0,0.011423826217651367,False,0.9166666666666666,0.3793103448275862,0.5365853658536586,19,23
3136,GHC,20,1.5,3,250,0,0.15357089042663574,False,1.0,0.41379310344827586,0.5853658536585366,17,18
3137,FCI,20,1.5,3,250,0,0.019431114196777344,False,-1.0,-1.0,-1.0,-1,-1
3138,MIIC,20,1.5,3,250,1,0.013367891311645508,False,1.0,0.5333333333333333,0.6956521739130436,14,25
3139,GHC,20,1.5,3,250,1,0.15824580192565918,False,0.8461538461538461,0.36666666666666664,0.5116279069767441,21,30
3140,FCI,20,1.5,3,250,1,0.018517017364501953,False,-1.0,-1.0,-1.0,-1,-1
3141,MIIC,20,1.5,3,250,2,0.014168024063110352,False,1.0,0.5,0.6666666666666666,15,27
3142,GHC,20,1.5,3,250,2,0.1656339168548584,False,0.9375,0.5,0.6521739130434783,16,21
3143,FCI,20,1.5,3,250,2,0.0401611328125,False,-1.0,-1.0,-1.0,-1,-1
3144,MIIC,20,1.5,3,250,3,0.010855913162231445,False,0.9,0.3,0.45000000000000007,22,29
3145,GHC,20,1.5,3,250,3,0.14994311332702637,False,0.8888888888888888,0.26666666666666666,0.41025641025641024,23,29
3146,FCI,20,1.5,3,250,3,0.015760183334350586,False,-1.0,-1.0,-1.0,-1,-1
3147,MIIC,20,1.5,3,250,4,0.009350061416625977,False,0.875,0.23333333333333334,0.3684210526315789,24,29
3148,GHC,20,1.5,3,250,4,0.14823293685913086,False,0.9,0.3,0.45000000000000007,22,27
3149,FCI,20,1.5,3,250,4,0.013720989227294922,False,-1.0,-1.0,-1.0,-1,-1
3150,MIIC,20,1.5,3,500,0,0.01857304573059082,False,1.0,0.6,0.7499999999999999,12,23
3151,GHC,20,1.5,3,500,0,0.17034006118774414,False,0.95,0.6333333333333333,0.7599999999999999,12,21
3152,FCI,20,1.5,3,500,0,0.030438899993896484,False,-1.0,-1.0,-1.0,-1,-1
3153,MIIC,20,1.5,3,500,1,0.018218040466308594,False,1.0,0.6,0.7499999999999999,12,20
3154,GHC,20,1.5,3,500,1,0.17465925216674805,False,0.8947368421052632,0.5666666666666667,0.6938775510204083,15,27
3155,FCI,20,1.5,3,500,1,0.07094383239746094,False,-1.0,-1.0,-1.0,-1,-1
3156,MIIC,20,1.5,3,500,2,0.02140522003173828,False,1.0,0.7333333333333333,0.846153846153846,8,24
3157,GHC,20,1.5,3,500,2,0.18359827995300293,False,0.9130434782608695,0.7,0.7924528301886793,11,23
3158,FCI,20,1.5,3,500,2,0.16906285285949707,False,-1.0,-1.0,-1.0,-1,-1
3159,MIIC,20,1.5,3,500,3,0.015771150588989258,False,0.9444444444444444,0.5862068965517241,0.7234042553191489,13,24
3160,GHC,20,1.5,3,500,3,0.1772010326385498,False,0.9047619047619048,0.6551724137931034,0.7599999999999999,12,23
3161,FCI,20,1.5,3,500,3,0.07919526100158691,False,-1.0,-1.0,-1.0,-1,-1
3162,MIIC,20,1.5,3,500,4,0.02001190185546875,False,0.8947368421052632,0.5666666666666667,0.6938775510204083,15,17
3163,GHC,20,1.5,3,500,4,0.16648125648498535,False,0.9473684210526315,0.6,0.7346938775510204,13,15
3164,FCI,20,1.5,3,500,4,0.025990009307861328,False,-1.0,-1.0,-1.0,-1,-1
3165,MIIC,20,1.5,3,1000,0,0.025901079177856445,False,0.9583333333333334,0.7666666666666667,0.8518518518518519,8,13
3166,GHC,20,1.5,3,1000,0,0.19410300254821777,False,0.8275862068965517,0.8,0.8135593220338982,11,23
3167,FCI,20,1.5,3,1000,0,0.11888933181762695,False,-1.0,-1.0,-1.0,-1,-1
3168,MIIC,20,1.5,3,1000,1,0.023981809616088867,False,1.0,0.8,0.888888888888889,6,11
3169,GHC,20,1.5,3,1000,1,0.18624114990234375,False,0.9230769230769231,0.8,0.8571428571428571,8,18
3170,FCI,20,1.5,3,1000,1,0.1266498565673828,False,-1.0,-1.0,-1.0,-1,-1
3171,MIIC,20,1.5,3,1000,2,0.017637252807617188,False,1.0,0.6,0.7499999999999999,12,18
3172,GHC,20,1.5,3,1000,2,0.17191410064697266,False,1.0,0.6,0.7499999999999999,12,19
3173,FCI,20,1.5,3,1000,2,0.031171083450317383,False,-1.0,-1.0,-1.0,-1,-1
3174,MIIC,20,1.5,3,1000,3,0.026787757873535156,False,0.9565217391304348,0.7333333333333333,0.8301886792452831,9,12
3175,GHC,20,1.5,3,1000,3,0.18608474731445312,False,0.875,0.7,0.7777777777777777,12,23
3176,FCI,20,1.5,3,1000,3,0.052670955657958984,False,-1.0,-1.0,-1.0,-1,-1
3177,MIIC,20,1.5,3,1000,4,0.027012109756469727,False,1.0,0.7333333333333333,0.846153846153846,8,17
3178,GHC,20,1.5,3,1000,4,0.17745208740234375,False,0.9545454545454546,0.7,0.8076923076923077,10,19
3179,FCI,20,1.5,3,1000,4,0.05621790885925293,False,-1.0,-1.0,-1.0,-1,-1
3180,MIIC,20,1.5,4,100,0,0.00748896598815918,False,0.8,0.13793103448275862,0.2352941176470588,26,30
3181,GHC,20,1.5,4,100,0,0.141495943069458,False,0.5,0.10344827586206896,0.17142857142857143,29,32
3182,FCI,20,1.5,4,100,0,0.013139009475708008,False,-1.0,-1.0,-1.0,-1,-1
3183,MIIC,20,1.5,4,100,1,0.009215116500854492,False,0.75,0.2,0.31578947368421056,26,31
3184,GHC,20,1.5,4,100,1,0.14939308166503906,False,0.7142857142857143,0.16666666666666666,0.2702702702702703,27,30
3185,FCI,20,1.5,4,100,1,0.013890743255615234,False,-1.0,-1.0,-1.0,-1,-1
3186,MIIC,20,1.5,4,100,2,0.00690913200378418,False,1.0,0.13333333333333333,0.23529411764705882,26,30
3187,GHC,20,1.5,4,100,2,0.13746118545532227,False,1.0,0.06666666666666667,0.125,28,30
3188,FCI,20,1.5,4,100,2,0.012541770935058594,False,1.0,0.2,0.33333333333333337,24,28
3189,MIIC,20,1.5,4,100,3,0.011484146118164062,False,0.8181818181818182,0.3,0.43902439024390244,23,30
3190,GHC,20,1.5,4,100,3,0.1597919464111328,False,0.75,0.3,0.4285714285714285,24,29
3191,FCI,20,1.5,4,100,3,0.01371908187866211,False,-1.0,-1.0,-1.0,-1,-1
3192,MIIC,20,1.5,4,100,4,0.0072481632232666016,False,1.0,0.13333333333333333,0.23529411764705882,26,29
3193,GHC,20,1.5,4,100,4,0.1332099437713623,False,1.0,0.06666666666666667,0.125,28,29
3194,FCI,20,1.5,4,100,4,0.011873006820678711,False,-1.0,-1.0,-1.0,-1,-1
3195,MIIC,20,1.5,4,250,0,0.014258861541748047,False,0.9333333333333333,0.4666666666666667,0.6222222222222223,17,27
3196,GHC,20,1.5,4,250,0,0.16424179077148438,False,0.7777777777777778,0.4666666666666667,0.5833333333333334,20,27
3197,FCI,20,1.5,4,250,0,0.017008066177368164,False,-1.0,-1.0,-1.0,-1,-1
3198,MIIC,20,1.5,4,250,1,0.012135028839111328,False,1.0,0.36666666666666664,0.5365853658536585,19,28
3199,GHC,20,1.5,4,250,1,0.15054011344909668,False,0.8,0.26666666666666666,0.4,24,30
3200,FCI,20,1.5,4,250,1,0.016443967819213867,False,-1.0,-1.0,-1.0,-1,-1
3201,MIIC,20,1.5,4,250,2,0.012099027633666992,False,0.7692307692307693,0.3333333333333333,0.4651162790697674,23,28
3202,GHC,20,1.5,4,250,2,0.14510107040405273,False,1.0,0.2,0.33333333333333337,24,25
3203,FCI,20,1.5,4,250,2,0.014590263366699219,False,-1.0,-1.0,-1.0,-1,-1
3204,MIIC,20,1.5,4,250,3,0.012364864349365234,False,0.9166666666666666,0.3793103448275862,0.5365853658536586,19,28
3205,GHC,20,1.5,4,250,3,0.1524050235748291,False,0.8888888888888888,0.27586206896551724,0.42105263157894735,22,28
3206,FCI,20,1.5,4,250,3,0.01884603500366211,False,-1.0,-1.0,-1.0,-1,-1
3207,MIIC,20,1.5,4,250,4,0.012363195419311523,False,0.9166666666666666,0.36666666666666664,0.5238095238095238,20,30
3208,GHC,20,1.5,4,250,4,0.1497480869293213,False,1.0,0.3333333333333333,0.5,20,28
3209,FCI,20,1.5,4,250,4,0.016185998916625977,False,-1.0,-1.0,-1.0,-1,-1
3210,MIIC,20,1.5,4,500,0,0.012761831283569336,False,1.0,0.43333333333333335,0.6046511627906976,17,24
3211,GHC,20,1.5,4,500,0,0.16974592208862305,False,0.8235294117647058,0.4666666666666667,0.5957446808510638,19,29
3212,FCI,20,1.5,4,500,0,0.023501873016357422,False,-1.0,-1.0,-1.0,-1,-1
3213,MIIC,20,1.5,4,500,1,0.01829218864440918,False,1.0,0.5862068965517241,0.7391304347826086,12,17
3214,GHC,20,1.5,4,500,1,0.19359898567199707,False,1.0,0.5862068965517241,0.7391304347826086,12,17
3215,FCI,20,1.5,4,500,1,0.032900094985961914,False,-1.0,-1.0,-1.0,-1,-1
3216,MIIC,20,1.5,4,500,2,0.019083023071289062,False,1.0,0.6333333333333333,0.7755102040816326,11,15
3217,GHC,20,1.5,4,500,2,0.16838288307189941,False,0.9230769230769231,0.4,0.5581395348837209,19,26
3218,FCI,20,1.5,4,500,2,0.03961515426635742,False,-1.0,-1.0,-1.0,-1,-1
3219,MIIC,20,1.5,4,500,3,0.015523910522460938,False,0.8666666666666667,0.43333333333333335,0.5777777777777778,19,23
3220,GHC,20,1.5,4,500,3,0.16483402252197266,False,0.7857142857142857,0.36666666666666664,0.5,22,30
3221,FCI,20,1.5,4,500,3,0.02385091781616211,False,-1.0,-1.0,-1.0,-1,-1
3222,MIIC,20,1.5,4,500,4,0.015516281127929688,False,1.0,0.5,0.6666666666666666,15,19
3223,GHC,20,1.5,4,500,4,0.18382692337036133,False,1.0,0.5,0.6666666666666666,15,21
3224,FCI,20,1.5,4,500,4,0.02212691307067871,False,-1.0,-1.0,-1.0,-1,-1
3225,MIIC,20,1.5,4,1000,0,0.033236026763916016,False,1.0,0.6,0.7499999999999999,12,22
3226,GHC,20,1.5,4,1000,0,0.2510678768157959,False,1.0,0.5666666666666667,0.7234042553191489,13,20
3227,FCI,20,1.5,4,1000,0,0.21889305114746094,False,-1.0,-1.0,-1.0,-1,-1
3228,MIIC,20,1.5,4,1000,1,0.01975393295288086,False,1.0,0.5,0.6666666666666666,15,24
3229,GHC,20,1.5,4,1000,1,0.1845839023590088,False,0.9333333333333333,0.4666666666666667,0.6222222222222223,17,26
3230,FCI,20,1.5,4,1000,1,0.03607797622680664,False,-1.0,-1.0,-1.0,-1,-1
3231,MIIC,20,1.5,4,1000,2,0.019130945205688477,False,1.0,0.43333333333333335,0.6046511627906976,17,17
3232,GHC,20,1.5,4,1000,2,0.17094922065734863,False,1.0,0.43333333333333335,0.6046511627906976,17,17
3233,FCI,20,1.5,4,1000,2,0.0628049373626709,False,-1.0,-1.0,-1.0,-1,-1
3234,MIIC,20,1.5,4,1000,3,0.017359018325805664,False,1.0,0.43333333333333335,0.6046511627906976,17,24
3235,GHC,20,1.5,4,1000,3,0.38931798934936523,False,1.0,0.43333333333333335,0.6046511627906976,17,21
3236,FCI,20,1.5,4,1000,3,0.04765605926513672,False,-1.0,-1.0,-1.0,-1,-1
3237,MIIC,20,1.5,4,1000,4,0.021687030792236328,False,0.8947368421052632,0.5666666666666667,0.6938775510204083,15,25
3238,GHC,20,1.5,4,1000,4,0.17784476280212402,False,0.8095238095238095,0.5666666666666667,0.6666666666666666,17,25
3239,FCI,20,1.5,4,1000,4,0.04851102828979492,False,-1.0,-1.0,-1.0,-1,-1
3240,MIIC,20,1.7,2,100,0,0.016165971755981445,False,0.6875,0.3333333333333333,0.4489795918367347,27,33
3241,GHC,20,1.7,2,100,0,0.20068001747131348,False,0.6111111111111112,0.3333333333333333,0.43137254901960786,29,38
3242,FCI,20,1.7,2,100,0,0.017247915267944336,False,-1.0,-1.0,-1.0,-1,-1
3243,MIIC,20,1.7,2,100,1,0.014387130737304688,False,0.6153846153846154,0.23529411764705882,0.3404255319148936,31,37
3244,GHC,20,1.7,2,100,1,0.1696767807006836,False,0.75,0.2647058823529412,0.39130434782608703,28,33
3245,FCI,20,1.7,2,100,1,0.014304876327514648,False,-1.0,-1.0,-1.0,-1,-1
3246,MIIC,20,1.7,2,100,2,0.014920949935913086,False,0.8,0.35294117647058826,0.489795918367347,25,30
3247,GHC,20,1.7,2,100,2,0.1921226978302002,False,0.7222222222222222,0.38235294117647056,0.4999999999999999,26,35
3248,FCI,20,1.7,2,100,2,0.01730203628540039,False,-1.0,-1.0,-1.0,-1,-1
3249,MIIC,20,1.7,2,100,3,0.018550872802734375,False,0.5652173913043478,0.38235294117647056,0.45614035087719296,31,36
3250,GHC,20,1.7,2,100,3,0.17483806610107422,False,0.7894736842105263,0.4411764705882353,0.5660377358490566,23,35
3251,FCI,20,1.7,2,100,3,0.015702009201049805,False,-1.0,-1.0,-1.0,-1,-1
3252,MIIC,20,1.7,2,100,4,0.017911911010742188,False,0.631578947368421,0.35294117647058826,0.45283018867924524,29,35
3253,GHC,20,1.7,2,100,4,0.1821291446685791,False,0.6875,0.3235294117647059,0.44000000000000006,28,36
3254,FCI,20,1.7,2,100,4,0.019617080688476562,False,-1.0,-1.0,-1.0,-1,-1
3255,MIIC,20,1.7,2,250,0,0.014618873596191406,False,0.8666666666666667,0.38235294117647056,0.5306122448979592,23,25
3256,GHC,20,1.7,2,250,0,0.17312192916870117,False,0.7777777777777778,0.4117647058823529,0.5384615384615384,24,27
3257,FCI,20,1.7,2,250,0,0.019209861755371094,False,-1.0,-1.0,-1.0,-1,-1
3258,MIIC,20,1.7,2,250,1,0.01411890983581543,False,0.9333333333333333,0.4117647058823529,0.5714285714285713,21,31
3259,GHC,20,1.7,2,250,1,0.1778402328491211,False,0.8421052631578947,0.47058823529411764,0.6037735849056604,21,31
3260,FCI,20,1.7,2,250,1,0.02064824104309082,False,-1.0,-1.0,-1.0,-1,-1
3261,MIIC,20,1.7,2,250,2,0.015057802200317383,False,0.8125,0.38235294117647056,0.52,24,27
3262,GHC,20,1.7,2,250,2,0.16838407516479492,False,0.8235294117647058,0.4117647058823529,0.5490196078431372,23,30
3263,FCI,20,1.7,2,250,2,0.024841785430908203,False,-1.0,-1.0,-1.0,-1,-1
3264,MIIC,20,1.7,2,250,3,0.01554417610168457,False,0.9444444444444444,0.5,0.6538461538461539,18,25
3265,GHC,20,1.7,2,250,3,0.1735081672668457,False,0.9090909090909091,0.5882352941176471,0.7142857142857143,16,29
3266,FCI,20,1.7,2,250,3,0.03032517433166504,False,-1.0,-1.0,-1.0,-1,-1
3267,MIIC,20,1.7,2,250,4,0.02693486213684082,False,0.65,0.38235294117647056,0.48148148148148157,28,33
3268,GHC,20,1.7,2,250,4,0.16829705238342285,False,0.7272727272727273,0.47058823529411764,0.5714285714285714,24,29
3269,FCI,20,1.7,2,250,4,0.023732900619506836,False,-1.0,-1.0,-1.0,-1,-1
3270,MIIC,20,1.7,2,500,0,0.020852088928222656,False,0.9,0.5294117647058824,0.6666666666666667,18,26
3271,GHC,20,1.7,2,500,0,0.1835620403289795,False,0.8260869565217391,0.5588235294117647,0.6666666666666667,19,31
3272,FCI,20,1.7,2,500,0,0.04499197006225586,False,-1.0,-1.0,-1.0,-1,-1
3273,MIIC,20,1.7,2,500,1,0.022518634796142578,False,1.0,0.6470588235294118,0.7857142857142858,12,20
3274,GHC,20,1.7,2,500,1,0.1833951473236084,False,0.88,0.6470588235294118,0.7457627118644068,15,26
3275,FCI,20,1.7,2,500,1,0.19610810279846191,False,-1.0,-1.0,-1.0,-1,-1
3276,MIIC,20,1.7,2,500,2,0.02106022834777832,False,0.9523809523809523,0.5882352941176471,0.7272727272727274,15,18
3277,GHC,20,1.7,2,500,2,0.17696189880371094,False,0.8,0.47058823529411764,0.5925925925925927,22,32
3278,FCI,20,1.7,2,500,2,0.14333486557006836,False,-1.0,-1.0,-1.0,-1,-1
3279,MIIC,20,1.7,2,500,3,0.020014047622680664,False,0.9523809523809523,0.5882352941176471,0.7272727272727274,15,23
3280,GHC,20,1.7,2,500,3,0.17968297004699707,False,0.8636363636363636,0.5588235294117647,0.6785714285714287,18,29
3281,FCI,20,1.7,2,500,3,0.5708649158477783,False,-1.0,-1.0,-1.0,-1,-1
3282,MIIC,20,1.7,2,500,4,0.013055086135864258,False,0.9230769230769231,0.35294117647058826,0.5106382978723405,23,31
3283,GHC,20,1.7,2,500,4,0.16656899452209473,False,0.9375,0.4411764705882353,0.6,20,30
3284,FCI,20,1.7,2,500,4,0.021274089813232422,False,-1.0,-1.0,-1.0,-1,-1
3285,MIIC,20,1.7,2,1000,0,0.03048419952392578,False,0.9583333333333334,0.6764705882352942,0.7931034482758621,12,20
3286,GHC,20,1.7,2,1000,0,0.18545103073120117,False,0.8518518518518519,0.6764705882352942,0.7540983606557378,15,28
3287,FCI,20,1.7,2,1000,0,1.9200949668884277,False,-1.0,-1.0,-1.0,-1,-1
3288,MIIC,20,1.7,2,1000,1,0.030698060989379883,False,0.9629629629629629,0.7647058823529411,0.8524590163934426,9,18
3289,GHC,20,1.7,2,1000,1,0.1974179744720459,False,0.9,0.7941176470588235,0.84375,10,17
3290,FCI,20,1.7,2,1000,1,1.80604887008667,False,-1.0,-1.0,-1.0,-1,-1
3291,MIIC,20,1.7,2,1000,2,0.02941107749938965,False,0.9545454545454546,0.6176470588235294,0.75,14,23
3292,GHC,20,1.7,2,1000,2,0.19193816184997559,False,0.8846153846153846,0.6764705882352942,0.7666666666666666,14,22
3293,FCI,20,1.7,2,1000,2,0.4653780460357666,False,-1.0,-1.0,-1.0,-1,-1
3294,MIIC,20,1.7,2,1000,3,0.04754209518432617,False,1.0,0.7647058823529411,0.8666666666666666,8,19
3295,GHC,20,1.7,2,1000,3,0.20510601997375488,False,0.8857142857142857,0.9117647058823529,0.8985507246376812,7,15
3296,FCI,20,1.7,2,1000,3,1.5103459358215332,False,-1.0,-1.0,-1.0,-1,-1
3297,MIIC,20,1.7,2,1000,4,0.026098251342773438,False,0.9565217391304348,0.6470588235294118,0.7719298245614036,13,15
3298,GHC,20,1.7,2,1000,4,0.188035249710083,False,0.9629629629629629,0.7647058823529411,0.8524590163934426,9,11
3299,FCI,20,1.7,2,1000,4,0.12572908401489258,False,-1.0,-1.0,-1.0,-1,-1
3300,MIIC,20,1.7,3,100,0,0.011406183242797852,False,0.75,0.2647058823529412,0.39130434782608703,28,36
3301,GHC,20,1.7,3,100,0,0.1558372974395752,False,0.8461538461538461,0.3235294117647059,0.46808510638297873,25,29
3302,FCI,20,1.7,3,100,0,0.012638092041015625,False,-1.0,-1.0,-1.0,-1,-1
3303,MIIC,20,1.7,3,100,1,0.011377334594726562,False,0.8461538461538461,0.3235294117647059,0.46808510638297873,25,33
3304,GHC,20,1.7,3,100,1,0.16093182563781738,False,0.9090909090909091,0.29411764705882354,0.4444444444444445,25,32
3305,FCI,20,1.7,3,100,1,0.013657093048095703,False,-1.0,-1.0,-1.0,-1,-1
3306,MIIC,20,1.7,3,100,2,0.01848602294921875,False,0.6842105263157895,0.38235294117647056,0.49056603773584906,27,36
3307,GHC,20,1.7,3,100,2,0.1782841682434082,False,0.6470588235294118,0.3235294117647059,0.4313725490196078,29,37
3308,FCI,20,1.7,3,100,2,0.019517898559570312,False,-1.0,-1.0,-1.0,-1,-1
3309,MIIC,20,1.7,3,100,3,0.01484990119934082,False,0.6153846153846154,0.23529411764705882,0.3404255319148936,31,32
3310,GHC,20,1.7,3,100,3,0.16821599006652832,False,0.6,0.2647058823529412,0.36734693877551017,31,36
3311,FCI,20,1.7,3,100,3,0.01353311538696289,False,0.625,0.14705882352941177,0.2380952380952381,32,34
3312,MIIC,20,1.7,3,100,4,0.014419794082641602,False,0.8571428571428571,0.35294117647058826,0.5,24,29
3313,GHC,20,1.7,3,100,4,0.1670382022857666,False,0.6666666666666666,0.29411764705882354,0.40816326530612246,29,34
3314,FCI,20,1.7,3,100,4,0.018395185470581055,False,-1.0,-1.0,-1.0,-1,-1
3315,MIIC,20,1.7,3,250,0,0.020274877548217773,False,1.0,0.5294117647058824,0.6923076923076924,16,26
3316,GHC,20,1.7,3,250,0,0.19915485382080078,False,0.8947368421052632,0.5,0.6415094339622641,19,30
3317,FCI,20,1.7,3,250,0,0.0316920280456543,False,-1.0,-1.0,-1.0,-1,-1
3318,MIIC,20,1.7,3,250,1,0.013379812240600586,False,1.0,0.4117647058823529,0.5833333333333334,20,25
3319,GHC,20,1.7,3,250,1,0.17211699485778809,False,1.0,0.29411764705882354,0.45454545454545453,24,27
3320,FCI,20,1.7,3,250,1,0.028209686279296875,False,-1.0,-1.0,-1.0,-1,-1
3321,MIIC,20,1.7,3,250,2,0.018130779266357422,False,0.8,0.35294117647058826,0.489795918367347,25,29
3322,GHC,20,1.7,3,250,2,0.1778266429901123,False,0.7333333333333333,0.3235294117647059,0.4489795918367347,27,30
3323,FCI,20,1.7,3,250,2,0.02046799659729004,False,-1.0,-1.0,-1.0,-1,-1
3324,MIIC,20,1.7,3,250,3,0.01592087745666504,False,0.9166666666666666,0.3235294117647059,0.4782608695652174,24,32
3325,GHC,20,1.7,3,250,3,0.18518972396850586,False,1.0,0.3235294117647059,0.48888888888888893,23,31
3326,FCI,20,1.7,3,250,3,0.01989603042602539,False,-1.0,-1.0,-1.0,-1,-1
3327,MIIC,20,1.7,3,250,4,0.017583131790161133,False,0.8888888888888888,0.48484848484848486,0.6274509803921569,19,26
3328,GHC,20,1.7,3,250,4,0.19290399551391602,False,0.9333333333333333,0.42424242424242425,0.5833333333333333,20,26
3329,FCI,20,1.7,3,250,4,0.03222489356994629,False,-1.0,-1.0,-1.0,-1,-1
3330,MIIC,20,1.7,3,500,0,0.02285289764404297,False,0.9523809523809523,0.5882352941176471,0.7272727272727274,15,28
3331,GHC,20,1.7,3,500,0,0.19884586334228516,False,0.9444444444444444,0.5,0.6538461538461539,18,26
3332,FCI,20,1.7,3,500,0,0.06342220306396484,False,-1.0,-1.0,-1.0,-1,-1
3333,MIIC,20,1.7,3,500,1,0.021199941635131836,False,0.95,0.5588235294117647,0.7037037037037037,16,26
3334,GHC,20,1.7,3,500,1,0.20659399032592773,False,1.0,0.6176470588235294,0.7636363636363637,13,19
3335,FCI,20,1.7,3,500,1,0.0954139232635498,False,-1.0,-1.0,-1.0,-1,-1
3336,MIIC,20,1.7,3,500,2,0.013111114501953125,False,1.0,0.38235294117647056,0.5531914893617021,21,27
3337,GHC,20,1.7,3,500,2,0.16085505485534668,False,1.0,0.38235294117647056,0.5531914893617021,21,26
3338,FCI,20,1.7,3,500,2,0.020641088485717773,False,-1.0,-1.0,-1.0,-1,-1
3339,MIIC,20,1.7,3,500,3,0.02068495750427246,False,0.9523809523809523,0.5882352941176471,0.7272727272727274,15,22
3340,GHC,20,1.7,3,500,3,0.17746901512145996,False,0.8095238095238095,0.5,0.6181818181818182,21,26
3341,FCI,20,1.7,3,500,3,0.040396690368652344,False,-1.0,-1.0,-1.0,-1,-1
3342,MIIC,20,1.7,3,500,4,0.028477191925048828,False,0.9047619047619048,0.5588235294117647,0.6909090909090908,17,27
3343,GHC,20,1.7,3,500,4,0.184859037399292,False,0.9,0.5294117647058824,0.6666666666666667,18,22
3344,FCI,20,1.7,3,500,4,0.07932186126708984,False,-1.0,-1.0,-1.0,-1,-1
3345,MIIC,20,1.7,3,1000,0,0.02516484260559082,False,1.0,0.5882352941176471,0.7407407407407407,14,17
3346,GHC,20,1.7,3,1000,0,0.1783580780029297,False,0.95,0.5588235294117647,0.7037037037037037,16,19
3347,FCI,20,1.7,3,1000,0,0.04175400733947754,False,-1.0,-1.0,-1.0,-1,-1
3348,MIIC,20,1.7,3,1000,1,0.022528886795043945,False,0.9,0.5294117647058824,0.6666666666666667,18,26
3349,GHC,20,1.7,3,1000,1,0.17993903160095215,False,0.8571428571428571,0.5294117647058824,0.6545454545454545,19,28
3350,FCI,20,1.7,3,1000,1,0.34664392471313477,False,-1.0,-1.0,-1.0,-1,-1
3351,MIIC,20,1.7,3,1000,2,0.027788162231445312,False,1.0,0.7352941176470589,0.8474576271186441,9,18
3352,GHC,20,1.7,3,1000,2,0.2011101245880127,False,0.9285714285714286,0.7647058823529411,0.8387096774193549,10,25
3353,FCI,20,1.7,3,1000,2,0.20559072494506836,False,-1.0,-1.0,-1.0,-1,-1
3354,MIIC,20,1.7,3,1000,3,0.035460710525512695,False,1.0,0.7352941176470589,0.8474576271186441,9,17
3355,GHC,20,1.7,3,1000,3,0.20084691047668457,False,1.0,0.7647058823529411,0.8666666666666666,8,8
3356,FCI,20,1.7,3,1000,3,0.13385486602783203,False,-1.0,-1.0,-1.0,-1,-1
3357,MIIC,20,1.7,3,1000,4,0.02645111083984375,False,1.0,0.5588235294117647,0.7169811320754718,15,26
3358,GHC,20,1.7,3,1000,4,0.19158196449279785,False,0.8076923076923077,0.6176470588235294,0.7,18,25
3359,FCI,20,1.7,3,1000,4,0.28226804733276367,False,-1.0,-1.0,-1.0,-1,-1
3360,MIIC,20,1.7,4,100,0,0.010133028030395508,False,0.9090909090909091,0.3125,0.4651162790697674,23,30
3361,GHC,20,1.7,4,100,0,0.15015816688537598,False,0.8888888888888888,0.25,0.3902439024390244,25,32
3362,FCI,20,1.7,4,100,0,0.014268875122070312,False,-1.0,-1.0,-1.0,-1,-1
3363,MIIC,20,1.7,4,100,1,0.006788730621337891,False,1.0,0.08823529411764706,0.1621621621621622,31,32
3364,GHC,20,1.7,4,100,1,0.1401960849761963,False,0.75,0.08823529411764706,0.15789473684210525,32,32
3365,FCI,20,1.7,4,100,1,0.012260198593139648,False,0.6666666666666666,0.11764705882352941,0.2,32,34
3366,MIIC,20,1.7,4,100,2,0.009541988372802734,False,1.0,0.23529411764705882,0.38095238095238093,26,32
3367,GHC,20,1.7,4,100,2,0.14033293724060059,False,1.0,0.14705882352941177,0.25641025641025644,29,33
3368,FCI,20,1.7,4,100,2,0.012366056442260742,False,-1.0,-1.0,-1.0,-1,-1
3369,MIIC,20,1.7,4,100,3,0.009669065475463867,False,0.6666666666666666,0.17647058823529413,0.27906976744186046,31,34
3370,GHC,20,1.7,4,100,3,0.14929795265197754,False,0.6666666666666666,0.17647058823529413,0.27906976744186046,31,34
3371,FCI,20,1.7,4,100,3,0.013757944107055664,False,-1.0,-1.0,-1.0,-1,-1
3372,MIIC,20,1.7,4,100,4,0.009035825729370117,False,0.875,0.20588235294117646,0.33333333333333337,28,32
3373,GHC,20,1.7,4,100,4,0.1488780975341797,False,0.875,0.20588235294117646,0.33333333333333337,28,32
3374,FCI,20,1.7,4,100,4,0.012936115264892578,False,-1.0,-1.0,-1.0,-1,-1
3375,MIIC,20,1.7,4,250,0,0.014670133590698242,False,0.8461538461538461,0.3235294117647059,0.46808510638297873,25,28
3376,GHC,20,1.7,4,250,0,0.1665799617767334,False,0.9166666666666666,0.3235294117647059,0.4782608695652174,24,27
3377,FCI,20,1.7,4,250,0,0.022148847579956055,False,-1.0,-1.0,-1.0,-1,-1
3378,MIIC,20,1.7,4,250,1,0.010275125503540039,False,0.875,0.20588235294117646,0.33333333333333337,28,34
3379,GHC,20,1.7,4,250,1,0.14423775672912598,False,1.0,0.20588235294117646,0.34146341463414637,27,32
3380,FCI,20,1.7,4,250,1,0.016022920608520508,False,-1.0,-1.0,-1.0,-1,-1
3381,MIIC,20,1.7,4,250,2,0.016870975494384766,False,0.8947368421052632,0.5,0.6415094339622641,19,26
3382,GHC,20,1.7,4,250,2,0.17017197608947754,False,0.95,0.5588235294117647,0.7037037037037037,16,22
3383,FCI,20,1.7,4,250,2,0.01879572868347168,False,-1.0,-1.0,-1.0,-1,-1
3384,MIIC,20,1.7,4,250,3,0.010365962982177734,False,1.0,0.29411764705882354,0.45454545454545453,24,31
3385,GHC,20,1.7,4,250,3,0.14691519737243652,False,1.0,0.23529411764705882,0.38095238095238093,26,31
3386,FCI,20,1.7,4,250,3,0.015524864196777344,False,-1.0,-1.0,-1.0,-1,-1
3387,MIIC,20,1.7,4,250,4,0.011307001113891602,False,1.0,0.3235294117647059,0.48888888888888893,23,28
3388,GHC,20,1.7,4,250,4,0.14948797225952148,False,1.0,0.2647058823529412,0.4186046511627907,25,29
3389,FCI,20,1.7,4,250,4,0.01822495460510254,False,-1.0,-1.0,-1.0,-1,-1
3390,MIIC,20,1.7,4,500,0,0.014039039611816406,False,1.0,0.36363636363636365,0.5333333333333333,21,32
3391,GHC,20,1.7,4,500,0,0.15787911415100098,False,0.7857142857142857,0.3333333333333333,0.4680851063829786,25,33
3392,FCI,20,1.7,4,500,0,0.01911783218383789,False,-1.0,-1.0,-1.0,-1,-1
3393,MIIC,20,1.7,4,500,1,0.015674829483032227,False,0.7333333333333333,0.3235294117647059,0.4489795918367347,27,32
3394,GHC,20,1.7,4,500,1,0.15778517723083496,False,0.7692307692307693,0.29411764705882354,0.4255319148936171,27,36
3395,FCI,20,1.7,4,500,1,0.024804115295410156,False,-1.0,-1.0,-1.0,-1,-1
3396,MIIC,20,1.7,4,500,2,0.019659996032714844,False,0.9090909090909091,0.5882352941176471,0.7142857142857143,16,27
3397,GHC,20,1.7,4,500,2,0.16840410232543945,False,0.9411764705882353,0.47058823529411764,0.627450980392157,19,22
3398,FCI,20,1.7,4,500,2,0.03688788414001465,False,-1.0,-1.0,-1.0,-1,-1
3399,MIIC,20,1.7,4,500,3,0.014230966567993164,False,1.0,0.35294117647058826,0.5217391304347826,22,28
3400,GHC,20,1.7,4,500,3,0.15394186973571777,False,1.0,0.35294117647058826,0.5217391304347826,22,27
3401,FCI,20,1.7,4,500,3,0.0314328670501709,False,-1.0,-1.0,-1.0,-1,-1
3402,MIIC,20,1.7,4,500,4,0.01657581329345703,False,0.9333333333333333,0.4117647058823529,0.5714285714285713,21,30
3403,GHC,20,1.7,4,500,4,0.176588773727417,False,0.8666666666666667,0.38235294117647056,0.5306122448979592,23,33
3404,FCI,20,1.7,4,500,4,0.024111032485961914,False,-1.0,-1.0,-1.0,-1,-1
3405,MIIC,20,1.7,4,1000,0,0.027364730834960938,False,1.0,0.6176470588235294,0.7636363636363637,13,23
3406,GHC,20,1.7,4,1000,0,0.1888880729675293,False,0.92,0.6764705882352942,0.7796610169491526,13,22
3407,FCI,20,1.7,4,1000,0,0.14983892440795898,False,-1.0,-1.0,-1.0,-1,-1
3408,MIIC,20,1.7,4,1000,1,0.023669958114624023,False,1.0,0.6764705882352942,0.8070175438596492,11,23
3409,GHC,20,1.7,4,1000,1,0.2190251350402832,False,1.0,0.5882352941176471,0.7407407407407407,14,26
3410,FCI,20,1.7,4,1000,1,0.15151500701904297,False,-1.0,-1.0,-1.0,-1,-1
3411,MIIC,20,1.7,4,1000,2,0.01937413215637207,False,1.0,0.4411764705882353,0.6122448979591837,19,23
3412,GHC,20,1.7,4,1000,2,0.1860501766204834,False,1.0,0.4411764705882353,0.6122448979591837,19,21
3413,FCI,20,1.7,4,1000,2,0.03314089775085449,False,-1.0,-1.0,-1.0,-1,-1
3414,MIIC,20,1.7,4,1000,3,0.022509098052978516,False,0.9444444444444444,0.5,0.6538461538461539,18,21
3415,GHC,20,1.7,4,1000,3,0.2111361026763916,False,0.95,0.5588235294117647,0.7037037037037037,16,18
3416,FCI,20,1.7,4,1000,3,0.04253387451171875,False,-1.0,-1.0,-1.0,-1,-1
3417,MIIC,20,1.7,4,1000,4,0.031297922134399414,False,1.0,0.7058823529411765,0.8275862068965517,10,14
3418,GHC,20,1.7,4,1000,4,0.1921520233154297,False,1.0,0.6470588235294118,0.7857142857142858,12,16
3419,FCI,20,1.7,4,1000,4,0.2051699161529541,False,-1.0,-1.0,-1.0,-1,-1
3420,MIIC,20,1.9,2,100,0,0.012565851211547852,False,0.8461538461538461,0.2894736842105263,0.4313725490196079,29,38
3421,GHC,20,1.9,2,100,0,0.15601825714111328,False,0.8181818181818182,0.23684210526315788,0.3673469387755102,31,38
3422,FCI,20,1.9,2,100,0,0.014085054397583008,False,1.0,0.18421052631578946,0.3111111111111111,31,36
3423,MIIC,20,1.9,2,100,1,0.014452219009399414,False,0.5714285714285714,0.21052631578947367,0.3076923076923077,36,41
3424,GHC,20,1.9,2,100,1,0.16238117218017578,False,0.75,0.23684210526315788,0.36,32,37
3425,FCI,20,1.9,2,100,1,0.022926807403564453,False,-1.0,-1.0,-1.0,-1,-1
3426,MIIC,20,1.9,2,100,2,0.01601266860961914,False,0.7777777777777778,0.3684210526315789,0.5,28,35
3427,GHC,20,1.9,2,100,2,0.19770503044128418,False,0.6666666666666666,0.3684210526315789,0.4745762711864407,31,37
3428,FCI,20,1.9,2,100,2,0.018629789352416992,False,-1.0,-1.0,-1.0,-1,-1
3429,MIIC,20,1.9,2,100,3,0.01687312126159668,False,0.7142857142857143,0.39473684210526316,0.5084745762711864,29,39
3430,GHC,20,1.9,2,100,3,0.20053410530090332,False,0.9473684210526315,0.47368421052631576,0.631578947368421,21,32
3431,FCI,20,1.9,2,100,3,0.019249916076660156,False,-1.0,-1.0,-1.0,-1,-1
3432,MIIC,20,1.9,2,100,4,0.018739938735961914,False,0.6521739130434783,0.39473684210526316,0.49180327868852464,31,41
3433,GHC,20,1.9,2,100,4,0.1907660961151123,False,0.6521739130434783,0.39473684210526316,0.49180327868852464,31,39
3434,FCI,20,1.9,2,100,4,0.0167238712310791,False,-1.0,-1.0,-1.0,-1,-1
3435,MIIC,20,1.9,2,250,0,0.020956993103027344,False,0.7142857142857143,0.39473684210526316,0.5084745762711864,29,35
3436,GHC,20,1.9,2,250,0,0.19479990005493164,False,0.7272727272727273,0.42105263157894735,0.5333333333333333,28,35
3437,FCI,20,1.9,2,250,0,0.0232541561126709,False,-1.0,-1.0,-1.0,-1,-1
3438,MIIC,20,1.9,2,250,1,0.014117002487182617,False,0.9375,0.39473684210526316,0.5555555555555556,24,33
3439,GHC,20,1.9,2,250,1,0.17156386375427246,False,0.8333333333333334,0.39473684210526316,0.5357142857142857,26,35
3440,FCI,20,1.9,2,250,1,0.01777791976928711,False,-1.0,-1.0,-1.0,-1,-1
3441,MIIC,20,1.9,2,250,2,0.016167163848876953,False,0.95,0.5,0.6551724137931034,20,32
3442,GHC,20,1.9,2,250,2,0.17629599571228027,False,0.9047619047619048,0.5,0.6440677966101696,21,31
3443,FCI,20,1.9,2,250,2,0.02462005615234375,False,-1.0,-1.0,-1.0,-1,-1
3444,MIIC,20,1.9,2,250,3,0.01663804054260254,False,0.8421052631578947,0.42105263157894735,0.5614035087719298,25,30
3445,GHC,20,1.9,2,250,3,0.22229599952697754,False,0.7307692307692307,0.5,0.5937499999999999,26,36
3446,FCI,20,1.9,2,250,3,0.03308892250061035,False,-1.0,-1.0,-1.0,-1,-1
3447,MIIC,20,1.9,2,250,4,0.01911020278930664,False,0.9444444444444444,0.4473684210526316,0.6071428571428572,22,32
3448,GHC,20,1.9,2,250,4,0.18765902519226074,False,0.85,0.4473684210526316,0.5862068965517242,24,33
3449,FCI,20,1.9,2,250,4,0.026938199996948242,False,-1.0,-1.0,-1.0,-1,-1
3450,MIIC,20,1.9,2,500,0,0.018181800842285156,False,0.8,0.3157894736842105,0.45283018867924535,29,36
3451,GHC,20,1.9,2,500,0,0.1727159023284912,False,0.75,0.3157894736842105,0.44444444444444436,30,39
3452,FCI,20,1.9,2,500,0,0.02886819839477539,False,-1.0,-1.0,-1.0,-1,-1
3453,MIIC,20,1.9,2,500,1,0.03001713752746582,False,0.96,0.631578947368421,0.7619047619047619,15,24
3454,GHC,20,1.9,2,500,1,0.19373297691345215,False,0.9629629629629629,0.6842105263157895,0.7999999999999999,13,22
3455,FCI,20,1.9,2,500,1,0.25510501861572266,False,-1.0,-1.0,-1.0,-1,-1
3456,MIIC,20,1.9,2,500,2,0.026079893112182617,False,0.9090909090909091,0.5263157894736842,0.6666666666666666,20,30
3457,GHC,20,1.9,2,500,2,0.22474026679992676,False,0.8214285714285714,0.6052631578947368,0.6969696969696969,20,27
3458,FCI,20,1.9,2,500,2,0.058096885681152344,False,-1.0,-1.0,-1.0,-1,-1
3459,MIIC,20,1.9,2,500,3,0.02047896385192871,False,0.9090909090909091,0.5263157894736842,0.6666666666666666,20,34
3460,GHC,20,1.9,2,500,3,0.1933901309967041,False,0.6923076923076923,0.47368421052631576,0.5625,28,40
3461,FCI,20,1.9,2,500,3,0.20748591423034668,False,-1.0,-1.0,-1.0,-1,-1
3462,MIIC,20,1.9,2,500,4,0.024075984954833984,False,1.0,0.5789473684210527,0.7333333333333334,16,27
3463,GHC,20,1.9,2,500,4,0.1927320957183838,False,0.8275862068965517,0.631578947368421,0.716417910447761,19,31
3464,FCI,20,1.9,2,500,4,0.08646130561828613,False,-1.0,-1.0,-1.0,-1,-1
3465,MIIC,20,1.9,2,1000,0,0.029278039932250977,False,0.9166666666666666,0.5789473684210527,0.7096774193548387,18,24
3466,GHC,20,1.9,2,1000,0,0.1970682144165039,False,0.8181818181818182,0.7105263157894737,0.7605633802816901,17,24
3467,FCI,20,1.9,2,1000,0,1.3082809448242188,False,-1.0,-1.0,-1.0,-1,-1
3468,MIIC,20,1.9,2,1000,1,0.026930809020996094,False,1.0,0.5263157894736842,0.6896551724137931,18,23
3469,GHC,20,1.9,2,1000,1,0.19872617721557617,False,0.6923076923076923,0.47368421052631576,0.5625,28,38
3470,FCI,20,1.9,2,1000,1,0.595221996307373,False,-1.0,-1.0,-1.0,-1,-1
3471,MIIC,20,1.9,2,1000,2,0.035707950592041016,False,0.9615384615384616,0.6578947368421053,0.78125,14,26
3472,GHC,20,1.9,2,1000,2,0.18906712532043457,False,0.8666666666666667,0.6842105263157895,0.7647058823529413,16,29
3473,FCI,20,1.9,2,1000,2,1.8960909843444824,False,-1.0,-1.0,-1.0,-1,-1
3474,MIIC,20,1.9,2,1000,3,0.033759355545043945,False,0.92,0.6052631578947368,0.7301587301587301,17,34
3475,GHC,20,1.9,2,1000,3,0.1929459571838379,False,0.8928571428571429,0.6578947368421053,0.7575757575757577,16,27
3476,FCI,20,1.9,2,1000,3,1.4449961185455322,False,-1.0,-1.0,-1.0,-1,-1
3477,MIIC,20,1.9,2,1000,4,0.03456997871398926,False,0.9285714285714286,0.6842105263157895,0.7878787878787878,14,24
3478,GHC,20,1.9,2,1000,4,0.19796991348266602,False,0.84375,0.7105263157894737,0.7714285714285714,16,26
3479,FCI,20,1.9,2,1000,4,1.334986925125122,False,-1.0,-1.0,-1.0,-1,-1
3480,MIIC,20,1.9,3,100,0,0.011880874633789062,False,0.7857142857142857,0.2894736842105263,0.423076923076923,30,37
3481,GHC,20,1.9,3,100,0,0.15198206901550293,False,0.7,0.18421052631578946,0.29166666666666663,34,39
3482,FCI,20,1.9,3,100,0,0.013391733169555664,False,-1.0,-1.0,-1.0,-1,-1
3483,MIIC,20,1.9,3,100,1,0.011921882629394531,False,0.6923076923076923,0.23684210526315788,0.35294117647058826,33,36
3484,GHC,20,1.9,3,100,1,0.1561450958251953,False,0.7,0.18421052631578946,0.29166666666666663,34,37
3485,FCI,20,1.9,3,100,1,0.01420283317565918,False,-1.0,-1.0,-1.0,-1,-1
3486,MIIC,20,1.9,3,100,2,0.008063077926635742,False,1.0,0.15789473684210525,0.2727272727272727,32,36
3487,GHC,20,1.9,3,100,2,0.13973498344421387,False,1.0,0.13157894736842105,0.23255813953488372,33,36
3488,FCI,20,1.9,3,100,2,0.013573169708251953,False,-1.0,-1.0,-1.0,-1,-1
3489,MIIC,20,1.9,3,100,3,0.013917922973632812,False,0.7692307692307693,0.2631578947368421,0.392156862745098,31,38
3490,GHC,20,1.9,3,100,3,0.1623077392578125,False,0.7857142857142857,0.2894736842105263,0.423076923076923,30,35
3491,FCI,20,1.9,3,100,3,0.014009237289428711,False,1.0,0.21052631578947367,0.34782608695652173,30,36
3492,MIIC,20,1.9,3,100,4,0.013826847076416016,False,0.6470588235294118,0.2894736842105263,0.4,33,38
3493,GHC,20,1.9,3,100,4,0.15884995460510254,False,0.6,0.23684210526315788,0.339622641509434,35,40
3494,FCI,20,1.9,3,100,4,0.016683101654052734,False,-1.0,-1.0,-1.0,-1,-1
3495,MIIC,20,1.9,3,250,0,0.00959467887878418,False,1.0,0.21052631578947367,0.34782608695652173,30,35
3496,GHC,20,1.9,3,250,0,0.15355896949768066,False,1.0,0.21052631578947367,0.34782608695652173,30,33
3497,FCI,20,1.9,3,250,0,0.015907764434814453,False,-1.0,-1.0,-1.0,-1,-1
3498,MIIC,20,1.9,3,250,1,0.011339902877807617,False,1.0,0.2631578947368421,0.4166666666666667,28,33
3499,GHC,20,1.9,3,250,1,0.15607595443725586,False,0.9166666666666666,0.2894736842105263,0.43999999999999995,28,35
3500,FCI,20,1.9,3,250,1,0.022934913635253906,False,-1.0,-1.0,-1.0,-1,-1
3501,MIIC,20,1.9,3,250,2,0.015514850616455078,False,1.0,0.47368421052631576,0.6428571428571429,20,30
3502,GHC,20,1.9,3,250,2,0.1598799228668213,False,1.0,0.39473684210526316,0.5660377358490566,23,33
3503,FCI,20,1.9,3,250,2,0.021242141723632812,False,-1.0,-1.0,-1.0,-1,-1
3504,MIIC,20,1.9,3,250,3,0.011482954025268555,False,1.0,0.3157894736842105,0.4799999999999999,26,33
3505,GHC,20,1.9,3,250,3,0.15352106094360352,False,1.0,0.2631578947368421,0.4166666666666667,28,32
3506,FCI,20,1.9,3,250,3,0.01788806915283203,False,-1.0,-1.0,-1.0,-1,-1
3507,MIIC,20,1.9,3,250,4,0.019118070602416992,False,0.8181818181818182,0.47368421052631576,0.6,24,32
3508,GHC,20,1.9,3,250,4,0.1699991226196289,False,0.8571428571428571,0.3157894736842105,0.46153846153846156,28,37
3509,FCI,20,1.9,3,250,4,0.02991008758544922,False,-1.0,-1.0,-1.0,-1,-1
3510,MIIC,20,1.9,3,500,0,0.027656078338623047,False,1.0,0.6486486486486487,0.7868852459016393,13,24
3511,GHC,20,1.9,3,500,0,0.18389201164245605,False,0.9230769230769231,0.6486486486486487,0.7619047619047619,15,24
3512,FCI,20,1.9,3,500,0,0.10841083526611328,False,-1.0,-1.0,-1.0,-1,-1
3513,MIIC,20,1.9,3,500,1,0.016162872314453125,False,1.0,0.4473684210526316,0.6181818181818182,21,34
3514,GHC,20,1.9,3,500,1,0.17346405982971191,False,0.8888888888888888,0.42105263157894735,0.5714285714285714,24,35
3515,FCI,20,1.9,3,500,1,0.05742502212524414,False,-1.0,-1.0,-1.0,-1,-1
3516,MIIC,20,1.9,3,500,2,0.02118396759033203,False,0.8947368421052632,0.4473684210526316,0.5964912280701755,23,29
3517,GHC,20,1.9,3,500,2,0.16950082778930664,False,0.8947368421052632,0.4473684210526316,0.5964912280701755,23,31
3518,FCI,20,1.9,3,500,2,0.05392193794250488,False,-1.0,-1.0,-1.0,-1,-1
3519,MIIC,20,1.9,3,500,3,0.01618790626525879,False,0.875,0.3684210526315789,0.5185185185185185,26,33
3520,GHC,20,1.9,3,500,3,0.16002821922302246,False,0.8666666666666667,0.34210526315789475,0.4905660377358491,27,33
3521,FCI,20,1.9,3,500,3,0.02465510368347168,False,-1.0,-1.0,-1.0,-1,-1
3522,MIIC,20,1.9,3,500,4,0.01614093780517578,False,1.0,0.4473684210526316,0.6181818181818182,21,29
3523,GHC,20,1.9,3,500,4,0.16618919372558594,False,0.8421052631578947,0.42105263157894735,0.5614035087719298,25,32
3524,FCI,20,1.9,3,500,4,0.053276777267456055,False,-1.0,-1.0,-1.0,-1,-1
3525,MIIC,20,1.9,3,1000,0,0.029917001724243164,False,0.9230769230769231,0.631578947368421,0.7499999999999999,16,23
3526,GHC,20,1.9,3,1000,0,0.18932008743286133,False,0.8214285714285714,0.6052631578947368,0.6969696969696969,20,33
3527,FCI,20,1.9,3,1000,0,0.5581607818603516,False,-1.0,-1.0,-1.0,-1,-1
3528,MIIC,20,1.9,3,1000,1,0.03203988075256348,False,0.9545454545454546,0.5526315789473685,0.7000000000000001,18,25
3529,GHC,20,1.9,3,1000,1,0.19321489334106445,False,0.9230769230769231,0.631578947368421,0.7499999999999999,16,23
3530,FCI,20,1.9,3,1000,1,0.1521008014678955,False,-1.0,-1.0,-1.0,-1,-1
3531,MIIC,20,1.9,3,1000,2,0.031029939651489258,False,0.9615384615384616,0.6578947368421053,0.78125,14,22
3532,GHC,20,1.9,3,1000,2,0.19505786895751953,False,1.0,0.7631578947368421,0.8656716417910448,9,13
3533,FCI,20,1.9,3,1000,2,0.33387184143066406,False,-1.0,-1.0,-1.0,-1,-1
3534,MIIC,20,1.9,3,1000,3,0.03154277801513672,False,1.0,0.6578947368421053,0.7936507936507937,13,18
3535,GHC,20,1.9,3,1000,3,0.20313596725463867,False,0.8666666666666667,0.6842105263157895,0.7647058823529413,16,22
3536,FCI,20,1.9,3,1000,3,0.5890247821807861,False,-1.0,-1.0,-1.0,-1,-1
3537,MIIC,20,1.9,3,1000,4,0.029480934143066406,False,0.9615384615384616,0.6578947368421053,0.78125,14,25
3538,GHC,20,1.9,3,1000,4,0.19240403175354004,False,0.9285714285714286,0.6842105263157895,0.7878787878787878,14,20
3539,FCI,20,1.9,3,1000,4,0.27576518058776855,False,-1.0,-1.0,-1.0,-1,-1
3540,MIIC,20,1.9,4,100,0,0.008769035339355469,False,0.875,0.19444444444444445,0.3181818181818182,30,35
3541,GHC,20,1.9,4,100,0,0.14397597312927246,False,0.8571428571428571,0.16666666666666666,0.27906976744186046,31,34
3542,FCI,20,1.9,4,100,0,0.013846874237060547,False,-1.0,-1.0,-1.0,-1,-1
3543,MIIC,20,1.9,4,100,1,0.009274959564208984,False,1.0,0.22857142857142856,0.3720930232558139,27,31
3544,GHC,20,1.9,4,100,1,0.14515185356140137,False,0.875,0.2,0.32558139534883723,29,34
3545,FCI,20,1.9,4,100,1,0.012789011001586914,False,0.8333333333333334,0.14285714285714285,0.2439024390243902,31,34
3546,MIIC,20,1.9,4,100,2,0.007798194885253906,False,0.8333333333333334,0.13157894736842105,0.22727272727272727,34,38
3547,GHC,20,1.9,4,100,2,0.14133882522583008,False,1.0,0.13157894736842105,0.23255813953488372,33,37
3548,FCI,20,1.9,4,100,2,0.012278079986572266,False,-1.0,-1.0,-1.0,-1,-1
3549,MIIC,20,1.9,4,100,3,0.010474920272827148,False,0.9,0.23684210526315788,0.375,30,34
3550,GHC,20,1.9,4,100,3,0.14534282684326172,False,0.8333333333333334,0.13157894736842105,0.22727272727272727,34,35
3551,FCI,20,1.9,4,100,3,0.014952898025512695,False,-1.0,-1.0,-1.0,-1,-1
3552,MIIC,20,1.9,4,100,4,0.009171009063720703,False,1.0,0.23684210526315788,0.38297872340425526,29,34
3553,GHC,20,1.9,4,100,4,0.14775800704956055,False,0.8571428571428571,0.15789473684210525,0.26666666666666666,33,35
3554,FCI,20,1.9,4,100,4,0.012575864791870117,False,-1.0,-1.0,-1.0,-1,-1
3555,MIIC,20,1.9,4,250,0,0.01031804084777832,False,1.0,0.24324324324324326,0.391304347826087,28,35
3556,GHC,20,1.9,4,250,0,0.1463489532470703,False,1.0,0.21621621621621623,0.35555555555555557,29,35
3557,FCI,20,1.9,4,250,0,0.013768911361694336,False,-1.0,-1.0,-1.0,-1,-1
3558,MIIC,20,1.9,4,250,1,0.012768030166625977,False,0.9285714285714286,0.37142857142857144,0.5306122448979592,23,32
3559,GHC,20,1.9,4,250,1,0.15409612655639648,False,0.9166666666666666,0.3142857142857143,0.4680851063829787,25,33
3560,FCI,20,1.9,4,250,1,0.01651930809020996,False,-1.0,-1.0,-1.0,-1,-1
3561,MIIC,20,1.9,4,250,2,0.010349273681640625,False,1.0,0.23684210526315788,0.38297872340425526,29,31
3562,GHC,20,1.9,4,250,2,0.14902782440185547,False,1.0,0.15789473684210525,0.2727272727272727,32,35
3563,FCI,20,1.9,4,250,2,0.0167691707611084,False,-1.0,-1.0,-1.0,-1,-1
3564,MIIC,20,1.9,4,250,3,0.011394023895263672,False,0.8,0.21052631578947367,0.3333333333333333,32,35
3565,GHC,20,1.9,4,250,3,0.1497349739074707,False,0.7777777777777778,0.18421052631578946,0.2978723404255319,33,37
3566,FCI,20,1.9,4,250,3,0.019240856170654297,False,-1.0,-1.0,-1.0,-1,-1
3567,MIIC,20,1.9,4,250,4,0.011374950408935547,False,0.9090909090909091,0.2702702702702703,0.4166666666666667,28,32
3568,GHC,20,1.9,4,250,4,0.1505751609802246,False,0.7777777777777778,0.1891891891891892,0.30434782608695654,32,38
3569,FCI,20,1.9,4,250,4,0.01589226722717285,False,-1.0,-1.0,-1.0,-1,-1
3570,MIIC,20,1.9,4,500,0,0.012331008911132812,False,1.0,0.2894736842105263,0.4489795918367347,27,35
3571,GHC,20,1.9,4,500,0,0.16055989265441895,False,0.7857142857142857,0.2894736842105263,0.423076923076923,30,38
3572,FCI,20,1.9,4,500,0,0.029346227645874023,False,-1.0,-1.0,-1.0,-1,-1
3573,MIIC,20,1.9,4,500,1,0.008945941925048828,False,1.0,0.13157894736842105,0.23255813953488372,33,38
3574,GHC,20,1.9,4,500,1,0.13786602020263672,False,1.0,0.07894736842105263,0.14634146341463414,35,38
3575,FCI,20,1.9,4,500,1,0.01709580421447754,False,-1.0,-1.0,-1.0,-1,-1
3576,MIIC,20,1.9,4,500,2,0.01456904411315918,False,1.0,0.39473684210526316,0.5660377358490566,23,26
3577,GHC,20,1.9,4,500,2,0.16893911361694336,False,0.8,0.42105263157894735,0.5517241379310345,26,36
3578,FCI,20,1.9,4,500,2,0.035988807678222656,False,-1.0,-1.0,-1.0,-1,-1
3579,MIIC,20,1.9,4,500,3,0.014103174209594727,False,0.9333333333333333,0.3684210526315789,0.5283018867924527,25,34
3580,GHC,20,1.9,4,500,3,0.15438199043273926,False,0.9090909090909091,0.2631578947368421,0.4081632653061224,29,35
3581,FCI,20,1.9,4,500,3,0.020832061767578125,False,-1.0,-1.0,-1.0,-1,-1
3582,MIIC,20,1.9,4,500,4,0.011438131332397461,False,0.9,0.23684210526315788,0.375,30,34
3583,GHC,20,1.9,4,500,4,0.1529080867767334,False,0.7777777777777778,0.18421052631578946,0.2978723404255319,33,38
3584,FCI,20,1.9,4,500,4,0.03161287307739258,False,-1.0,-1.0,-1.0,-1,-1
3585,MIIC,20,1.9,4,1000,0,0.022958993911743164,False,1.0,0.4864864864864865,0.6545454545454547,19,29
3586,GHC,20,1.9,4,1000,0,0.17147588729858398,False,0.8666666666666667,0.35135135135135137,0.5000000000000001,26,34
3587,FCI,20,1.9,4,1000,0,0.03508400917053223,False,-1.0,-1.0,-1.0,-1,-1
3588,MIIC,20,1.9,4,1000,1,0.02153301239013672,False,0.9375,0.40540540540540543,0.5660377358490566,23,30
3589,GHC,20,1.9,4,1000,1,0.18038296699523926,False,1.0,0.5135135135135135,0.6785714285714285,18,22
3590,FCI,20,1.9,4,1000,1,0.06158328056335449,False,-1.0,-1.0,-1.0,-1,-1
3591,MIIC,20,1.9,4,1000,2,0.0154571533203125,False,1.0,0.3157894736842105,0.4799999999999999,26,30
3592,GHC,20,1.9,4,1000,2,0.16174912452697754,False,0.8461538461538461,0.2894736842105263,0.4313725490196079,29,33
3593,FCI,20,1.9,4,1000,2,0.02567601203918457,False,-1.0,-1.0,-1.0,-1,-1
3594,MIIC,20,1.9,4,1000,3,0.02353501319885254,False,1.0,0.5135135135135135,0.6785714285714285,18,26
3595,GHC,20,1.9,4,1000,3,0.16559696197509766,False,1.0,0.4594594594594595,0.6296296296296297,20,28
3596,FCI,20,1.9,4,1000,3,0.03866887092590332,False,-1.0,-1.0,-1.0,-1,-1
3597,MIIC,20,1.9,4,1000,4,0.025488853454589844,False,0.9583333333333334,0.6052631578947368,0.7419354838709677,16,21
3598,GHC,20,1.9,4,1000,4,0.18741798400878906,False,0.8,0.5263157894736842,0.6349206349206348,23,34
3599,FCI,20,1.9,4,1000,4,0.06684708595275879,False,-1.0,-1.0,-1.0,-1,-1
3600,MIIC,25,1.1,2,100,0,0.017542123794555664,False,0.6470588235294118,0.4074074074074074,0.5,22,32
3601,GHC,25,1.1,2,100,0,0.25449180603027344,False,0.5,0.37037037037037035,0.425531914893617,27,35
3602,FCI,25,1.1,2,100,0,0.02295684814453125,False,-1.0,-1.0,-1.0,-1,-1
3603,MIIC,25,1.1,2,100,1,0.020914077758789062,False,0.6086956521739131,0.5185185185185185,0.5599999999999999,22,28
3604,GHC,25,1.1,2,100,1,0.25425100326538086,False,0.65,0.48148148148148145,0.553191489361702,21,31
3605,FCI,25,1.1,2,100,1,0.026524782180786133,False,-1.0,-1.0,-1.0,-1,-1
3606,MIIC,25,1.1,2,100,2,0.022042274475097656,False,0.8636363636363636,0.7037037037037037,0.7755102040816326,11,23
3607,GHC,25,1.1,2,100,2,0.26099181175231934,False,0.8181818181818182,0.6666666666666666,0.7346938775510203,13,24
3608,FCI,25,1.1,2,100,2,0.02618098258972168,False,-1.0,-1.0,-1.0,-1,-1
3609,MIIC,25,1.1,2,100,3,0.025449037551879883,False,0.5,0.4074074074074074,0.44897959183673464,27,37
3610,GHC,25,1.1,2,100,3,0.2646467685699463,False,0.5714285714285714,0.4444444444444444,0.5,24,34
3611,FCI,25,1.1,2,100,3,0.02548384666442871,False,-1.0,-1.0,-1.0,-1,-1
3612,MIIC,25,1.1,2,100,4,0.018692970275878906,False,0.55,0.4074074074074074,0.46808510638297873,25,31
3613,GHC,25,1.1,2,100,4,0.26251697540283203,False,0.42857142857142855,0.3333333333333333,0.375,30,34
3614,FCI,25,1.1,2,100,4,0.024799823760986328,False,-1.0,-1.0,-1.0,-1,-1
3615,MIIC,25,1.1,2,250,0,0.02141404151916504,False,0.8888888888888888,0.6153846153846154,0.7272727272727274,12,21
3616,GHC,25,1.1,2,250,0,0.262908935546875,False,0.6363636363636364,0.5384615384615384,0.5833333333333334,20,27
3617,FCI,25,1.1,2,250,0,0.02654433250427246,False,-1.0,-1.0,-1.0,-1,-1
3618,MIIC,25,1.1,2,250,1,0.023807048797607422,False,0.6363636363636364,0.5185185185185185,0.5714285714285714,21,27
3619,GHC,25,1.1,2,250,1,0.26491212844848633,False,0.6956521739130435,0.5925925925925926,0.6399999999999999,18,22
3620,FCI,25,1.1,2,250,1,0.027779102325439453,False,-1.0,-1.0,-1.0,-1,-1
3621,MIIC,25,1.1,2,250,2,0.020721912384033203,False,0.8421052631578947,0.5925925925925926,0.6956521739130435,14,26
3622,GHC,25,1.1,2,250,2,0.25052905082702637,False,0.7222222222222222,0.48148148148148145,0.5777777777777777,19,26
3623,FCI,25,1.1,2,250,2,0.0364842414855957,False,-1.0,-1.0,-1.0,-1,-1
3624,MIIC,25,1.1,2,250,3,0.020615816116333008,False,0.6842105263157895,0.48148148148148145,0.5652173913043478,20,28
3625,GHC,25,1.1,2,250,3,0.2579059600830078,False,0.6190476190476191,0.48148148148148145,0.5416666666666666,22,29
3626,FCI,25,1.1,2,250,3,0.028241872787475586,False,-1.0,-1.0,-1.0,-1,-1
3627,MIIC,25,1.1,2,250,4,0.023638010025024414,False,0.6666666666666666,0.5925925925925926,0.627450980392157,19,24
3628,GHC,25,1.1,2,250,4,0.25939202308654785,False,0.7368421052631579,0.5185185185185185,0.6086956521739131,18,24
3629,FCI,25,1.1,2,250,4,0.03237509727478027,False,-1.0,-1.0,-1.0,-1,-1
3630,MIIC,25,1.1,2,500,0,0.02113795280456543,False,0.85,0.6296296296296297,0.723404255319149,13,22
3631,GHC,25,1.1,2,500,0,0.2659451961517334,False,0.9090909090909091,0.7407407407407407,0.8163265306122449,9,15
3632,FCI,25,1.1,2,500,0,0.04434776306152344,False,-1.0,-1.0,-1.0,-1,-1
3633,MIIC,25,1.1,2,500,1,0.02075815200805664,False,0.8333333333333334,0.5555555555555556,0.6666666666666667,15,23
3634,GHC,25,1.1,2,500,1,0.26602983474731445,False,0.7727272727272727,0.6296296296296297,0.6938775510204083,15,21
3635,FCI,25,1.1,2,500,1,0.031442880630493164,False,-1.0,-1.0,-1.0,-1,-1
3636,MIIC,25,1.1,2,500,2,0.03198528289794922,False,0.782608695652174,0.6666666666666666,0.72,14,21
3637,GHC,25,1.1,2,500,2,0.2693052291870117,False,0.782608695652174,0.6666666666666666,0.72,14,21
3638,FCI,25,1.1,2,500,2,0.06498312950134277,False,-1.0,-1.0,-1.0,-1,-1
3639,MIIC,25,1.1,2,500,3,0.029764890670776367,False,0.8636363636363636,0.7037037037037037,0.7755102040816326,11,23
3640,GHC,25,1.1,2,500,3,0.2804999351501465,False,0.8148148148148148,0.8148148148148148,0.8148148148148148,10,18
3641,FCI,25,1.1,2,500,3,0.040216922760009766,False,-1.0,-1.0,-1.0,-1,-1
3642,MIIC,25,1.1,2,500,4,0.01726698875427246,False,0.9090909090909091,0.38461538461538464,0.5405405405405405,17,21
3643,GHC,25,1.1,2,500,4,0.23809099197387695,False,0.7692307692307693,0.38461538461538464,0.5128205128205128,19,23
3644,FCI,25,1.1,2,500,4,0.028687000274658203,False,-1.0,-1.0,-1.0,-1,-1
3645,MIIC,25,1.1,2,1000,0,0.02902388572692871,False,0.9047619047619048,0.7037037037037037,0.7916666666666667,10,15
3646,GHC,25,1.1,2,1000,0,0.28215813636779785,False,0.8636363636363636,0.7037037037037037,0.7755102040816326,11,18
3647,FCI,25,1.1,2,1000,0,0.04633593559265137,False,-1.0,-1.0,-1.0,-1,-1
3648,MIIC,25,1.1,2,1000,1,0.04458022117614746,False,0.9259259259259259,0.9259259259259259,0.9259259259259259,4,13
3649,GHC,25,1.1,2,1000,1,0.2866859436035156,False,0.8064516129032258,0.9259259259259259,0.8620689655172414,8,23
3650,FCI,25,1.1,2,1000,1,0.533970832824707,False,-1.0,-1.0,-1.0,-1,-1
3651,MIIC,25,1.1,2,1000,2,0.04424905776977539,False,0.8214285714285714,0.8518518518518519,0.8363636363636364,9,11
3652,GHC,25,1.1,2,1000,2,0.2983670234680176,False,0.7857142857142857,0.8148148148148148,0.7999999999999999,11,25
3653,FCI,25,1.1,2,1000,2,0.08408999443054199,False,-1.0,-1.0,-1.0,-1,-1
3654,MIIC,25,1.1,2,1000,3,0.030703067779541016,False,0.95,0.7307692307692307,0.8260869565217392,8,13
3655,GHC,25,1.1,2,1000,3,0.2869429588317871,False,0.875,0.8076923076923077,0.8400000000000001,8,15
3656,FCI,25,1.1,2,1000,3,0.35080480575561523,False,-1.0,-1.0,-1.0,-1,-1
3657,MIIC,25,1.1,2,1000,4,0.03388619422912598,False,0.9047619047619048,0.7037037037037037,0.7916666666666667,10,21
3658,GHC,25,1.1,2,1000,4,0.27931714057922363,False,0.8076923076923077,0.7777777777777778,0.7924528301886792,11,19
3659,FCI,25,1.1,2,1000,4,0.03683114051818848,False,-1.0,-1.0,-1.0,-1,-1
3660,MIIC,25,1.1,3,100,0,0.018468856811523438,False,0.5555555555555556,0.37037037037037035,0.4444444444444445,25,29
3661,GHC,25,1.1,3,100,0,0.2591581344604492,False,0.47619047619047616,0.37037037037037035,0.4166666666666667,28,32
3662,FCI,25,1.1,3,100,0,0.025336027145385742,False,-1.0,-1.0,-1.0,-1,-1
3663,MIIC,25,1.1,3,100,1,0.0203399658203125,False,0.7894736842105263,0.5555555555555556,0.6521739130434783,16,28
3664,GHC,25,1.1,3,100,1,0.24870777130126953,False,0.8235294117647058,0.5185185185185185,0.6363636363636364,16,25
3665,FCI,25,1.1,3,100,1,0.02695918083190918,False,-1.0,-1.0,-1.0,-1,-1
3666,MIIC,25,1.1,3,100,2,0.015245914459228516,False,0.7142857142857143,0.37037037037037035,0.4878048780487805,21,25
3667,GHC,25,1.1,3,100,2,0.2404320240020752,False,0.6666666666666666,0.2962962962962963,0.41025641025641024,23,26
3668,FCI,25,1.1,3,100,2,0.023397207260131836,False,-1.0,-1.0,-1.0,-1,-1
3669,MIIC,25,1.1,3,100,3,0.015358924865722656,False,0.7857142857142857,0.4074074074074074,0.5365853658536585,19,27
3670,GHC,25,1.1,3,100,3,0.23483800888061523,False,0.7692307692307693,0.37037037037037035,0.5,20,24
3671,FCI,25,1.1,3,100,3,0.02513289451599121,False,-1.0,-1.0,-1.0,-1,-1
3672,MIIC,25,1.1,3,100,4,0.016638994216918945,False,0.8125,0.48148148148148145,0.6046511627906976,17,23
3673,GHC,25,1.1,3,100,4,0.255936861038208,False,0.75,0.5555555555555556,0.6382978723404256,17,22
3674,FCI,25,1.1,3,100,4,0.025105953216552734,False,-1.0,-1.0,-1.0,-1,-1
3675,MIIC,25,1.1,3,250,0,0.020087242126464844,False,0.8947368421052632,0.6296296296296297,0.7391304347826088,12,22
3676,GHC,25,1.1,3,250,0,0.2493898868560791,False,0.8823529411764706,0.5555555555555556,0.6818181818181819,14,24
3677,FCI,25,1.1,3,250,0,0.030278921127319336,False,-1.0,-1.0,-1.0,-1,-1
3678,MIIC,25,1.1,3,250,1,0.01662731170654297,False,0.8666666666666667,0.48148148148148145,0.6190476190476191,16,26
3679,GHC,25,1.1,3,250,1,0.2367398738861084,False,0.7857142857142857,0.4074074074074074,0.5365853658536585,19,24
3680,FCI,25,1.1,3,250,1,0.027686119079589844,False,-1.0,-1.0,-1.0,-1,-1
3681,MIIC,25,1.1,3,250,2,0.021013975143432617,False,0.9473684210526315,0.6666666666666666,0.782608695652174,10,15
3682,GHC,25,1.1,3,250,2,0.2707078456878662,False,0.9047619047619048,0.7037037037037037,0.7916666666666667,10,12
3683,FCI,25,1.1,3,250,2,0.030201196670532227,False,-1.0,-1.0,-1.0,-1,-1
3684,MIIC,25,1.1,3,250,3,0.016647815704345703,False,0.8666666666666667,0.48148148148148145,0.6190476190476191,16,24
3685,GHC,25,1.1,3,250,3,0.2359302043914795,False,0.9166666666666666,0.4074074074074074,0.5641025641025641,17,24
3686,FCI,25,1.1,3,250,3,0.026860952377319336,False,-1.0,-1.0,-1.0,-1,-1
3687,MIIC,25,1.1,3,250,4,0.020392894744873047,False,0.8333333333333334,0.5555555555555556,0.6666666666666667,15,22
3688,GHC,25,1.1,3,250,4,0.2518467903137207,False,0.8235294117647058,0.5185185185185185,0.6363636363636364,16,22
3689,FCI,25,1.1,3,250,4,0.027408838272094727,False,-1.0,-1.0,-1.0,-1,-1
3690,MIIC,25,1.1,3,500,0,0.02503228187561035,False,0.9473684210526315,0.6666666666666666,0.782608695652174,10,13
3691,GHC,25,1.1,3,500,0,0.27875709533691406,False,0.7692307692307693,0.7407407407407407,0.7547169811320754,13,20
3692,FCI,25,1.1,3,500,0,0.04134511947631836,False,-1.0,-1.0,-1.0,-1,-1
3693,MIIC,25,1.1,3,500,1,0.023873090744018555,False,1.0,0.7037037037037037,0.8260869565217391,8,12
3694,GHC,25,1.1,3,500,1,0.25730085372924805,False,0.8888888888888888,0.5925925925925926,0.711111111111111,13,20
3695,FCI,25,1.1,3,500,1,0.03375887870788574,False,-1.0,-1.0,-1.0,-1,-1
3696,MIIC,25,1.1,3,500,2,0.022254228591918945,False,0.9444444444444444,0.6296296296296297,0.7555555555555556,11,18
3697,GHC,25,1.1,3,500,2,0.2572770118713379,False,0.8888888888888888,0.5925925925925926,0.711111111111111,13,19
3698,FCI,25,1.1,3,500,2,0.02901601791381836,False,-1.0,-1.0,-1.0,-1,-1
3699,MIIC,25,1.1,3,500,3,0.028438806533813477,False,0.95,0.7037037037037037,0.8085106382978724,9,13
3700,GHC,25,1.1,3,500,3,0.2726771831512451,False,0.8333333333333334,0.7407407407407407,0.7843137254901961,11,22
3701,FCI,25,1.1,3,500,3,0.03163623809814453,False,-1.0,-1.0,-1.0,-1,-1
3702,MIIC,25,1.1,3,500,4,0.0279541015625,False,1.0,0.8518518518518519,0.92,4,5
3703,GHC,25,1.1,3,500,4,0.27117300033569336,False,0.92,0.8518518518518519,0.8846153846153846,6,10
3704,FCI,25,1.1,3,500,4,0.05583691596984863,False,-1.0,-1.0,-1.0,-1,-1
3705,MIIC,25,1.1,3,1000,0,0.032378196716308594,False,1.0,0.8518518518518519,0.92,4,19
3706,GHC,25,1.1,3,1000,0,0.2818598747253418,False,0.9230769230769231,0.8888888888888888,0.9056603773584906,5,23
3707,FCI,25,1.1,3,1000,0,0.07555890083312988,False,-1.0,-1.0,-1.0,-1,-1
3708,MIIC,25,1.1,3,1000,1,0.03294730186462402,False,0.9130434782608695,0.7777777777777778,0.84,8,11
3709,GHC,25,1.1,3,1000,1,0.27448081970214844,False,0.8695652173913043,0.7407407407407407,0.7999999999999999,10,19
3710,FCI,25,1.1,3,1000,1,0.04257917404174805,False,-1.0,-1.0,-1.0,-1,-1
3711,MIIC,25,1.1,3,1000,2,0.03179788589477539,False,1.0,0.7777777777777778,0.8750000000000001,6,12
3712,GHC,25,1.1,3,1000,2,0.2727231979370117,False,0.8333333333333334,0.7407407407407407,0.7843137254901961,11,17
3713,FCI,25,1.1,3,1000,2,0.05995297431945801,False,-1.0,-1.0,-1.0,-1,-1
3714,MIIC,25,1.1,3,1000,3,0.04097390174865723,False,1.0,0.8518518518518519,0.92,4,9
3715,GHC,25,1.1,3,1000,3,0.276806116104126,False,0.9166666666666666,0.8148148148148148,0.8627450980392156,7,10
3716,FCI,25,1.1,3,1000,3,0.05280709266662598,False,-1.0,-1.0,-1.0,-1,-1
3717,MIIC,25,1.1,3,1000,4,0.03364896774291992,False,1.0,0.9259259259259259,0.9615384615384615,2,3
3718,GHC,25,1.1,3,1000,4,0.28264379501342773,False,0.96,0.8888888888888888,0.923076923076923,4,12
3719,FCI,25,1.1,3,1000,4,0.21285295486450195,False,-1.0,-1.0,-1.0,-1,-1
3720,MIIC,25,1.1,4,100,0,0.011495113372802734,False,0.8571428571428571,0.2222222222222222,0.35294117647058826,22,26
3721,GHC,25,1.1,4,100,0,0.22101712226867676,False,0.8333333333333334,0.18518518518518517,0.303030303030303,23,26
3722,FCI,25,1.1,4,100,0,0.02101874351501465,False,0.75,0.2222222222222222,0.34285714285714286,23,26
3723,MIIC,25,1.1,4,100,1,0.012567758560180664,False,0.7,0.25925925925925924,0.37837837837837834,23,25
3724,GHC,25,1.1,4,100,1,0.23658084869384766,False,0.75,0.2222222222222222,0.34285714285714286,23,24
3725,FCI,25,1.1,4,100,1,0.023540973663330078,False,-1.0,-1.0,-1.0,-1,-1
3726,MIIC,25,1.1,4,100,2,0.015829801559448242,False,0.8666666666666667,0.48148148148148145,0.6190476190476191,16,19
3727,GHC,25,1.1,4,100,2,0.22897982597351074,False,1.0,0.3333333333333333,0.5,18,20
3728,FCI,25,1.1,4,100,2,0.023411989212036133,False,-1.0,-1.0,-1.0,-1,-1
3729,MIIC,25,1.1,4,100,3,0.013854265213012695,False,0.5833333333333334,0.25925925925925924,0.358974358974359,25,26
3730,GHC,25,1.1,4,100,3,0.23464393615722656,False,0.5,0.18518518518518517,0.2702702702702703,27,29
3731,FCI,25,1.1,4,100,3,0.02224588394165039,False,-1.0,-1.0,-1.0,-1,-1
3732,MIIC,25,1.1,4,100,4,0.013034820556640625,False,0.8181818181818182,0.3333333333333333,0.4736842105263157,20,27
3733,GHC,25,1.1,4,100,4,0.2405869960784912,False,0.6666666666666666,0.37037037037037035,0.47619047619047616,22,28
3734,FCI,25,1.1,4,100,4,0.02570796012878418,False,-1.0,-1.0,-1.0,-1,-1
3735,MIIC,25,1.1,4,250,0,0.015522003173828125,False,1.0,0.48148148148148145,0.65,14,21
3736,GHC,25,1.1,4,250,0,0.2371058464050293,False,1.0,0.4074074074074074,0.5789473684210525,16,22
3737,FCI,25,1.1,4,250,0,0.026354312896728516,False,-1.0,-1.0,-1.0,-1,-1
3738,MIIC,25,1.1,4,250,1,0.01611018180847168,False,0.9166666666666666,0.4074074074074074,0.5641025641025641,17,26
3739,GHC,25,1.1,4,250,1,0.23749017715454102,False,0.8333333333333334,0.37037037037037035,0.5128205128205128,19,26
3740,FCI,25,1.1,4,250,1,0.027111291885375977,False,-1.0,-1.0,-1.0,-1,-1
3741,MIIC,25,1.1,4,250,2,0.01518702507019043,False,0.9166666666666666,0.4074074074074074,0.5641025641025641,17,23
3742,GHC,25,1.1,4,250,2,0.23221087455749512,False,0.9090909090909091,0.37037037037037035,0.5263157894736842,18,23
3743,FCI,25,1.1,4,250,2,0.025654077529907227,False,-1.0,-1.0,-1.0,-1,-1
3744,MIIC,25,1.1,4,250,3,0.014111995697021484,False,1.0,0.4074074074074074,0.5789473684210525,16,24
3745,GHC,25,1.1,4,250,3,0.2452998161315918,False,0.7333333333333333,0.4074074074074074,0.5238095238095238,20,25
3746,FCI,25,1.1,4,250,3,0.02629399299621582,False,-1.0,-1.0,-1.0,-1,-1
3747,MIIC,25,1.1,4,250,4,0.018385887145996094,False,0.9411764705882353,0.5925925925925926,0.7272727272727272,12,23
3748,GHC,25,1.1,4,250,4,0.23663830757141113,False,1.0,0.4444444444444444,0.6153846153846153,15,23
3749,FCI,25,1.1,4,250,4,0.028952836990356445,False,-1.0,-1.0,-1.0,-1,-1
3750,MIIC,25,1.1,4,500,0,0.020959138870239258,False,1.0,0.6666666666666666,0.8,9,19
3751,GHC,25,1.1,4,500,0,0.25327181816101074,False,0.9444444444444444,0.6296296296296297,0.7555555555555556,11,18
3752,FCI,25,1.1,4,500,0,0.041773080825805664,False,-1.0,-1.0,-1.0,-1,-1
3753,MIIC,25,1.1,4,500,1,0.016543865203857422,False,1.0,0.4444444444444444,0.6153846153846153,15,23
3754,GHC,25,1.1,4,500,1,0.2421741485595703,False,1.0,0.48148148148148145,0.65,14,20
3755,FCI,25,1.1,4,500,1,0.03386497497558594,False,-1.0,-1.0,-1.0,-1,-1
3756,MIIC,25,1.1,4,500,2,0.03503298759460449,False,1.0,0.8148148148148148,0.8979591836734693,5,13
3757,GHC,25,1.1,4,500,2,0.2700479030609131,False,1.0,0.7407407407407407,0.851063829787234,7,16
3758,FCI,25,1.1,4,500,2,0.04215884208679199,False,-1.0,-1.0,-1.0,-1,-1
3759,MIIC,25,1.1,4,500,3,0.020214080810546875,False,1.0,0.6296296296296297,0.7727272727272727,10,19
3760,GHC,25,1.1,4,500,3,0.26912999153137207,False,0.8947368421052632,0.6296296296296297,0.7391304347826088,12,21
3761,FCI,25,1.1,4,500,3,0.033136844635009766,False,-1.0,-1.0,-1.0,-1,-1
3762,MIIC,25,1.1,4,500,4,0.017113208770751953,False,1.0,0.48148148148148145,0.65,14,14
3763,GHC,25,1.1,4,500,4,0.23181676864624023,False,0.9090909090909091,0.37037037037037035,0.5263157894736842,18,22
3764,FCI,25,1.1,4,500,4,0.02792978286743164,False,-1.0,-1.0,-1.0,-1,-1
3765,MIIC,25,1.1,4,1000,0,0.03061389923095703,False,1.0,0.8148148148148148,0.8979591836734693,5,10
3766,GHC,25,1.1,4,1000,0,0.2775843143463135,False,0.92,0.8518518518518519,0.8846153846153846,6,14
3767,FCI,25,1.1,4,1000,0,0.07588505744934082,False,-1.0,-1.0,-1.0,-1,-1
3768,MIIC,25,1.1,4,1000,1,0.03710627555847168,False,0.95,0.7037037037037037,0.8085106382978724,9,15
3769,GHC,25,1.1,4,1000,1,0.2689206600189209,False,0.95,0.7037037037037037,0.8085106382978724,9,21
3770,FCI,25,1.1,4,1000,1,0.09695577621459961,False,-1.0,-1.0,-1.0,-1,-1
3771,MIIC,25,1.1,4,1000,2,0.024651050567626953,False,1.0,0.6296296296296297,0.7727272727272727,10,19
3772,GHC,25,1.1,4,1000,2,0.2596879005432129,False,0.9,0.6666666666666666,0.7659574468085106,11,21
3773,FCI,25,1.1,4,1000,2,0.04854893684387207,False,-1.0,-1.0,-1.0,-1,-1
3774,MIIC,25,1.1,4,1000,3,0.029430150985717773,False,1.0,0.7407407407407407,0.851063829787234,7,13
3775,GHC,25,1.1,4,1000,3,0.2836320400238037,False,0.8461538461538461,0.8148148148148148,0.830188679245283,9,19
3776,FCI,25,1.1,4,1000,3,0.08276033401489258,False,-1.0,-1.0,-1.0,-1,-1
3777,MIIC,25,1.1,4,1000,4,0.027346134185791016,False,0.9047619047619048,0.7037037037037037,0.7916666666666667,10,16
3778,GHC,25,1.1,4,1000,4,0.2634401321411133,False,1.0,0.7037037037037037,0.8260869565217391,8,12
3779,FCI,25,1.1,4,1000,4,0.045507192611694336,False,-1.0,-1.0,-1.0,-1,-1
3780,MIIC,25,1.3,2,100,0,0.023720979690551758,False,0.7727272727272727,0.53125,0.6296296296296297,20,28
3781,GHC,25,1.3,2,100,0,0.27350926399230957,False,0.6428571428571429,0.5625,0.6000000000000001,24,29
3782,FCI,25,1.3,2,100,0,0.031697988510131836,False,-1.0,-1.0,-1.0,-1,-1
3783,MIIC,25,1.3,2,100,1,0.020174026489257812,False,0.6842105263157895,0.40625,0.5098039215686275,25,31
3784,GHC,25,1.3,2,100,1,0.2501230239868164,False,0.7222222222222222,0.40625,0.52,24,30
3785,FCI,25,1.3,2,100,1,0.02833104133605957,False,-1.0,-1.0,-1.0,-1,-1
3786,MIIC,25,1.3,2,100,2,0.021648883819580078,False,0.7083333333333334,0.53125,0.6071428571428571,22,32
3787,GHC,25,1.3,2,100,2,0.28115200996398926,False,0.5862068965517241,0.53125,0.5573770491803278,27,34
3788,FCI,25,1.3,2,100,2,0.024658203125,False,-1.0,-1.0,-1.0,-1,-1
3789,MIIC,25,1.3,2,100,3,0.01953911781311035,False,0.6470588235294118,0.34375,0.4489795918367347,27,31
3790,GHC,25,1.3,2,100,3,0.2563300132751465,False,0.5789473684210527,0.34375,0.4313725490196078,29,36
3791,FCI,25,1.3,2,100,3,0.025243043899536133,False,-1.0,-1.0,-1.0,-1,-1
3792,MIIC,25,1.3,2,100,4,0.01947307586669922,False,0.7,0.4375,0.5384615384615384,24,30
3793,GHC,25,1.3,2,100,4,0.2742161750793457,False,0.6153846153846154,0.5,0.5517241379310345,26,33
3794,FCI,25,1.3,2,100,4,0.025747060775756836,False,-1.0,-1.0,-1.0,-1,-1
3795,MIIC,25,1.3,2,250,0,0.026507854461669922,False,0.64,0.5,0.5614035087719298,25,37
3796,GHC,25,1.3,2,250,0,0.27025699615478516,False,0.72,0.5625,0.631578947368421,21,27
3797,FCI,25,1.3,2,250,0,0.03479504585266113,False,-1.0,-1.0,-1.0,-1,-1
3798,MIIC,25,1.3,2,250,1,0.026340723037719727,False,0.782608695652174,0.5625,0.6545454545454547,19,27
3799,GHC,25,1.3,2,250,1,0.27056407928466797,False,0.76,0.59375,0.6666666666666666,19,27
3800,FCI,25,1.3,2,250,1,0.03287982940673828,False,-1.0,-1.0,-1.0,-1,-1
3801,MIIC,25,1.3,2,250,2,0.025599002838134766,False,0.8695652173913043,0.625,0.7272727272727273,15,20
3802,GHC,25,1.3,2,250,2,0.26819920539855957,False,0.9565217391304348,0.6875,0.8,11,14
3803,FCI,25,1.3,2,250,2,0.050682783126831055,False,-1.0,-1.0,-1.0,-1,-1
3804,MIIC,25,1.3,2,250,3,0.02122187614440918,False,0.75,0.46875,0.5769230769230769,22,28
3805,GHC,25,1.3,2,250,3,0.2598698139190674,False,0.6666666666666666,0.4375,0.5283018867924528,25,33
3806,FCI,25,1.3,2,250,3,0.02866816520690918,False,-1.0,-1.0,-1.0,-1,-1
3807,MIIC,25,1.3,2,250,4,0.02686786651611328,False,0.6923076923076923,0.5625,0.6206896551724138,22,29
3808,GHC,25,1.3,2,250,4,0.27532291412353516,False,0.8,0.625,0.7017543859649122,17,29
3809,FCI,25,1.3,2,250,4,0.09006166458129883,False,-1.0,-1.0,-1.0,-1,-1
3810,MIIC,25,1.3,2,500,0,0.03579425811767578,False,0.9090909090909091,0.625,0.7407407407407406,14,18
3811,GHC,25,1.3,2,500,0,0.28501224517822266,False,0.7857142857142857,0.6875,0.7333333333333334,16,24
3812,FCI,25,1.3,2,500,0,0.08629989624023438,False,-1.0,-1.0,-1.0,-1,-1
3813,MIIC,25,1.3,2,500,1,0.02779102325439453,False,0.7916666666666666,0.59375,0.6785714285714286,18,27
3814,GHC,25,1.3,2,500,1,0.2619147300720215,False,0.8095238095238095,0.53125,0.6415094339622642,19,28
3815,FCI,25,1.3,2,500,1,0.06553912162780762,False,-1.0,-1.0,-1.0,-1,-1
3816,MIIC,25,1.3,2,500,2,0.024957895278930664,False,0.9090909090909091,0.625,0.7407407407407406,14,22
3817,GHC,25,1.3,2,500,2,0.28489208221435547,False,0.9583333333333334,0.71875,0.8214285714285714,10,16
3818,FCI,25,1.3,2,500,2,0.1253681182861328,False,-1.0,-1.0,-1.0,-1,-1
3819,MIIC,25,1.3,2,500,3,0.02758312225341797,False,0.782608695652174,0.5625,0.6545454545454547,19,30
3820,GHC,25,1.3,2,500,3,0.2983369827270508,False,0.7,0.65625,0.6774193548387096,20,34
3821,FCI,25,1.3,2,500,3,0.032507896423339844,False,-1.0,-1.0,-1.0,-1,-1
3822,MIIC,25,1.3,2,500,4,0.021606922149658203,False,0.9444444444444444,0.5666666666666667,0.7083333333333334,14,24
3823,GHC,25,1.3,2,500,4,0.264146089553833,False,0.88,0.7333333333333333,0.8,11,18
3824,FCI,25,1.3,2,500,4,0.03708291053771973,False,-1.0,-1.0,-1.0,-1,-1
3825,MIIC,25,1.3,2,1000,0,0.03263688087463379,False,0.9545454545454546,0.65625,0.7777777777777778,12,22
3826,GHC,25,1.3,2,1000,0,0.2634999752044678,False,0.8181818181818182,0.5625,0.6666666666666666,18,32
3827,FCI,25,1.3,2,1000,0,0.1270742416381836,False,-1.0,-1.0,-1.0,-1,-1
3828,MIIC,25,1.3,2,1000,1,0.035231828689575195,False,1.0,0.6875,0.8148148148148148,10,13
3829,GHC,25,1.3,2,1000,1,0.2814490795135498,False,0.84,0.65625,0.736842105263158,15,22
3830,FCI,25,1.3,2,1000,1,0.06789875030517578,False,-1.0,-1.0,-1.0,-1,-1
3831,MIIC,25,1.3,2,1000,2,0.03610587120056152,False,0.9090909090909091,0.625,0.7407407407407406,14,19
3832,GHC,25,1.3,2,1000,2,0.2832329273223877,False,0.8461538461538461,0.6875,0.7586206896551724,14,21
3833,FCI,25,1.3,2,1000,2,0.11878609657287598,False,-1.0,-1.0,-1.0,-1,-1
3834,MIIC,25,1.3,2,1000,3,0.03351402282714844,False,0.9090909090909091,0.625,0.7407407407407406,14,17
3835,GHC,25,1.3,2,1000,3,0.2891690731048584,False,0.8148148148148148,0.6875,0.7457627118644067,15,19
3836,FCI,25,1.3,2,1000,3,1.1064400672912598,False,-1.0,-1.0,-1.0,-1,-1
3837,MIIC,25,1.3,2,1000,4,0.028232812881469727,False,0.9,0.5625,0.6923076923076923,16,21
3838,GHC,25,1.3,2,1000,4,0.28406691551208496,False,0.9583333333333334,0.71875,0.8214285714285714,10,16
3839,FCI,25,1.3,2,1000,4,0.04333329200744629,False,-1.0,-1.0,-1.0,-1,-1
3840,MIIC,25,1.3,3,100,0,0.021522998809814453,False,0.5454545454545454,0.375,0.4444444444444444,30,39
3841,GHC,25,1.3,3,100,0,0.2558419704437256,False,0.5,0.34375,0.4074074074074074,32,36
3842,FCI,25,1.3,3,100,0,0.024679899215698242,False,-1.0,-1.0,-1.0,-1,-1
3843,MIIC,25,1.3,3,100,1,0.018940210342407227,False,0.7222222222222222,0.40625,0.52,24,32
3844,GHC,25,1.3,3,100,1,0.26199889183044434,False,0.7083333333333334,0.53125,0.6071428571428571,22,27
3845,FCI,25,1.3,3,100,1,0.026079893112182617,False,-1.0,-1.0,-1.0,-1,-1
3846,MIIC,25,1.3,3,100,2,0.013596057891845703,False,0.75,0.28125,0.4090909090909091,26,33
3847,GHC,25,1.3,3,100,2,0.22721290588378906,False,1.0,0.25,0.4,24,27
3848,FCI,25,1.3,3,100,2,0.023296833038330078,False,-1.0,-1.0,-1.0,-1,-1
3849,MIIC,25,1.3,3,100,3,0.021126985549926758,False,0.6190476190476191,0.40625,0.49056603773584906,27,35
3850,GHC,25,1.3,3,100,3,0.2477712631225586,False,0.7647058823529411,0.40625,0.5306122448979592,23,30
3851,FCI,25,1.3,3,100,3,0.02360391616821289,False,-1.0,-1.0,-1.0,-1,-1
3852,MIIC,25,1.3,3,100,4,0.01479792594909668,False,0.7142857142857143,0.3125,0.43478260869565216,26,32
3853,GHC,25,1.3,3,100,4,0.23252606391906738,False,0.8181818181818182,0.28125,0.41860465116279066,25,30
3854,FCI,25,1.3,3,100,4,0.023465871810913086,False,0.8888888888888888,0.25,0.3902439024390244,25,31
3855,MIIC,25,1.3,3,250,0,0.022211074829101562,False,0.8,0.5,0.6153846153846154,20,27
3856,GHC,25,1.3,3,250,0,0.2564079761505127,False,0.7142857142857143,0.46875,0.5660377358490566,23,31
3857,FCI,25,1.3,3,250,0,0.08880925178527832,False,-1.0,-1.0,-1.0,-1,-1
3858,MIIC,25,1.3,3,250,1,0.0200960636138916,False,0.8823529411764706,0.46875,0.6122448979591837,19,28
3859,GHC,25,1.3,3,250,1,0.24376988410949707,False,0.875,0.4375,0.5833333333333334,20,28
3860,FCI,25,1.3,3,250,1,0.029920101165771484,False,-1.0,-1.0,-1.0,-1,-1
3861,MIIC,25,1.3,3,250,2,0.022115230560302734,False,0.8636363636363636,0.59375,0.7037037037037037,16,25
3862,GHC,25,1.3,3,250,2,0.25092411041259766,False,0.9473684210526315,0.5625,0.7058823529411765,15,24
3863,FCI,25,1.3,3,250,2,0.0353238582611084,False,-1.0,-1.0,-1.0,-1,-1
3864,MIIC,25,1.3,3,250,3,0.02029705047607422,False,0.9473684210526315,0.5625,0.7058823529411765,15,27
3865,GHC,25,1.3,3,250,3,0.2523219585418701,False,0.9,0.5625,0.6923076923076923,16,28
3866,FCI,25,1.3,3,250,3,0.04365420341491699,False,-1.0,-1.0,-1.0,-1,-1
3867,MIIC,25,1.3,3,250,4,0.017301082611083984,False,0.875,0.4375,0.5833333333333334,20,28
3868,GHC,25,1.3,3,250,4,0.266359806060791,False,0.9,0.5625,0.6923076923076923,16,20
3869,FCI,25,1.3,3,250,4,0.027583837509155273,False,-1.0,-1.0,-1.0,-1,-1
3870,MIIC,25,1.3,3,500,0,0.024578094482421875,False,1.0,0.71875,0.8363636363636363,9,15
3871,GHC,25,1.3,3,500,0,0.27195215225219727,False,0.9565217391304348,0.6875,0.8,11,16
3872,FCI,25,1.3,3,500,0,0.06836986541748047,False,-1.0,-1.0,-1.0,-1,-1
3873,MIIC,25,1.3,3,500,1,0.025474071502685547,False,0.8823529411764706,0.46875,0.6122448979591837,19,20
3874,GHC,25,1.3,3,500,1,0.24840307235717773,False,0.8235294117647058,0.4375,0.5714285714285714,21,31
3875,FCI,25,1.3,3,500,1,0.03264164924621582,False,-1.0,-1.0,-1.0,-1,-1
3876,MIIC,25,1.3,3,500,2,0.025748014450073242,False,0.9523809523809523,0.6451612903225806,0.7692307692307692,12,20
3877,GHC,25,1.3,3,500,2,0.26253199577331543,False,0.9090909090909091,0.6451612903225806,0.7547169811320754,13,25
3878,FCI,25,1.3,3,500,2,0.10323500633239746,False,-1.0,-1.0,-1.0,-1,-1
3879,MIIC,25,1.3,3,500,3,0.019544124603271484,False,1.0,0.5625,0.72,14,29
3880,GHC,25,1.3,3,500,3,0.25612807273864746,False,1.0,0.59375,0.7450980392156863,13,23
3881,FCI,25,1.3,3,500,3,0.04023599624633789,False,-1.0,-1.0,-1.0,-1,-1
3882,MIIC,25,1.3,3,500,4,0.024539947509765625,False,1.0,0.625,0.7692307692307693,12,26
3883,GHC,25,1.3,3,500,4,0.2630882263183594,False,0.9545454545454546,0.65625,0.7777777777777778,12,19
3884,FCI,25,1.3,3,500,4,0.04174613952636719,False,-1.0,-1.0,-1.0,-1,-1
3885,MIIC,25,1.3,3,1000,0,0.04134416580200195,False,1.0,0.90625,0.9508196721311475,3,6
3886,GHC,25,1.3,3,1000,0,0.28864097595214844,False,0.9,0.84375,0.870967741935484,8,19
3887,FCI,25,1.3,3,1000,0,0.13805007934570312,False,-1.0,-1.0,-1.0,-1,-1
3888,MIIC,25,1.3,3,1000,1,0.025391101837158203,False,1.0,0.53125,0.6938775510204082,15,22
3889,GHC,25,1.3,3,1000,1,0.2513699531555176,False,0.9375,0.46875,0.625,18,25
3890,FCI,25,1.3,3,1000,1,0.04304909706115723,False,-1.0,-1.0,-1.0,-1,-1
3891,MIIC,25,1.3,3,1000,2,0.036955833435058594,False,0.9615384615384616,0.78125,0.8620689655172413,8,15
3892,GHC,25,1.3,3,1000,2,0.2806968688964844,False,0.9230769230769231,0.75,0.8275862068965517,10,19
3893,FCI,25,1.3,3,1000,2,0.23085427284240723,False,-1.0,-1.0,-1.0,-1,-1
3894,MIIC,25,1.3,3,1000,3,0.043066978454589844,False,1.0,0.8125,0.896551724137931,6,6
3895,GHC,25,1.3,3,1000,3,0.2833249568939209,False,0.8888888888888888,0.75,0.8135593220338982,11,18
3896,FCI,25,1.3,3,1000,3,0.09104108810424805,False,-1.0,-1.0,-1.0,-1,-1
3897,MIIC,25,1.3,3,1000,4,0.04119992256164551,False,0.9583333333333334,0.7419354838709677,0.8363636363636364,9,24
3898,GHC,25,1.3,3,1000,4,0.2808990478515625,False,0.8518518518518519,0.7419354838709677,0.7931034482758621,12,27
3899,FCI,25,1.3,3,1000,4,0.1255340576171875,False,-1.0,-1.0,-1.0,-1,-1
3900,MIIC,25,1.3,4,100,0,0.017039060592651367,False,0.8571428571428571,0.375,0.5217391304347825,22,26
3901,GHC,25,1.3,4,100,0,0.24829316139221191,False,0.6875,0.34375,0.4583333333333333,26,30
3902,FCI,25,1.3,4,100,0,0.025143861770629883,False,-1.0,-1.0,-1.0,-1,-1
3903,MIIC,25,1.3,4,100,1,0.012543916702270508,False,0.6666666666666666,0.1875,0.29268292682926833,29,33
3904,GHC,25,1.3,4,100,1,0.2230539321899414,False,0.6666666666666666,0.125,0.21052631578947367,30,33
3905,FCI,25,1.3,4,100,1,0.02318120002746582,False,-1.0,-1.0,-1.0,-1,-1
3906,MIIC,25,1.3,4,100,2,0.016575098037719727,False,0.7857142857142857,0.34375,0.4782608695652174,24,32
3907,GHC,25,1.3,4,100,2,0.22877097129821777,False,0.7,0.21875,0.3333333333333333,28,33
3908,FCI,25,1.3,4,100,2,0.02482891082763672,False,-1.0,-1.0,-1.0,-1,-1
3909,MIIC,25,1.3,4,100,3,0.012744903564453125,False,0.9,0.28125,0.4285714285714286,24,32
3910,GHC,25,1.3,4,100,3,0.23051118850708008,False,0.9,0.28125,0.4285714285714286,24,29
3911,FCI,25,1.3,4,100,3,0.024040937423706055,False,-1.0,-1.0,-1.0,-1,-1
3912,MIIC,25,1.3,4,100,4,0.01462101936340332,False,0.6666666666666666,0.25,0.36363636363636365,28,31
3913,GHC,25,1.3,4,100,4,0.2305009365081787,False,0.6666666666666666,0.1875,0.29268292682926833,29,31
3914,FCI,25,1.3,4,100,4,0.02223491668701172,False,1.0,0.25,0.4,24,27
3915,MIIC,25,1.3,4,250,0,0.017976760864257812,False,0.9285714285714286,0.40625,0.5652173913043478,20,30
3916,GHC,25,1.3,4,250,0,0.24240875244140625,False,0.9230769230769231,0.375,0.5333333333333333,21,30
3917,FCI,25,1.3,4,250,0,0.03155374526977539,False,-1.0,-1.0,-1.0,-1,-1
3918,MIIC,25,1.3,4,250,1,0.017126083374023438,False,0.8461538461538461,0.34375,0.4888888888888889,23,27
3919,GHC,25,1.3,4,250,1,0.21931004524230957,False,0.8571428571428571,0.1875,0.30769230769230765,27,30
3920,FCI,25,1.3,4,250,1,0.028539180755615234,False,-1.0,-1.0,-1.0,-1,-1
3921,MIIC,25,1.3,4,250,2,0.01856207847595215,False,0.8666666666666667,0.40625,0.5531914893617021,21,25
3922,GHC,25,1.3,4,250,2,0.24239420890808105,False,0.9230769230769231,0.375,0.5333333333333333,21,28
3923,FCI,25,1.3,4,250,2,0.02790975570678711,False,-1.0,-1.0,-1.0,-1,-1
3924,MIIC,25,1.3,4,250,3,0.01879572868347168,False,0.8823529411764706,0.46875,0.6122448979591837,19,28
3925,GHC,25,1.3,4,250,3,0.2520592212677002,False,0.8125,0.40625,0.5416666666666666,22,31
3926,FCI,25,1.3,4,250,3,0.029305219650268555,False,-1.0,-1.0,-1.0,-1,-1
3927,MIIC,25,1.3,4,250,4,0.019612789154052734,False,0.9411764705882353,0.5,0.6530612244897959,17,33
3928,GHC,25,1.3,4,250,4,0.24356818199157715,False,0.8235294117647058,0.4375,0.5714285714285714,21,35
3929,FCI,25,1.3,4,250,4,0.02891707420349121,False,-1.0,-1.0,-1.0,-1,-1
3930,MIIC,25,1.3,4,500,0,0.019060850143432617,False,1.0,0.375,0.5454545454545454,20,23
3931,GHC,25,1.3,4,500,0,0.24197626113891602,False,1.0,0.34375,0.5116279069767442,21,23
3932,FCI,25,1.3,4,500,0,0.02835702896118164,False,-1.0,-1.0,-1.0,-1,-1
3933,MIIC,25,1.3,4,500,1,0.024006128311157227,False,0.95,0.59375,0.7307692307692308,14,21
3934,GHC,25,1.3,4,500,1,0.2651519775390625,False,0.9,0.5625,0.6923076923076923,16,22
3935,FCI,25,1.3,4,500,1,0.04108905792236328,False,-1.0,-1.0,-1.0,-1,-1
3936,MIIC,25,1.3,4,500,2,0.02295207977294922,False,1.0,0.5625,0.72,14,19
3937,GHC,25,1.3,4,500,2,0.30951380729675293,False,0.9375,0.46875,0.625,18,25
3938,FCI,25,1.3,4,500,2,0.03585505485534668,False,-1.0,-1.0,-1.0,-1,-1
3939,MIIC,25,1.3,4,500,3,0.024205684661865234,False,0.85,0.53125,0.6538461538461537,18,22
3940,GHC,25,1.3,4,500,3,0.2615318298339844,False,0.8,0.5,0.6153846153846154,20,23
3941,FCI,25,1.3,4,500,3,0.03680706024169922,False,-1.0,-1.0,-1.0,-1,-1
3942,MIIC,25,1.3,4,500,4,0.022735118865966797,False,1.0,0.5625,0.72,14,24
3943,GHC,25,1.3,4,500,4,0.25137805938720703,False,1.0,0.53125,0.6938775510204082,15,23
3944,FCI,25,1.3,4,500,4,0.036847829818725586,False,-1.0,-1.0,-1.0,-1,-1
3945,MIIC,25,1.3,4,1000,0,0.029294252395629883,False,1.0,0.6774193548387096,0.8076923076923077,10,15
3946,GHC,25,1.3,4,1000,0,0.26643800735473633,False,0.9473684210526315,0.5806451612903226,0.72,14,22
3947,FCI,25,1.3,4,1000,0,0.09824109077453613,False,-1.0,-1.0,-1.0,-1,-1
3948,MIIC,25,1.3,4,1000,1,0.02743983268737793,False,1.0,0.5625,0.72,14,15
3949,GHC,25,1.3,4,1000,1,0.2739577293395996,False,0.9411764705882353,0.5,0.6530612244897959,17,22
3950,FCI,25,1.3,4,1000,1,0.07961773872375488,False,-1.0,-1.0,-1.0,-1,-1
3951,MIIC,25,1.3,4,1000,2,0.028588056564331055,False,0.9047619047619048,0.59375,0.7169811320754718,15,17
3952,GHC,25,1.3,4,1000,2,0.26935338973999023,False,0.95,0.59375,0.7307692307692308,14,18
3953,FCI,25,1.3,4,1000,2,0.06865191459655762,False,-1.0,-1.0,-1.0,-1,-1
3954,MIIC,25,1.3,4,1000,3,0.03579998016357422,False,1.0,0.8125,0.896551724137931,6,11
3955,GHC,25,1.3,4,1000,3,0.2823946475982666,False,0.8518518518518519,0.71875,0.7796610169491525,13,24
3956,FCI,25,1.3,4,1000,3,0.11779928207397461,False,-1.0,-1.0,-1.0,-1,-1
3957,MIIC,25,1.3,4,1000,4,0.037425994873046875,False,1.0,0.8064516129032258,0.8928571428571428,6,14
3958,GHC,25,1.3,4,1000,4,0.2881898880004883,False,0.9259259259259259,0.8064516129032258,0.8620689655172414,8,19
3959,FCI,25,1.3,4,1000,4,0.24615001678466797,False,-1.0,-1.0,-1.0,-1,-1
3960,MIIC,25,1.5,2,100,0,0.01888728141784668,False,0.5555555555555556,0.2702702702702703,0.36363636363636365,35,42
3961,GHC,25,1.5,2,100,0,0.26596784591674805,False,0.5217391304347826,0.32432432432432434,0.4,36,43
3962,FCI,25,1.5,2,100,0,0.02260899543762207,False,0.7777777777777778,0.1891891891891892,0.30434782608695654,32,37
3963,MIIC,25,1.5,2,100,1,0.021898984909057617,False,0.5769230769230769,0.40540540540540543,0.47619047619047616,33,42
3964,GHC,25,1.5,2,100,1,0.27556419372558594,False,0.5925925925925926,0.43243243243243246,0.5,32,36
3965,FCI,25,1.5,2,100,1,0.042860984802246094,False,-1.0,-1.0,-1.0,-1,-1
3966,MIIC,25,1.5,2,100,2,0.02139425277709961,False,0.6666666666666666,0.43243243243243246,0.5245901639344263,29,41
3967,GHC,25,1.5,2,100,2,0.27824902534484863,False,0.6521739130434783,0.40540540540540543,0.5,30,40
3968,FCI,25,1.5,2,100,2,0.03418302536010742,False,-1.0,-1.0,-1.0,-1,-1
3969,MIIC,25,1.5,2,100,3,0.024636030197143555,False,0.6153846153846154,0.43243243243243246,0.5079365079365079,31,36
3970,GHC,25,1.5,2,100,3,0.26479578018188477,False,0.7083333333333334,0.4594594594594595,0.5573770491803279,27,32
3971,FCI,25,1.5,2,100,3,0.028380870819091797,False,-1.0,-1.0,-1.0,-1,-1
3972,MIIC,25,1.5,2,100,4,0.02564716339111328,False,0.5833333333333334,0.3783783783783784,0.45901639344262296,33,42
3973,GHC,25,1.5,2,100,4,0.27104878425598145,False,0.5925925925925926,0.43243243243243246,0.5,32,41
3974,FCI,25,1.5,2,100,4,0.026414155960083008,False,-1.0,-1.0,-1.0,-1,-1
3975,MIIC,25,1.5,2,250,0,0.030258893966674805,False,0.7777777777777778,0.5675675675675675,0.65625,22,31
3976,GHC,25,1.5,2,250,0,0.2736358642578125,False,0.8148148148148148,0.5945945945945946,0.6875,20,31
3977,FCI,25,1.5,2,250,0,0.4061110019683838,False,-1.0,-1.0,-1.0,-1,-1
3978,MIIC,25,1.5,2,250,1,0.019956111907958984,False,0.8,0.43243243243243246,0.5614035087719298,25,35
3979,GHC,25,1.5,2,250,1,0.2550668716430664,False,0.6666666666666666,0.3783783783783784,0.48275862068965514,30,38
3980,FCI,25,1.5,2,250,1,0.03142285346984863,False,-1.0,-1.0,-1.0,-1,-1
3981,MIIC,25,1.5,2,250,2,0.02432394027709961,False,0.7916666666666666,0.5135135135135135,0.6229508196721311,23,31
3982,GHC,25,1.5,2,250,2,0.26437902450561523,False,0.76,0.5135135135135135,0.6129032258064517,24,34
3983,FCI,25,1.5,2,250,2,0.03394794464111328,False,-1.0,-1.0,-1.0,-1,-1
3984,MIIC,25,1.5,2,250,3,0.024609088897705078,False,0.8,0.43243243243243246,0.5614035087719298,25,31
3985,GHC,25,1.5,2,250,3,0.27307701110839844,False,0.8333333333333334,0.5405405405405406,0.6557377049180328,21,26
3986,FCI,25,1.5,2,250,3,0.034461259841918945,False,-1.0,-1.0,-1.0,-1,-1
3987,MIIC,25,1.5,2,250,4,0.023862838745117188,False,0.8095238095238095,0.4594594594594595,0.5862068965517242,24,34
3988,GHC,25,1.5,2,250,4,0.26488304138183594,False,0.8333333333333334,0.5405405405405406,0.6557377049180328,21,28
3989,FCI,25,1.5,2,250,4,0.027453899383544922,False,-1.0,-1.0,-1.0,-1,-1
3990,MIIC,25,1.5,2,500,0,0.030443906784057617,False,0.9166666666666666,0.5945945945945946,0.7213114754098361,17,32
3991,GHC,25,1.5,2,500,0,0.27741265296936035,False,0.896551724137931,0.7027027027027027,0.787878787878788,14,24
3992,FCI,25,1.5,2,500,0,0.12125587463378906,False,-1.0,-1.0,-1.0,-1,-1
3993,MIIC,25,1.5,2,500,1,0.04119110107421875,False,1.0,0.6756756756756757,0.8064516129032258,12,22
3994,GHC,25,1.5,2,500,1,0.30271220207214355,False,0.9655172413793104,0.7567567567567568,0.8484848484848485,10,23
3995,FCI,25,1.5,2,500,1,0.09043002128601074,False,-1.0,-1.0,-1.0,-1,-1
3996,MIIC,25,1.5,2,500,2,0.03393268585205078,False,0.8333333333333334,0.5405405405405406,0.6557377049180328,21,36
3997,GHC,25,1.5,2,500,2,0.2668569087982178,False,0.75,0.4864864864864865,0.5901639344262296,25,40
3998,FCI,25,1.5,2,500,2,0.04468822479248047,False,-1.0,-1.0,-1.0,-1,-1
3999,MIIC,25,1.5,2,500,3,0.03343510627746582,False,0.8620689655172413,0.6756756756756757,0.7575757575757576,16,33
4000,GHC,25,1.5,2,500,3,0.28569984436035156,False,0.8928571428571429,0.6756756756756757,0.7692307692307693,15,31
4001,FCI,25,1.5,2,500,3,0.47675013542175293,False,-1.0,-1.0,-1.0,-1,-1
4002,MIIC,25,1.5,2,500,4,0.035566091537475586,False,0.9,0.7297297297297297,0.8059701492537312,13,23
4003,GHC,25,1.5,2,500,4,0.2844269275665283,False,0.9310344827586207,0.7297297297297297,0.8181818181818181,12,23
4004,FCI,25,1.5,2,500,4,0.7743737697601318,False,-1.0,-1.0,-1.0,-1,-1
4005,MIIC,25,1.5,2,1000,0,0.03705310821533203,False,1.0,0.5945945945945946,0.7457627118644068,15,21
4006,GHC,25,1.5,2,1000,0,0.30707383155822754,False,0.8846153846153846,0.6216216216216216,0.7301587301587302,17,26
4007,FCI,25,1.5,2,1000,0,0.09270000457763672,False,-1.0,-1.0,-1.0,-1,-1
4008,MIIC,25,1.5,2,1000,1,0.04546689987182617,False,0.9615384615384616,0.6944444444444444,0.8064516129032258,12,16
4009,GHC,25,1.5,2,1000,1,0.29221391677856445,False,0.8518518518518519,0.6388888888888888,0.7301587301587301,17,25
4010,FCI,25,1.5,2,1000,1,0.14682817459106445,False,-1.0,-1.0,-1.0,-1,-1
4011,MIIC,25,1.5,2,1000,2,0.057066917419433594,False,0.8709677419354839,0.75,0.8059701492537312,13,22
4012,GHC,25,1.5,2,1000,2,0.29104089736938477,False,0.78125,0.6944444444444444,0.7352941176470588,18,36
4013,FCI,25,1.5,2,1000,2,1.3294730186462402,False,-1.0,-1.0,-1.0,-1,-1
4014,MIIC,25,1.5,2,1000,3,0.04140591621398926,False,1.0,0.6216216216216216,0.7666666666666667,14,25
4015,GHC,25,1.5,2,1000,3,0.3128929138183594,False,0.7777777777777778,0.7567567567567568,0.7671232876712328,17,28
4016,FCI,25,1.5,2,1000,3,0.16910791397094727,False,-1.0,-1.0,-1.0,-1,-1
4017,MIIC,25,1.5,2,1000,4,0.03904104232788086,False,0.92,0.6216216216216216,0.7419354838709677,16,22
4018,GHC,25,1.5,2,1000,4,0.2957298755645752,False,0.7352941176470589,0.6756756756756757,0.7042253521126761,21,32
4019,FCI,25,1.5,2,1000,4,2.447683811187744,False,-1.0,-1.0,-1.0,-1,-1
4020,MIIC,25,1.5,3,100,0,0.012624025344848633,False,0.8,0.21621621621621623,0.3404255319148936,31,37
4021,GHC,25,1.5,3,100,0,0.23384809494018555,False,0.6666666666666666,0.21621621621621623,0.326530612244898,33,37
4022,FCI,25,1.5,3,100,0,0.024227142333984375,False,-1.0,-1.0,-1.0,-1,-1
4023,MIIC,25,1.5,3,100,1,0.017451047897338867,False,0.7368421052631579,0.3783783783783784,0.5,28,40
4024,GHC,25,1.5,3,100,1,0.24704194068908691,False,0.6666666666666666,0.2702702702702703,0.3846153846153846,32,42
4025,FCI,25,1.5,3,100,1,0.02381110191345215,False,-1.0,-1.0,-1.0,-1,-1
4026,MIIC,25,1.5,3,100,2,0.01702284812927246,False,0.8,0.3333333333333333,0.47058823529411764,27,36
4027,GHC,25,1.5,3,100,2,0.2510361671447754,False,0.7647058823529411,0.3611111111111111,0.490566037735849,27,35
4028,FCI,25,1.5,3,100,2,0.02498602867126465,False,-1.0,-1.0,-1.0,-1,-1
4029,MIIC,25,1.5,3,100,3,0.018131017684936523,False,0.6428571428571429,0.24324324324324326,0.35294117647058826,33,41
4030,GHC,25,1.5,3,100,3,0.2546842098236084,False,0.5,0.24324324324324326,0.3272727272727273,37,44
4031,FCI,25,1.5,3,100,3,0.026242971420288086,False,-1.0,-1.0,-1.0,-1,-1
4032,MIIC,25,1.5,3,100,4,0.016241788864135742,False,0.6666666666666666,0.2702702702702703,0.3846153846153846,32,39
4033,GHC,25,1.5,3,100,4,0.23894810676574707,False,0.7272727272727273,0.21621621621621623,0.33333333333333337,32,37
4034,FCI,25,1.5,3,100,4,0.03229379653930664,False,-1.0,-1.0,-1.0,-1,-1
4035,MIIC,25,1.5,3,250,0,0.01813483238220215,False,0.9411764705882353,0.43243243243243246,0.5925925925925927,22,34
4036,GHC,25,1.5,3,250,0,0.2533721923828125,False,0.8888888888888888,0.43243243243243246,0.5818181818181818,23,34
4037,FCI,25,1.5,3,250,0,0.030313968658447266,False,-1.0,-1.0,-1.0,-1,-1
4038,MIIC,25,1.5,3,250,1,0.015887022018432617,False,0.9166666666666666,0.2972972972972973,0.4489795918367347,27,34
4039,GHC,25,1.5,3,250,1,0.23963594436645508,False,0.9090909090909091,0.2702702702702703,0.4166666666666667,28,34
4040,FCI,25,1.5,3,250,1,0.027862071990966797,False,-1.0,-1.0,-1.0,-1,-1
4041,MIIC,25,1.5,3,250,2,0.019240379333496094,False,0.8888888888888888,0.43243243243243246,0.5818181818181818,23,32
4042,GHC,25,1.5,3,250,2,0.24499893188476562,False,1.0,0.3783783783783784,0.5490196078431372,23,33
4043,FCI,25,1.5,3,250,2,0.02943897247314453,False,-1.0,-1.0,-1.0,-1,-1
4044,MIIC,25,1.5,3,250,3,0.022740840911865234,False,0.8095238095238095,0.4594594594594595,0.5862068965517242,24,34
4045,GHC,25,1.5,3,250,3,0.25727391242980957,False,0.8421052631578947,0.43243243243243246,0.5714285714285715,24,36
4046,FCI,25,1.5,3,250,3,0.028998851776123047,False,-1.0,-1.0,-1.0,-1,-1
4047,MIIC,25,1.5,3,250,4,0.024415016174316406,False,0.875,0.5675675675675675,0.6885245901639344,19,32
4048,GHC,25,1.5,3,250,4,0.25555992126464844,False,0.85,0.4594594594594595,0.5964912280701754,23,31
4049,FCI,25,1.5,3,250,4,0.06067776679992676,False,1.0,0.1891891891891892,0.3181818181818182,30,34
4050,MIIC,25,1.5,3,500,0,0.031126976013183594,False,0.9615384615384616,0.6756756756756757,0.7936507936507937,13,22
4051,GHC,25,1.5,3,500,0,0.2830381393432617,False,0.9259259259259259,0.6756756756756757,0.7812500000000001,14,25
4052,FCI,25,1.5,3,500,0,0.06560015678405762,False,-1.0,-1.0,-1.0,-1,-1
4053,MIIC,25,1.5,3,500,1,0.025524139404296875,False,0.8695652173913043,0.5405405405405406,0.6666666666666666,20,24
4054,GHC,25,1.5,3,500,1,0.27753591537475586,False,0.8076923076923077,0.5675675675675675,0.6666666666666666,21,30
4055,FCI,25,1.5,3,500,1,0.21861600875854492,False,-1.0,-1.0,-1.0,-1,-1
4056,MIIC,25,1.5,3,500,2,0.028296232223510742,False,0.95,0.5277777777777778,0.6785714285714285,18,22
4057,GHC,25,1.5,3,500,2,0.27287912368774414,False,0.8,0.5555555555555556,0.6557377049180328,21,32
4058,FCI,25,1.5,3,500,2,0.03573465347290039,False,-1.0,-1.0,-1.0,-1,-1
4059,MIIC,25,1.5,3,500,3,0.02535104751586914,False,0.95,0.5135135135135135,0.6666666666666667,19,33
4060,GHC,25,1.5,3,500,3,0.26775217056274414,False,0.8947368421052632,0.4594594594594595,0.6071428571428572,22,35
4061,FCI,25,1.5,3,500,3,0.06618404388427734,False,-1.0,-1.0,-1.0,-1,-1
4062,MIIC,25,1.5,3,500,4,0.028026103973388672,False,0.88,0.5945945945945946,0.7096774193548386,18,27
4063,GHC,25,1.5,3,500,4,0.2606680393218994,False,1.0,0.5675675675675675,0.7241379310344828,16,29
4064,FCI,25,1.5,3,500,4,0.06966590881347656,False,-1.0,-1.0,-1.0,-1,-1
4065,MIIC,25,1.5,3,1000,0,0.03573179244995117,False,0.9565217391304348,0.6111111111111112,0.7457627118644068,15,20
4066,GHC,25,1.5,3,1000,0,0.28235411643981934,False,0.9629629629629629,0.7222222222222222,0.8253968253968254,11,13
4067,FCI,25,1.5,3,1000,0,0.05501985549926758,False,-1.0,-1.0,-1.0,-1,-1
4068,MIIC,25,1.5,3,1000,1,0.042009830474853516,False,0.9642857142857143,0.7297297297297297,0.8307692307692307,11,15
4069,GHC,25,1.5,3,1000,1,0.2918977737426758,False,0.9375,0.8108108108108109,0.8695652173913043,9,18
4070,FCI,25,1.5,3,1000,1,0.5978178977966309,False,-1.0,-1.0,-1.0,-1,-1
4071,MIIC,25,1.5,3,1000,2,0.03580617904663086,False,0.9583333333333334,0.6216216216216216,0.7540983606557377,15,20
4072,GHC,25,1.5,3,1000,2,0.2826108932495117,False,0.9230769230769231,0.6486486486486487,0.7619047619047619,15,18
4073,FCI,25,1.5,3,1000,2,0.18547296524047852,False,-1.0,-1.0,-1.0,-1,-1
4074,MIIC,25,1.5,3,1000,3,0.040538787841796875,False,0.9642857142857143,0.7297297297297297,0.8307692307692307,11,27
4075,GHC,25,1.5,3,1000,3,0.2941880226135254,False,0.9333333333333333,0.7567567567567568,0.835820895522388,11,19
4076,FCI,25,1.5,3,1000,3,0.2645988464355469,False,-1.0,-1.0,-1.0,-1,-1
4077,MIIC,25,1.5,3,1000,4,0.04001879692077637,False,1.0,0.7297297297297297,0.8437499999999999,10,18
4078,GHC,25,1.5,3,1000,4,0.3184211254119873,False,0.9444444444444444,0.918918918918919,0.9315068493150684,5,10
4079,FCI,25,1.5,3,1000,4,0.5062730312347412,False,-1.0,-1.0,-1.0,-1,-1
4080,MIIC,25,1.5,4,100,0,0.01801013946533203,False,0.7777777777777778,0.3888888888888889,0.5185185185185185,26,29
4081,GHC,25,1.5,4,100,0,0.22968697547912598,False,0.8,0.2222222222222222,0.3478260869565218,30,33
4082,FCI,25,1.5,4,100,0,0.02634286880493164,False,-1.0,-1.0,-1.0,-1,-1
4083,MIIC,25,1.5,4,100,1,0.010939836502075195,False,1.0,0.1891891891891892,0.3181818181818182,30,36
4084,GHC,25,1.5,4,100,1,0.2199239730834961,False,1.0,0.13513513513513514,0.2380952380952381,32,37
4085,FCI,25,1.5,4,100,1,0.023320913314819336,False,-1.0,-1.0,-1.0,-1,-1
4086,MIIC,25,1.5,4,100,2,0.012829065322875977,False,0.9,0.25,0.391304347826087,28,34
4087,GHC,25,1.5,4,100,2,0.22615289688110352,False,0.8888888888888888,0.2222222222222222,0.3555555555555555,29,32
4088,FCI,25,1.5,4,100,2,0.02774190902709961,False,-1.0,-1.0,-1.0,-1,-1
4089,MIIC,25,1.5,4,100,3,0.01063990592956543,False,1.0,0.16216216216216217,0.27906976744186046,31,36
4090,GHC,25,1.5,4,100,3,0.22973108291625977,False,1.0,0.1891891891891892,0.3181818181818182,30,30
4091,FCI,25,1.5,4,100,3,0.02150893211364746,False,-1.0,-1.0,-1.0,-1,-1
4092,MIIC,25,1.5,4,100,4,0.01500701904296875,False,0.8461538461538461,0.2972972972972973,0.44000000000000006,28,38
4093,GHC,25,1.5,4,100,4,0.22788715362548828,False,0.875,0.1891891891891892,0.3111111111111111,31,36
4094,FCI,25,1.5,4,100,4,0.025462865829467773,False,-1.0,-1.0,-1.0,-1,-1
4095,MIIC,25,1.5,4,250,0,0.020735979080200195,False,0.9444444444444444,0.4594594594594595,0.6181818181818182,21,36
4096,GHC,25,1.5,4,250,0,0.2550520896911621,False,0.8333333333333334,0.40540540540540543,0.5454545454545455,25,35
4097,FCI,25,1.5,4,250,0,0.029238224029541016,False,-1.0,-1.0,-1.0,-1,-1
4098,MIIC,25,1.5,4,250,1,0.016789913177490234,False,0.9285714285714286,0.35135135135135137,0.5098039215686275,25,36
4099,GHC,25,1.5,4,250,1,0.24175810813903809,False,0.9230769230769231,0.32432432432432434,0.48,26,34
4100,FCI,25,1.5,4,250,1,0.027943849563598633,False,-1.0,-1.0,-1.0,-1,-1
4101,MIIC,25,1.5,4,250,2,0.015156984329223633,False,1.0,0.32432432432432434,0.489795918367347,25,32
4102,GHC,25,1.5,4,250,2,0.23978114128112793,False,0.8333333333333334,0.2702702702702703,0.4081632653061225,29,34
4103,FCI,25,1.5,4,250,2,0.026112079620361328,False,-1.0,-1.0,-1.0,-1,-1
4104,MIIC,25,1.5,4,250,3,0.015552997589111328,False,0.9166666666666666,0.2972972972972973,0.4489795918367347,27,34
4105,GHC,25,1.5,4,250,3,0.24252581596374512,False,0.9285714285714286,0.35135135135135137,0.5098039215686275,25,31
4106,FCI,25,1.5,4,250,3,0.027676820755004883,False,-1.0,-1.0,-1.0,-1,-1
4107,MIIC,25,1.5,4,250,4,0.015614032745361328,False,1.0,0.32432432432432434,0.489795918367347,25,34
4108,GHC,25,1.5,4,250,4,0.2332310676574707,False,1.0,0.24324324324324326,0.391304347826087,28,34
4109,FCI,25,1.5,4,250,4,0.028358936309814453,False,-1.0,-1.0,-1.0,-1,-1
4110,MIIC,25,1.5,4,500,0,0.02345585823059082,False,1.0,0.5405405405405406,0.7017543859649124,17,23
4111,GHC,25,1.5,4,500,0,0.2631039619445801,False,1.0,0.5405405405405406,0.7017543859649124,17,19
4112,FCI,25,1.5,4,500,0,0.03626680374145508,False,-1.0,-1.0,-1.0,-1,-1
4113,MIIC,25,1.5,4,500,1,0.025149106979370117,False,0.9523809523809523,0.5405405405405406,0.6896551724137931,18,28
4114,GHC,25,1.5,4,500,1,0.251262903213501,False,1.0,0.4864864864864865,0.6545454545454547,19,26
4115,FCI,25,1.5,4,500,1,0.03924989700317383,False,-1.0,-1.0,-1.0,-1,-1
4116,MIIC,25,1.5,4,500,2,0.019829988479614258,False,0.9333333333333333,0.3783783783783784,0.5384615384615385,24,35
4117,GHC,25,1.5,4,500,2,0.2532920837402344,False,0.8125,0.35135135135135137,0.49056603773584906,27,38
4118,FCI,25,1.5,4,500,2,0.0287320613861084,False,-1.0,-1.0,-1.0,-1,-1
4119,MIIC,25,1.5,4,500,3,0.018718957901000977,False,1.0,0.35135135135135137,0.52,24,29
4120,GHC,25,1.5,4,500,3,0.2478470802307129,False,0.8461538461538461,0.2972972972972973,0.44000000000000006,28,33
4121,FCI,25,1.5,4,500,3,0.03180408477783203,False,-1.0,-1.0,-1.0,-1,-1
4122,MIIC,25,1.5,4,500,4,0.023276090621948242,False,1.0,0.4864864864864865,0.6545454545454547,19,27
4123,GHC,25,1.5,4,500,4,0.25951218605041504,False,0.9375,0.40540540540540543,0.5660377358490566,23,32
4124,FCI,25,1.5,4,500,4,0.03296709060668945,False,-1.0,-1.0,-1.0,-1,-1
4125,MIIC,25,1.5,4,1000,0,0.04350423812866211,False,1.0,0.8918918918918919,0.9428571428571428,4,8
4126,GHC,25,1.5,4,1000,0,0.29375410079956055,False,0.9259259259259259,0.6756756756756757,0.7812500000000001,14,24
4127,FCI,25,1.5,4,1000,0,0.09828686714172363,False,-1.0,-1.0,-1.0,-1,-1
4128,MIIC,25,1.5,4,1000,1,0.03224492073059082,False,0.9090909090909091,0.5405405405405406,0.6779661016949153,19,23
4129,GHC,25,1.5,4,1000,1,0.2697436809539795,False,0.9,0.4864864864864865,0.631578947368421,21,26
4130,FCI,25,1.5,4,1000,1,0.053160905838012695,False,-1.0,-1.0,-1.0,-1,-1
4131,MIIC,25,1.5,4,1000,2,0.03484487533569336,False,0.9583333333333334,0.6216216216216216,0.7540983606557377,15,21
4132,GHC,25,1.5,4,1000,2,0.2775230407714844,False,0.88,0.5945945945945946,0.7096774193548386,18,27
4133,FCI,25,1.5,4,1000,2,0.08459806442260742,False,-1.0,-1.0,-1.0,-1,-1
4134,MIIC,25,1.5,4,1000,3,0.031501054763793945,False,0.9545454545454546,0.5675675675675675,0.711864406779661,17,22
4135,GHC,25,1.5,4,1000,3,0.26770925521850586,False,0.95,0.5135135135135135,0.6666666666666667,19,22
4136,FCI,25,1.5,4,1000,3,0.05119490623474121,False,-1.0,-1.0,-1.0,-1,-1
4137,MIIC,25,1.5,4,1000,4,0.04024815559387207,False,0.9615384615384616,0.6756756756756757,0.7936507936507937,13,17
4138,GHC,25,1.5,4,1000,4,0.28566598892211914,False,0.75,0.5675675675675675,0.6461538461538462,23,35
4139,FCI,25,1.5,4,1000,4,0.12724781036376953,False,-1.0,-1.0,-1.0,-1,-1
4140,MIIC,25,1.7,2,100,0,0.01979517936706543,False,0.42857142857142855,0.21428571428571427,0.2857142857142857,45,53
4141,GHC,25,1.7,2,100,0,0.2586348056793213,False,0.5238095238095238,0.2619047619047619,0.3492063492063492,41,48
4142,FCI,25,1.7,2,100,0,0.024920940399169922,False,-1.0,-1.0,-1.0,-1,-1
4143,MIIC,25,1.7,2,100,1,0.026371240615844727,False,0.5833333333333334,0.3333333333333333,0.4242424242424242,38,45
4144,GHC,25,1.7,2,100,1,0.2559819221496582,False,0.631578947368421,0.2857142857142857,0.39344262295081966,37,45
4145,FCI,25,1.7,2,100,1,0.02439403533935547,False,-1.0,-1.0,-1.0,-1,-1
4146,MIIC,25,1.7,2,100,2,0.02950882911682129,False,0.6071428571428571,0.40476190476190477,0.4857142857142857,36,48
4147,GHC,25,1.7,2,100,2,0.27738380432128906,False,0.5862068965517241,0.40476190476190477,0.4788732394366197,37,47
4148,FCI,25,1.7,2,100,2,0.02946782112121582,False,-1.0,-1.0,-1.0,-1,-1
4149,MIIC,25,1.7,2,100,3,0.02206587791442871,False,0.7,0.3333333333333333,0.45161290322580644,34,46
4150,GHC,25,1.7,2,100,3,0.2635529041290283,False,0.65,0.30952380952380953,0.41935483870967744,36,44
4151,FCI,25,1.7,2,100,3,0.02441883087158203,False,-1.0,-1.0,-1.0,-1,-1
4152,MIIC,25,1.7,2,100,4,0.01682877540588379,False,0.4375,0.17073170731707318,0.2456140350877193,43,46
4153,GHC,25,1.7,2,100,4,0.25240302085876465,False,0.4117647058823529,0.17073170731707318,0.24137931034482757,44,50
4154,FCI,25,1.7,2,100,4,0.022739171981811523,False,-1.0,-1.0,-1.0,-1,-1
4155,MIIC,25,1.7,2,250,0,0.020215749740600586,False,0.8823529411764706,0.35714285714285715,0.5084745762711864,29,38
4156,GHC,25,1.7,2,250,0,0.26407504081726074,False,0.85,0.40476190476190477,0.5483870967741935,28,33
4157,FCI,25,1.7,2,250,0,0.027392148971557617,False,-1.0,-1.0,-1.0,-1,-1
4158,MIIC,25,1.7,2,250,1,0.028580904006958008,False,0.8076923076923077,0.5,0.6176470588235294,26,31
4159,GHC,25,1.7,2,250,1,0.28575992584228516,False,0.8064516129032258,0.5952380952380952,0.684931506849315,23,34
4160,FCI,25,1.7,2,250,1,0.06186413764953613,False,-1.0,-1.0,-1.0,-1,-1
4161,MIIC,25,1.7,2,250,2,0.02410411834716797,False,0.8695652173913043,0.47619047619047616,0.6153846153846153,25,35
4162,GHC,25,1.7,2,250,2,0.2630162239074707,False,0.8636363636363636,0.4523809523809524,0.59375,26,32
4163,FCI,25,1.7,2,250,2,0.04604816436767578,False,-1.0,-1.0,-1.0,-1,-1
4164,MIIC,25,1.7,2,250,3,0.028601884841918945,False,0.8846153846153846,0.5609756097560976,0.6865671641791045,21,35
4165,GHC,25,1.7,2,250,3,0.27066493034362793,False,0.7407407407407407,0.4878048780487805,0.588235294117647,28,43
4166,FCI,25,1.7,2,250,3,0.1602177619934082,False,-1.0,-1.0,-1.0,-1,-1
4167,MIIC,25,1.7,2,250,4,0.027299880981445312,False,0.8181818181818182,0.42857142857142855,0.5625,28,39
4168,GHC,25,1.7,2,250,4,0.27731776237487793,False,0.7142857142857143,0.47619047619047616,0.5714285714285714,30,38
4169,FCI,25,1.7,2,250,4,0.028900861740112305,False,-1.0,-1.0,-1.0,-1,-1
4170,MIIC,25,1.7,2,500,0,0.03579378128051758,False,0.8620689655172413,0.5952380952380952,0.7042253521126761,21,30
4171,GHC,25,1.7,2,500,0,0.2920236587524414,False,0.9,0.6428571428571429,0.75,18,34
4172,FCI,25,1.7,2,500,0,0.27414798736572266,False,-1.0,-1.0,-1.0,-1,-1
4173,MIIC,25,1.7,2,500,1,0.028285980224609375,False,0.9166666666666666,0.5238095238095238,0.6666666666666667,22,30
4174,GHC,25,1.7,2,500,1,0.28026485443115234,False,0.7586206896551724,0.5238095238095238,0.6197183098591549,27,44
4175,FCI,25,1.7,2,500,1,0.0694270133972168,False,-1.0,-1.0,-1.0,-1,-1
4176,MIIC,25,1.7,2,500,2,0.03514981269836426,False,0.8620689655172413,0.6097560975609756,0.7142857142857144,20,35
4177,GHC,25,1.7,2,500,2,0.3001210689544678,False,0.7878787878787878,0.6341463414634146,0.7027027027027027,22,33
4178,FCI,25,1.7,2,500,2,1.245924949645996,False,-1.0,-1.0,-1.0,-1,-1
4179,MIIC,25,1.7,2,500,3,0.034584999084472656,False,0.8888888888888888,0.5853658536585366,0.7058823529411764,20,29
4180,GHC,25,1.7,2,500,3,0.2901790142059326,False,0.8666666666666667,0.6341463414634146,0.7323943661971831,19,30
4181,FCI,25,1.7,2,500,3,0.2379000186920166,False,-1.0,-1.0,-1.0,-1,-1
4182,MIIC,25,1.7,2,500,4,0.025745868682861328,False,0.8,0.3902439024390244,0.5245901639344263,29,37
4183,GHC,25,1.7,2,500,4,0.2846858501434326,False,0.7037037037037037,0.4634146341463415,0.5588235294117647,30,38
4184,FCI,25,1.7,2,500,4,0.5696570873260498,False,-1.0,-1.0,-1.0,-1,-1
4185,MIIC,25,1.7,2,1000,0,0.0576169490814209,False,0.9375,0.7142857142857143,0.8108108108108109,14,24
4186,GHC,25,1.7,2,1000,0,0.32117199897766113,False,0.9487179487179487,0.8809523809523809,0.9135802469135802,7,13
4187,FCI,25,1.7,2,1000,0,16.248642921447754,False,-1.0,-1.0,-1.0,-1,-1
4188,MIIC,25,1.7,2,1000,1,0.04501509666442871,False,0.9,0.6428571428571429,0.75,18,26
4189,GHC,25,1.7,2,1000,1,0.3106818199157715,False,0.8285714285714286,0.6904761904761905,0.7532467532467533,19,32
4190,FCI,25,1.7,2,1000,1,0.951585054397583,False,-1.0,-1.0,-1.0,-1,-1
4191,MIIC,25,1.7,2,1000,2,0.03661990165710449,False,0.8148148148148148,0.5238095238095238,0.6376811594202898,25,31
4192,GHC,25,1.7,2,1000,2,0.3211178779602051,False,0.8823529411764706,0.7142857142857143,0.7894736842105262,16,22
4193,FCI,25,1.7,2,1000,2,16.481421947479248,False,-1.0,-1.0,-1.0,-1,-1
4194,MIIC,25,1.7,2,1000,3,0.056027889251708984,False,0.9354838709677419,0.6904761904761905,0.7945205479452055,15,25
4195,GHC,25,1.7,2,1000,3,0.30800724029541016,False,0.9333333333333333,0.6666666666666666,0.7777777777777778,16,21
4196,FCI,25,1.7,2,1000,3,7.525828838348389,False,-1.0,-1.0,-1.0,-1,-1
4197,MIIC,25,1.7,2,1000,4,0.049758195877075195,False,0.9393939393939394,0.7380952380952381,0.8266666666666667,13,18
4198,GHC,25,1.7,2,1000,4,0.3273782730102539,False,0.7948717948717948,0.7380952380952381,0.7654320987654322,19,29
4199,FCI,25,1.7,2,1000,4,2.233386993408203,False,-1.0,-1.0,-1.0,-1,-1
4200,MIIC,25,1.7,3,100,0,0.017425060272216797,False,0.7777777777777778,0.3333333333333333,0.4666666666666666,32,38
4201,GHC,25,1.7,3,100,0,0.25513792037963867,False,0.8125,0.30952380952380953,0.4482758620689655,32,37
4202,FCI,25,1.7,3,100,0,0.025606155395507812,False,-1.0,-1.0,-1.0,-1,-1
4203,MIIC,25,1.7,3,100,1,0.013399839401245117,False,0.8181818181818182,0.21428571428571427,0.33962264150943394,35,39
4204,GHC,25,1.7,3,100,1,0.23089814186096191,False,0.6666666666666666,0.14285714285714285,0.23529411764705882,39,41
4205,FCI,25,1.7,3,100,1,0.023192882537841797,False,-1.0,-1.0,-1.0,-1,-1
4206,MIIC,25,1.7,3,100,2,0.009818792343139648,False,0.4,0.047619047619047616,0.0851063829787234,43,44
4207,GHC,25,1.7,3,100,2,0.21525287628173828,False,0.5,0.047619047619047616,0.08695652173913042,42,43
4208,FCI,25,1.7,3,100,2,0.023385047912597656,False,-1.0,-1.0,-1.0,-1,-1
4209,MIIC,25,1.7,3,100,3,0.014520883560180664,False,0.8333333333333334,0.23809523809523808,0.37037037037037035,34,43
4210,GHC,25,1.7,3,100,3,0.2257699966430664,False,0.8888888888888888,0.19047619047619047,0.3137254901960784,35,39
4211,FCI,25,1.7,3,100,3,0.02262091636657715,False,-1.0,-1.0,-1.0,-1,-1
4212,MIIC,25,1.7,3,100,4,0.015843868255615234,False,0.8666666666666667,0.30952380952380953,0.45614035087719296,31,41
4213,GHC,25,1.7,3,100,4,0.2322239875793457,False,0.8333333333333334,0.23809523809523808,0.37037037037037035,34,39
4214,FCI,25,1.7,3,100,4,0.024510860443115234,False,-1.0,-1.0,-1.0,-1,-1
4215,MIIC,25,1.7,3,250,0,0.0168302059173584,False,0.9333333333333333,0.3333333333333333,0.4912280701754386,29,41
4216,GHC,25,1.7,3,250,0,0.24649500846862793,False,0.8666666666666667,0.30952380952380953,0.45614035087719296,31,42
4217,FCI,25,1.7,3,250,0,0.0269622802734375,False,-1.0,-1.0,-1.0,-1,-1
4218,MIIC,25,1.7,3,250,1,0.018548011779785156,False,0.9285714285714286,0.30952380952380953,0.46428571428571436,30,38
4219,GHC,25,1.7,3,250,1,0.2431192398071289,False,0.8571428571428571,0.2857142857142857,0.42857142857142855,32,40
4220,FCI,25,1.7,3,250,1,0.02727985382080078,False,-1.0,-1.0,-1.0,-1,-1
4221,MIIC,25,1.7,3,250,2,0.020868301391601562,False,0.9,0.42857142857142855,0.5806451612903225,26,37
4222,GHC,25,1.7,3,250,2,0.25653791427612305,False,0.8888888888888888,0.38095238095238093,0.5333333333333333,28,35
4223,FCI,25,1.7,3,250,2,0.029461145401000977,False,-1.0,-1.0,-1.0,-1,-1
4224,MIIC,25,1.7,3,250,3,0.016656875610351562,False,0.9285714285714286,0.30952380952380953,0.46428571428571436,30,40
4225,GHC,25,1.7,3,250,3,0.2449169158935547,False,0.875,0.3333333333333333,0.48275862068965514,30,38
4226,FCI,25,1.7,3,250,3,0.032750844955444336,False,-1.0,-1.0,-1.0,-1,-1
4227,MIIC,25,1.7,3,250,4,0.01504373550415039,False,0.75,0.21428571428571427,0.3333333333333333,36,41
4228,GHC,25,1.7,3,250,4,0.22846603393554688,False,0.7,0.16666666666666666,0.2692307692307692,38,43
4229,FCI,25,1.7,3,250,4,0.025573015213012695,False,-1.0,-1.0,-1.0,-1,-1
4230,MIIC,25,1.7,3,500,0,0.026781082153320312,False,0.9523809523809523,0.47619047619047616,0.634920634920635,23,29
4231,GHC,25,1.7,3,500,0,0.2687559127807617,False,0.875,0.5,0.6363636363636364,24,32
4232,FCI,25,1.7,3,500,0,0.07763290405273438,False,-1.0,-1.0,-1.0,-1,-1
4233,MIIC,25,1.7,3,500,1,0.022037029266357422,False,0.8947368421052632,0.40476190476190477,0.5573770491803278,27,39
4234,GHC,25,1.7,3,500,1,0.25963592529296875,False,0.8,0.38095238095238093,0.5161290322580645,30,37
4235,FCI,25,1.7,3,500,1,0.0320131778717041,False,-1.0,-1.0,-1.0,-1,-1
4236,MIIC,25,1.7,3,500,2,0.02494525909423828,False,0.9090909090909091,0.47619047619047616,0.6249999999999999,24,35
4237,GHC,25,1.7,3,500,2,0.27332091331481934,False,0.9565217391304348,0.5238095238095238,0.6769230769230768,21,28
4238,FCI,25,1.7,3,500,2,0.14688587188720703,False,-1.0,-1.0,-1.0,-1,-1
4239,MIIC,25,1.7,3,500,3,0.029803037643432617,False,1.0,0.6585365853658537,0.7941176470588235,14,21
4240,GHC,25,1.7,3,500,3,0.2749640941619873,False,0.9259259259259259,0.6097560975609756,0.7352941176470589,18,30
4241,FCI,25,1.7,3,500,3,0.23920202255249023,False,-1.0,-1.0,-1.0,-1,-1
4242,MIIC,25,1.7,3,500,4,0.02290821075439453,False,1.0,0.4523809523809524,0.6229508196721312,23,33
4243,GHC,25,1.7,3,500,4,0.2652769088745117,False,1.0,0.4523809523809524,0.6229508196721312,23,34
4244,FCI,25,1.7,3,500,4,0.03979015350341797,False,-1.0,-1.0,-1.0,-1,-1
4245,MIIC,25,1.7,3,1000,0,0.0435338020324707,False,0.9,0.6428571428571429,0.75,18,27
4246,GHC,25,1.7,3,1000,0,0.2973659038543701,False,0.8888888888888888,0.5714285714285714,0.6956521739130435,21,34
4247,FCI,25,1.7,3,1000,0,0.4075920581817627,False,-1.0,-1.0,-1.0,-1,-1
4248,MIIC,25,1.7,3,1000,1,0.028795957565307617,False,0.9473684210526315,0.42857142857142855,0.5901639344262295,25,38
4249,GHC,25,1.7,3,1000,1,0.2724757194519043,False,0.9047619047619048,0.4523809523809524,0.6031746031746031,25,37
4250,FCI,25,1.7,3,1000,1,0.7011950016021729,False,-1.0,-1.0,-1.0,-1,-1
4251,MIIC,25,1.7,3,1000,2,0.04674506187438965,False,1.0,0.7142857142857143,0.8333333333333333,12,21
4252,GHC,25,1.7,3,1000,2,0.3035261631011963,False,0.8857142857142857,0.7380952380952381,0.8051948051948051,15,27
4253,FCI,25,1.7,3,1000,2,1.3288021087646484,False,-1.0,-1.0,-1.0,-1,-1
4254,MIIC,25,1.7,3,1000,3,0.04196596145629883,False,0.9642857142857143,0.6428571428571429,0.7714285714285715,16,27
4255,GHC,25,1.7,3,1000,3,0.29909706115722656,False,0.8709677419354839,0.6428571428571429,0.7397260273972603,19,26
4256,FCI,25,1.7,3,1000,3,0.7809209823608398,False,-1.0,-1.0,-1.0,-1,-1
4257,MIIC,25,1.7,3,1000,4,0.034291982650756836,False,0.9565217391304348,0.5365853658536586,0.6875000000000001,20,29
4258,GHC,25,1.7,3,1000,4,0.28369998931884766,False,0.8846153846153846,0.5609756097560976,0.6865671641791045,21,27
4259,FCI,25,1.7,3,1000,4,0.3623518943786621,False,-1.0,-1.0,-1.0,-1,-1
4260,MIIC,25,1.7,4,100,0,0.009387969970703125,False,0.75,0.07142857142857142,0.13043478260869565,40,41
4261,GHC,25,1.7,4,100,0,0.21943402290344238,False,1.0,0.07142857142857142,0.13333333333333333,39,40
4262,FCI,25,1.7,4,100,0,0.021859169006347656,False,0.8333333333333334,0.11904761904761904,0.20833333333333331,38,41
4263,MIIC,25,1.7,4,100,1,0.01905989646911621,False,0.75,0.36585365853658536,0.4918032786885247,31,37
4264,GHC,25,1.7,4,100,1,0.2389218807220459,False,0.7692307692307693,0.24390243902439024,0.37037037037037035,34,40
4265,FCI,25,1.7,4,100,1,0.02517986297607422,False,-1.0,-1.0,-1.0,-1,-1
4266,MIIC,25,1.7,4,100,2,0.010752201080322266,False,1.0,0.14285714285714285,0.25,36,38
4267,GHC,25,1.7,4,100,2,0.21762585639953613,False,1.0,0.14285714285714285,0.25,36,38
4268,FCI,25,1.7,4,100,2,0.02144789695739746,False,-1.0,-1.0,-1.0,-1,-1
4269,MIIC,25,1.7,4,100,3,0.015517950057983398,False,0.8181818181818182,0.21428571428571427,0.33962264150943394,35,40
4270,GHC,25,1.7,4,100,3,0.272493839263916,False,0.8181818181818182,0.21428571428571427,0.33962264150943394,35,39
4271,FCI,25,1.7,4,100,3,0.02432703971862793,False,-1.0,-1.0,-1.0,-1,-1
4272,MIIC,25,1.7,4,100,4,0.011053085327148438,False,0.4,0.047619047619047616,0.0851063829787234,43,44
4273,GHC,25,1.7,4,100,4,0.2261669635772705,False,0.5,0.047619047619047616,0.08695652173913042,42,43
4274,FCI,25,1.7,4,100,4,0.024155855178833008,False,-1.0,-1.0,-1.0,-1,-1
4275,MIIC,25,1.7,4,250,0,0.016539812088012695,False,1.0,0.30952380952380953,0.4727272727272727,29,37
4276,GHC,25,1.7,4,250,0,0.2489910125732422,False,1.0,0.3333333333333333,0.5,28,35
4277,FCI,25,1.7,4,250,0,0.03562116622924805,False,-1.0,-1.0,-1.0,-1,-1
4278,MIIC,25,1.7,4,250,1,0.01674199104309082,False,1.0,0.2857142857142857,0.4444444444444445,30,39
4279,GHC,25,1.7,4,250,1,0.23649311065673828,False,1.0,0.23809523809523808,0.3846153846153846,32,37
4280,FCI,25,1.7,4,250,1,0.028095006942749023,False,-1.0,-1.0,-1.0,-1,-1
4281,MIIC,25,1.7,4,250,2,0.017939090728759766,False,1.0,0.23809523809523808,0.3846153846153846,32,36
4282,GHC,25,1.7,4,250,2,0.24959802627563477,False,0.75,0.21428571428571427,0.3333333333333333,36,41
4283,FCI,25,1.7,4,250,2,0.03910970687866211,False,-1.0,-1.0,-1.0,-1,-1
4284,MIIC,25,1.7,4,250,3,0.01779913902282715,False,0.875,0.3333333333333333,0.48275862068965514,30,38
4285,GHC,25,1.7,4,250,3,0.24209308624267578,False,0.9285714285714286,0.30952380952380953,0.46428571428571436,30,38
4286,FCI,25,1.7,4,250,3,0.02933788299560547,False,-1.0,-1.0,-1.0,-1,-1
4287,MIIC,25,1.7,4,250,4,0.016902923583984375,False,0.9166666666666666,0.2682926829268293,0.4150943396226415,31,40
4288,GHC,25,1.7,4,250,4,0.26296210289001465,False,0.8666666666666667,0.3170731707317073,0.4642857142857143,30,36
4289,FCI,25,1.7,4,250,4,0.03144216537475586,False,-1.0,-1.0,-1.0,-1,-1
4290,MIIC,25,1.7,4,500,0,0.018249988555908203,False,1.0,0.36585365853658536,0.5357142857142857,26,35
4291,GHC,25,1.7,4,500,0,0.24563217163085938,False,0.8461538461538461,0.2682926829268293,0.4074074074074075,32,38
4292,FCI,25,1.7,4,500,0,0.036065101623535156,False,-1.0,-1.0,-1.0,-1,-1
4293,MIIC,25,1.7,4,500,1,0.024135828018188477,False,0.95,0.4523809523809524,0.6129032258064516,24,30
4294,GHC,25,1.7,4,500,1,0.2604341506958008,False,0.9,0.42857142857142855,0.5806451612903225,26,33
4295,FCI,25,1.7,4,500,1,0.044740915298461914,False,-1.0,-1.0,-1.0,-1,-1
4296,MIIC,25,1.7,4,500,2,0.019381284713745117,False,0.9375,0.35714285714285715,0.5172413793103449,28,39
4297,GHC,25,1.7,4,500,2,0.2404799461364746,False,0.9166666666666666,0.2619047619047619,0.4074074074074074,32,40
4298,FCI,25,1.7,4,500,2,0.036667823791503906,False,-1.0,-1.0,-1.0,-1,-1
4299,MIIC,25,1.7,4,500,3,0.020290613174438477,False,1.0,0.38095238095238093,0.5517241379310345,26,32
4300,GHC,25,1.7,4,500,3,0.2582988739013672,False,0.9444444444444444,0.40476190476190477,0.5666666666666667,26,30
4301,FCI,25,1.7,4,500,3,0.046570777893066406,False,-1.0,-1.0,-1.0,-1,-1
4302,MIIC,25,1.7,4,500,4,0.02153801918029785,False,1.0,0.4146341463414634,0.5862068965517241,24,33
4303,GHC,25,1.7,4,500,4,0.24570202827453613,False,1.0,0.34146341463414637,0.5090909090909091,27,36
4304,FCI,25,1.7,4,500,4,0.042495012283325195,False,-1.0,-1.0,-1.0,-1,-1
4305,MIIC,25,1.7,4,1000,0,0.03206777572631836,False,1.0,0.5238095238095238,0.6875000000000001,20,28
4306,GHC,25,1.7,4,1000,0,0.2693181037902832,False,0.8695652173913043,0.47619047619047616,0.6153846153846153,25,32
4307,FCI,25,1.7,4,1000,0,0.09130024909973145,False,-1.0,-1.0,-1.0,-1,-1
4308,MIIC,25,1.7,4,1000,1,0.02506422996520996,False,1.0,0.38095238095238093,0.5517241379310345,26,33
4309,GHC,25,1.7,4,1000,1,0.26686882972717285,False,0.8947368421052632,0.40476190476190477,0.5573770491803278,27,31
4310,FCI,25,1.7,4,1000,1,0.09950113296508789,False,-1.0,-1.0,-1.0,-1,-1
4311,MIIC,25,1.7,4,1000,2,0.025461912155151367,False,1.0,0.47619047619047616,0.6451612903225806,22,31
4312,GHC,25,1.7,4,1000,2,0.2815432548522949,False,0.9565217391304348,0.5238095238095238,0.6769230769230768,21,30
4313,FCI,25,1.7,4,1000,2,0.1322650909423828,False,-1.0,-1.0,-1.0,-1,-1
4314,MIIC,25,1.7,4,1000,3,0.02760910987854004,False,1.0,0.47619047619047616,0.6451612903225806,22,30
4315,GHC,25,1.7,4,1000,3,0.25269412994384766,False,1.0,0.40476190476190477,0.576271186440678,25,29
4316,FCI,25,1.7,4,1000,3,0.0918130874633789,False,-1.0,-1.0,-1.0,-1,-1
4317,MIIC,25,1.7,4,1000,4,0.03441905975341797,False,1.0,0.5476190476190477,0.7076923076923077,19,31
4318,GHC,25,1.7,4,1000,4,0.26990199089050293,False,0.9565217391304348,0.5238095238095238,0.6769230769230768,21,32
4319,FCI,25,1.7,4,1000,4,0.17726683616638184,False,-1.0,-1.0,-1.0,-1,-1
4320,MIIC,25,1.9,2,100,0,0.026705026626586914,False,0.6538461538461539,0.3617021276595745,0.4657534246575342,39,51
4321,GHC,25,1.9,2,100,0,0.2773101329803467,False,0.5925925925925926,0.3404255319148936,0.4324324324324324,42,49
4322,FCI,25,1.9,2,100,0,0.025162935256958008,False,-1.0,-1.0,-1.0,-1,-1
4323,MIIC,25,1.9,2,100,1,0.025089025497436523,False,0.6153846153846154,0.3404255319148936,0.4383561643835616,41,52
4324,GHC,25,1.9,2,100,1,0.28408122062683105,False,0.5517241379310345,0.3404255319148936,0.4210526315789473,44,53
4325,FCI,25,1.9,2,100,1,0.02735590934753418,False,-1.0,-1.0,-1.0,-1,-1
4326,MIIC,25,1.9,2,100,2,0.027128219604492188,False,0.7142857142857143,0.3191489361702128,0.4411764705882353,38,46
4327,GHC,25,1.9,2,100,2,0.2737398147583008,False,0.6,0.3191489361702128,0.4166666666666667,42,52
4328,FCI,25,1.9,2,100,2,0.02661609649658203,False,-1.0,-1.0,-1.0,-1,-1
4329,MIIC,25,1.9,2,100,3,0.021348237991333008,False,0.6086956521739131,0.3111111111111111,0.411764705882353,40,49
4330,GHC,25,1.9,2,100,3,0.26449108123779297,False,0.6521739130434783,0.3333333333333333,0.44117647058823534,38,44
4331,FCI,25,1.9,2,100,3,0.02751612663269043,False,-1.0,-1.0,-1.0,-1,-1
4332,MIIC,25,1.9,2,100,4,0.023701906204223633,False,0.6086956521739131,0.2978723404255319,0.39999999999999997,42,48
4333,GHC,25,1.9,2,100,4,0.25405001640319824,False,0.5882352941176471,0.2127659574468085,0.3125,44,50
4334,FCI,25,1.9,2,100,4,0.025106191635131836,False,-1.0,-1.0,-1.0,-1,-1
4335,MIIC,25,1.9,2,250,0,0.022373199462890625,False,0.8421052631578947,0.3404255319148936,0.48484848484848486,34,45
4336,GHC,25,1.9,2,250,0,0.25055980682373047,False,0.8421052631578947,0.3404255319148936,0.48484848484848486,34,44
4337,FCI,25,1.9,2,250,0,0.03294682502746582,False,-1.0,-1.0,-1.0,-1,-1
4338,MIIC,25,1.9,2,250,1,0.030009984970092773,False,0.8076923076923077,0.44680851063829785,0.5753424657534246,31,42
4339,GHC,25,1.9,2,250,1,0.29390907287597656,False,0.8518518518518519,0.48936170212765956,0.6216216216216216,28,35
4340,FCI,25,1.9,2,250,1,0.04684591293334961,False,-1.0,-1.0,-1.0,-1,-1
4341,MIIC,25,1.9,2,250,2,0.026447772979736328,False,0.7916666666666666,0.40425531914893614,0.5352112676056338,33,43
4342,GHC,25,1.9,2,250,2,0.2656748294830322,False,0.8260869565217391,0.40425531914893614,0.5428571428571428,32,40
4343,FCI,25,1.9,2,250,2,0.04081416130065918,False,-1.0,-1.0,-1.0,-1,-1
4344,MIIC,25,1.9,2,250,3,0.03446388244628906,False,0.75,0.5333333333333333,0.6233766233766235,29,40
4345,GHC,25,1.9,2,250,3,0.2831389904022217,False,0.7857142857142857,0.4888888888888889,0.6027397260273972,29,38
4346,FCI,25,1.9,2,250,3,0.04861187934875488,False,-1.0,-1.0,-1.0,-1,-1
4347,MIIC,25,1.9,2,250,4,0.03435873985290527,False,0.7857142857142857,0.4782608695652174,0.5945945945945946,30,40
4348,GHC,25,1.9,2,250,4,0.2866191864013672,False,0.696969696969697,0.5,0.5822784810126582,33,41
4349,FCI,25,1.9,2,250,4,0.041808128356933594,False,-1.0,-1.0,-1.0,-1,-1
4350,MIIC,25,1.9,2,500,0,0.03453183174133301,False,0.84,0.44680851063829785,0.5833333333333334,30,42
4351,GHC,25,1.9,2,500,0,0.2853729724884033,False,0.8333333333333334,0.5319148936170213,0.6493506493506493,27,35
4352,FCI,25,1.9,2,500,0,0.0882711410522461,False,-1.0,-1.0,-1.0,-1,-1
4353,MIIC,25,1.9,2,500,1,0.03961610794067383,False,0.8333333333333334,0.5319148936170213,0.6493506493506493,27,37
4354,GHC,25,1.9,2,500,1,0.27652406692504883,False,0.8518518518518519,0.48936170212765956,0.6216216216216216,28,42
4355,FCI,25,1.9,2,500,1,0.287156343460083,False,-1.0,-1.0,-1.0,-1,-1
4356,MIIC,25,1.9,2,500,2,0.03260207176208496,False,0.88,0.46808510638297873,0.6111111111111112,28,38
4357,GHC,25,1.9,2,500,2,0.29830217361450195,False,0.78125,0.5319148936170213,0.6329113924050632,29,38
4358,FCI,25,1.9,2,500,2,0.07479381561279297,False,-1.0,-1.0,-1.0,-1,-1
4359,MIIC,25,1.9,2,500,3,0.03498697280883789,False,0.9032258064516129,0.5957446808510638,0.7179487179487178,22,26
4360,GHC,25,1.9,2,500,3,0.2910590171813965,False,0.8064516129032258,0.5319148936170213,0.641025641025641,28,36
4361,FCI,25,1.9,2,500,3,2.8883888721466064,False,-1.0,-1.0,-1.0,-1,-1
4362,MIIC,25,1.9,2,500,4,0.03543877601623535,False,0.8076923076923077,0.44680851063829785,0.5753424657534246,31,40
4363,GHC,25,1.9,2,500,4,0.2978081703186035,False,0.8387096774193549,0.5531914893617021,0.6666666666666666,26,33
4364,FCI,25,1.9,2,500,4,0.17226600646972656,False,-1.0,-1.0,-1.0,-1,-1
4365,MIIC,25,1.9,2,1000,0,0.043055057525634766,False,0.9642857142857143,0.574468085106383,0.7200000000000001,21,23
4366,GHC,25,1.9,2,1000,0,0.33086323738098145,False,0.7575757575757576,0.5319148936170213,0.625,30,41
4367,FCI,25,1.9,2,1000,0,0.5149691104888916,False,-1.0,-1.0,-1.0,-1,-1
4368,MIIC,25,1.9,2,1000,1,0.05262303352355957,False,0.918918918918919,0.723404255319149,0.8095238095238095,16,23
4369,GHC,25,1.9,2,1000,1,0.3099949359893799,False,0.7804878048780488,0.6808510638297872,0.7272727272727273,24,39
4370,FCI,25,1.9,2,1000,1,11.769942045211792,False,-1.0,-1.0,-1.0,-1,-1
4371,MIIC,25,1.9,2,1000,2,0.049893856048583984,False,0.875,0.5957446808510638,0.7088607594936708,23,31
4372,GHC,25,1.9,2,1000,2,0.30814409255981445,False,0.85,0.723404255319149,0.7816091954022989,19,26
4373,FCI,25,1.9,2,1000,2,9.607685089111328,False,-1.0,-1.0,-1.0,-1,-1
4374,MIIC,25,1.9,2,1000,3,0.05384087562561035,False,0.918918918918919,0.723404255319149,0.8095238095238095,16,20
4375,GHC,25,1.9,2,1000,3,0.3279099464416504,False,0.7441860465116279,0.6808510638297872,0.711111111111111,26,36
4376,FCI,25,1.9,2,1000,3,3.893902063369751,False,-1.0,-1.0,-1.0,-1,-1
4377,MIIC,25,1.9,2,1000,4,0.07153820991516113,False,0.9411764705882353,0.6808510638297872,0.7901234567901235,17,26
4378,GHC,25,1.9,2,1000,4,0.301908016204834,False,0.9428571428571428,0.7021276595744681,0.8048780487804879,16,23
4379,FCI,25,1.9,2,1000,4,9.517940998077393,False,-1.0,-1.0,-1.0,-1,-1
4380,MIIC,25,1.9,3,100,0,0.0208890438079834,False,0.8181818181818182,0.391304347826087,0.5294117647058824,32,41
4381,GHC,25,1.9,3,100,0,0.2536959648132324,False,0.8333333333333334,0.32608695652173914,0.46875000000000006,34,45
4382,FCI,25,1.9,3,100,0,0.025586843490600586,False,-1.0,-1.0,-1.0,-1,-1
4383,MIIC,25,1.9,3,100,1,0.012632131576538086,False,0.8,0.17391304347826086,0.2857142857142857,40,46
4384,GHC,25,1.9,3,100,1,0.23008394241333008,False,0.7777777777777778,0.15217391304347827,0.2545454545454546,41,46
4385,FCI,25,1.9,3,100,1,0.023323774337768555,False,-1.0,-1.0,-1.0,-1,-1
4386,MIIC,25,1.9,3,100,2,0.017904043197631836,False,0.8333333333333334,0.3191489361702128,0.4615384615384616,35,49
4387,GHC,25,1.9,3,100,2,0.23963117599487305,False,0.8,0.2553191489361702,0.3870967741935484,38,48
4388,FCI,25,1.9,3,100,2,0.025168895721435547,False,-1.0,-1.0,-1.0,-1,-1
4389,MIIC,25,1.9,3,100,3,0.021381139755249023,False,0.6086956521739131,0.2978723404255319,0.39999999999999997,42,50
4390,GHC,25,1.9,3,100,3,0.24548721313476562,False,0.6470588235294118,0.23404255319148937,0.34375,42,52
4391,FCI,25,1.9,3,100,3,0.024565935134887695,False,-1.0,-1.0,-1.0,-1,-1
4392,MIIC,25,1.9,3,100,4,0.014671802520751953,False,0.46153846153846156,0.1276595744680851,0.2,48,52
4393,GHC,25,1.9,3,100,4,0.231856107711792,False,0.4166666666666667,0.10638297872340426,0.1694915254237288,49,50
4394,FCI,25,1.9,3,100,4,0.03033590316772461,False,-1.0,-1.0,-1.0,-1,-1
4395,MIIC,25,1.9,3,250,0,0.026568889617919922,False,0.8695652173913043,0.425531914893617,0.5714285714285714,30,36
4396,GHC,25,1.9,3,250,0,0.2670731544494629,False,0.9047619047619048,0.40425531914893614,0.5588235294117647,30,40
4397,FCI,25,1.9,3,250,0,0.04377126693725586,False,-1.0,-1.0,-1.0,-1,-1
4398,MIIC,25,1.9,3,250,1,0.02087688446044922,False,0.8888888888888888,0.3404255319148936,0.4923076923076923,33,43
4399,GHC,25,1.9,3,250,1,0.25451111793518066,False,0.8888888888888888,0.3404255319148936,0.4923076923076923,33,44
4400,FCI,25,1.9,3,250,1,0.042342185974121094,False,-1.0,-1.0,-1.0,-1,-1
4401,MIIC,25,1.9,3,250,2,0.018143653869628906,False,1.0,0.3695652173913043,0.5396825396825397,29,40
4402,GHC,25,1.9,3,250,2,0.24346184730529785,False,1.0,0.34782608695652173,0.5161290322580645,30,40
4403,FCI,25,1.9,3,250,2,0.041578054428100586,False,-1.0,-1.0,-1.0,-1,-1
4404,MIIC,25,1.9,3,250,3,0.021391868591308594,False,0.9473684210526315,0.3829787234042553,0.5454545454545454,30,41
4405,GHC,25,1.9,3,250,3,0.26740527153015137,False,0.9047619047619048,0.40425531914893614,0.5588235294117647,30,39
4406,FCI,25,1.9,3,250,3,0.03706192970275879,False,-1.0,-1.0,-1.0,-1,-1
4407,MIIC,25,1.9,3,250,4,0.019685983657836914,False,0.9444444444444444,0.3695652173913043,0.53125,30,41
4408,GHC,25,1.9,3,250,4,0.24507713317871094,False,1.0,0.34782608695652173,0.5161290322580645,30,37
4409,FCI,25,1.9,3,250,4,0.0353391170501709,False,-1.0,-1.0,-1.0,-1,-1
4410,MIIC,25,1.9,3,500,0,0.028814077377319336,False,0.9565217391304348,0.46808510638297873,0.6285714285714286,26,35
4411,GHC,25,1.9,3,500,0,0.2681741714477539,False,0.88,0.46808510638297873,0.6111111111111112,28,40
4412,FCI,25,1.9,3,500,0,0.05112814903259277,False,-1.0,-1.0,-1.0,-1,-1
4413,MIIC,25,1.9,3,500,1,0.02290201187133789,False,0.9047619047619048,0.40425531914893614,0.5588235294117647,30,35
4414,GHC,25,1.9,3,500,1,0.274730920791626,False,0.875,0.44680851063829785,0.591549295774648,29,34
4415,FCI,25,1.9,3,500,1,0.04119396209716797,False,-1.0,-1.0,-1.0,-1,-1
4416,MIIC,25,1.9,3,500,2,0.029484033584594727,False,0.8846153846153846,0.5,0.6388888888888888,26,34
4417,GHC,25,1.9,3,500,2,0.2634880542755127,False,0.8260869565217391,0.41304347826086957,0.5507246376811594,31,43
4418,FCI,25,1.9,3,500,2,0.14636969566345215,False,-1.0,-1.0,-1.0,-1,-1
4419,MIIC,25,1.9,3,500,3,0.02662205696105957,False,0.9130434782608695,0.44680851063829785,0.6,28,39
4420,GHC,25,1.9,3,500,3,0.29471397399902344,False,0.76,0.40425531914893614,0.5277777777777778,34,49
4421,FCI,25,1.9,3,500,3,0.0505678653717041,False,-1.0,-1.0,-1.0,-1,-1
4422,MIIC,25,1.9,3,500,4,0.026836872100830078,False,1.0,0.425531914893617,0.5970149253731344,27,41
4423,GHC,25,1.9,3,500,4,0.2722663879394531,False,0.88,0.46808510638297873,0.6111111111111112,28,43
4424,FCI,25,1.9,3,500,4,0.05248618125915527,False,-1.0,-1.0,-1.0,-1,-1
4425,MIIC,25,1.9,3,1000,0,0.045089006423950195,False,0.9032258064516129,0.6086956521739131,0.7272727272727272,21,34
4426,GHC,25,1.9,3,1000,0,0.2858710289001465,False,0.8666666666666667,0.5652173913043478,0.6842105263157895,24,39
4427,FCI,25,1.9,3,1000,0,0.1120450496673584,False,-1.0,-1.0,-1.0,-1,-1
4428,MIIC,25,1.9,3,1000,1,0.042324066162109375,False,1.0,0.5531914893617021,0.7123287671232876,21,26
4429,GHC,25,1.9,3,1000,1,0.2913370132446289,False,0.896551724137931,0.5531914893617021,0.6842105263157894,24,32
4430,FCI,25,1.9,3,1000,1,0.43151211738586426,False,-1.0,-1.0,-1.0,-1,-1
4431,MIIC,25,1.9,3,1000,2,0.04694104194641113,False,1.0,0.6382978723404256,0.7792207792207793,17,28
4432,GHC,25,1.9,3,1000,2,0.2940220832824707,False,0.8823529411764706,0.6382978723404256,0.7407407407407407,21,35
4433,FCI,25,1.9,3,1000,2,0.688082218170166,False,-1.0,-1.0,-1.0,-1,-1
4434,MIIC,25,1.9,3,1000,3,0.03637099266052246,False,0.9629629629629629,0.5531914893617021,0.7027027027027027,22,32
4435,GHC,25,1.9,3,1000,3,0.29706501960754395,False,0.9032258064516129,0.5957446808510638,0.7179487179487178,22,30
4436,FCI,25,1.9,3,1000,3,0.3954641819000244,False,-1.0,-1.0,-1.0,-1,-1
4437,MIIC,25,1.9,3,1000,4,0.04544830322265625,False,0.9310344827586207,0.574468085106383,0.7105263157894737,22,25
4438,GHC,25,1.9,3,1000,4,0.2877776622772217,False,0.8333333333333334,0.5319148936170213,0.6493506493506493,27,38
4439,FCI,25,1.9,3,1000,4,0.4141538143157959,False,-1.0,-1.0,-1.0,-1,-1
4440,MIIC,25,1.9,4,100,0,0.009946107864379883,False,0.4,0.0425531914893617,0.07692307692307691,48,50
4441,GHC,25,1.9,4,100,0,0.20665597915649414,False,1.0,0.02127659574468085,0.04166666666666667,46,47
4442,FCI,25,1.9,4,100,0,0.02219414710998535,False,-1.0,-1.0,-1.0,-1,-1
4443,MIIC,25,1.9,4,100,1,0.013323068618774414,False,0.9090909090909091,0.2127659574468085,0.3448275862068965,38,42
4444,GHC,25,1.9,4,100,1,0.2317490577697754,False,0.8181818181818182,0.19148936170212766,0.31034482758620685,40,46
4445,FCI,25,1.9,4,100,1,0.02264881134033203,False,0.7142857142857143,0.10638297872340426,0.18518518518518517,44,48
4446,MIIC,25,1.9,4,100,2,0.011735677719116211,False,0.75,0.1276595744680851,0.2181818181818182,43,47
4447,GHC,25,1.9,4,100,2,0.22418880462646484,False,0.75,0.1276595744680851,0.2181818181818182,43,47
4448,FCI,25,1.9,4,100,2,0.021903038024902344,False,0.6666666666666666,0.1276595744680851,0.21428571428571427,44,48
4449,MIIC,25,1.9,4,100,3,0.01062774658203125,False,1.0,0.1276595744680851,0.22641509433962262,41,45
4450,GHC,25,1.9,4,100,3,0.21179437637329102,False,1.0,0.06382978723404255,0.12,44,45
4451,FCI,25,1.9,4,100,3,0.024732112884521484,False,-1.0,-1.0,-1.0,-1,-1
4452,MIIC,25,1.9,4,100,4,0.017969846725463867,False,0.8125,0.2765957446808511,0.4126984126984127,37,45
4453,GHC,25,1.9,4,100,4,0.2382488250732422,False,0.9090909090909091,0.2127659574468085,0.3448275862068965,38,44
4454,FCI,25,1.9,4,100,4,0.025322914123535156,False,-1.0,-1.0,-1.0,-1,-1
4455,MIIC,25,1.9,4,250,0,0.015768051147460938,False,0.9166666666666666,0.23404255319148937,0.3728813559322034,37,41
4456,GHC,25,1.9,4,250,0,0.23300719261169434,False,1.0,0.2127659574468085,0.3508771929824561,37,42
4457,FCI,25,1.9,4,250,0,0.029134035110473633,False,-1.0,-1.0,-1.0,-1,-1
4458,MIIC,25,1.9,4,250,1,0.013838052749633789,False,1.0,0.2127659574468085,0.3508771929824561,37,42
4459,GHC,25,1.9,4,250,1,0.23162388801574707,False,1.0,0.1702127659574468,0.2909090909090909,39,43
4460,FCI,25,1.9,4,250,1,0.02562093734741211,False,-1.0,-1.0,-1.0,-1,-1
4461,MIIC,25,1.9,4,250,2,0.012992143630981445,False,1.0,0.17391304347826086,0.29629629629629634,38,42
4462,GHC,25,1.9,4,250,2,0.2168269157409668,False,1.0,0.10869565217391304,0.19607843137254902,41,43
4463,FCI,25,1.9,4,250,2,0.029333829879760742,False,-1.0,-1.0,-1.0,-1,-1
4464,MIIC,25,1.9,4,250,3,0.019285917282104492,False,0.8888888888888888,0.3404255319148936,0.4923076923076923,33,42
4465,GHC,25,1.9,4,250,3,0.24661803245544434,False,0.9285714285714286,0.2765957446808511,0.42622950819672134,35,41
4466,FCI,25,1.9,4,250,3,0.03217625617980957,False,-1.0,-1.0,-1.0,-1,-1
4467,MIIC,25,1.9,4,250,4,0.016854047775268555,False,0.9285714285714286,0.2765957446808511,0.42622950819672134,35,41
4468,GHC,25,1.9,4,250,4,0.24878478050231934,False,0.9333333333333333,0.2978723404255319,0.4516129032258065,34,39
4469,FCI,25,1.9,4,250,4,0.027756929397583008,False,-1.0,-1.0,-1.0,-1,-1
4470,MIIC,25,1.9,4,500,0,0.025725841522216797,False,1.0,0.46808510638297873,0.6376811594202899,25,32
4471,GHC,25,1.9,4,500,0,0.25199103355407715,False,0.9473684210526315,0.3829787234042553,0.5454545454545454,30,40
4472,FCI,25,1.9,4,500,0,0.07256221771240234,False,-1.0,-1.0,-1.0,-1,-1
4473,MIIC,25,1.9,4,500,1,0.02045607566833496,False,0.9411764705882353,0.3404255319148936,0.5,32,41
4474,GHC,25,1.9,4,500,1,0.2470550537109375,False,1.0,0.3404255319148936,0.5079365079365079,31,37
4475,FCI,25,1.9,4,500,1,0.06909418106079102,False,-1.0,-1.0,-1.0,-1,-1
4476,MIIC,25,1.9,4,500,2,0.026571989059448242,False,0.9583333333333334,0.48936170212765956,0.6478873239436619,25,35
4477,GHC,25,1.9,4,500,2,0.25560498237609863,False,0.95,0.40425531914893614,0.5671641791044776,29,39
4478,FCI,25,1.9,4,500,2,0.04047060012817383,False,-1.0,-1.0,-1.0,-1,-1
4479,MIIC,25,1.9,4,500,3,0.02108907699584961,False,0.8823529411764706,0.3191489361702128,0.46875,34,39
4480,GHC,25,1.9,4,500,3,0.25309300422668457,False,0.8823529411764706,0.3191489361702128,0.46875,34,38
4481,FCI,25,1.9,4,500,3,0.05597805976867676,False,-1.0,-1.0,-1.0,-1,-1
4482,MIIC,25,1.9,4,500,4,0.02529311180114746,False,0.95,0.40425531914893614,0.5671641791044776,29,44
4483,GHC,25,1.9,4,500,4,0.25522494316101074,False,0.8888888888888888,0.3404255319148936,0.4923076923076923,33,42
4484,FCI,25,1.9,4,500,4,0.09205317497253418,False,-1.0,-1.0,-1.0,-1,-1
4485,MIIC,25,1.9,4,1000,0,0.03156018257141113,False,1.0,0.5,0.6666666666666666,23,33
4486,GHC,25,1.9,4,1000,0,0.2700541019439697,False,0.9565217391304348,0.4782608695652174,0.6376811594202898,25,37
4487,FCI,25,1.9,4,1000,0,0.06478381156921387,False,-1.0,-1.0,-1.0,-1,-1
4488,MIIC,25,1.9,4,1000,1,0.031826019287109375,False,1.0,0.5217391304347826,0.6857142857142856,22,34
4489,GHC,25,1.9,4,1000,1,0.27330517768859863,False,0.8695652173913043,0.43478260869565216,0.5797101449275363,29,41
4490,FCI,25,1.9,4,1000,1,0.06826210021972656,False,-1.0,-1.0,-1.0,-1,-1
4491,MIIC,25,1.9,4,1000,2,0.027273893356323242,False,1.0,0.40425531914893614,0.5757575757575757,28,35
4492,GHC,25,1.9,4,1000,2,0.2618367671966553,False,1.0,0.44680851063829785,0.6176470588235294,26,30
4493,FCI,25,1.9,4,1000,2,0.05980992317199707,False,-1.0,-1.0,-1.0,-1,-1
4494,MIIC,25,1.9,4,1000,3,0.03856515884399414,False,0.9130434782608695,0.44680851063829785,0.6,28,32
4495,GHC,25,1.9,4,1000,3,0.2629671096801758,False,0.8571428571428571,0.3829787234042553,0.5294117647058824,32,37
4496,FCI,25,1.9,4,1000,3,0.24208712577819824,False,-1.0,-1.0,-1.0,-1,-1
4497,MIIC,25,1.9,4,1000,4,0.02873992919921875,False,1.0,0.46808510638297873,0.6376811594202899,25,38
4498,GHC,25,1.9,4,1000,4,0.27652907371520996,False,0.875,0.44680851063829785,0.591549295774648,29,40
4499,FCI,25,1.9,4,1000,4,0.07059597969055176,False,-1.0,-1.0,-1.0,-1,-1
