,Unnamed: 0,algorithm,num_nodes,ratio_fraction,domain_size,sample_size,trial,time,equiv,precision,recall,f1,pure,structural
0,0,MIIC,5,1.1,2,100,0,0.0039660930633544,False,0.0,0.0,0.0,5,5
1,1,GHC,5,1.1,2,100,0,0.0117149353027343,False,0.75,0.6,0.6666666666666665,3,3
2,2,FCI,5,1.1,2,100,0,0.0025131702423095,False,0.0,0.0,0.0,5,5
3,3,MIIC,5,1.1,2,100,1,0.001957893371582,False,1.0,0.6,0.7499999999999999,2,2
4,4,GHC,5,1.1,2,100,1,0.0102770328521728,False,1.0,0.6,0.7499999999999999,2,2
5,5,FCI,5,1.1,2,100,1,0.0017862319946289,False,1.0,0.4,0.5714285714285715,3,3
6,6,MIIC,5,1.1,2,100,2,0.0015900135040283,False,1.0,0.6,0.7499999999999999,2,3
7,7,GHC,5,1.1,2,100,2,0.0108828544616699,False,1.0,0.4,0.5714285714285715,3,3
8,8,FCI,5,1.1,2,100,2,0.0013141632080078,False,0.0,0.0,0.0,0,0
9,9,MIIC,5,1.1,2,100,3,0.0011827945709228,False,0.0,0.0,0.0,5,5
10,10,GHC,5,1.1,2,100,3,0.0086920261383056,False,0.0,0.0,0.0,5,5
11,11,FCI,5,1.1,2,100,3,0.000547170639038,False,0.0,0.0,0.0,5,5
12,12,MIIC,5,1.1,2,100,4,0.0016388893127441,False,1.0,0.6,0.7499999999999999,2,2
13,13,GHC,5,1.1,2,100,4,0.0106031894683837,False,1.0,0.6,0.7499999999999999,2,2
14,14,FCI,5,1.1,2,100,4,0.0013630390167236,False,0.0,0.0,0.0,0,0
15,15,MIIC,5,1.1,2,250,0,0.0014500617980957,False,1.0,0.6,0.7499999999999999,2,2
16,16,GHC,5,1.1,2,250,0,0.009753942489624,False,1.0,0.8,0.888888888888889,1,4
17,17,FCI,5,1.1,2,250,0,0.0016698837280273,False,0.0,0.0,0.0,0,0
18,18,MIIC,5,1.1,2,250,1,0.0015020370483398,False,1.0,0.6,0.7499999999999999,2,3
19,19,GHC,5,1.1,2,250,1,0.0098371505737304,False,1.0,0.6,0.7499999999999999,2,3
20,20,FCI,5,1.1,2,250,1,0.0012948513031005,False,0.0,0.0,0.0,0,0
21,21,MIIC,5,1.1,2,250,2,0.0015580654144287,False,1.0,0.6,0.7499999999999999,2,4
22,22,GHC,5,1.1,2,250,2,0.0100598335266113,False,1.0,0.8,0.888888888888889,1,2
23,23,FCI,5,1.1,2,250,2,0.0017180442810058,False,0.0,0.0,0.0,0,0
24,24,MIIC,5,1.1,2,250,3,0.0014867782592773,False,1.0,0.6,0.7499999999999999,2,4
25,25,GHC,5,1.1,2,250,3,0.0098450183868408,False,1.0,0.6,0.7499999999999999,2,4
26,26,FCI,5,1.1,2,250,3,0.001065969467163,False,1.0,0.6,0.7499999999999999,2,4
27,27,MIIC,5,1.1,2,250,4,0.0013830661773681,False,1.0,0.4,0.5714285714285715,3,4
28,28,GHC,5,1.1,2,250,4,0.0088789463043212,False,1.0,0.4,0.5714285714285715,3,4
29,29,FCI,5,1.1,2,250,4,0.0008447170257568,False,1.0,0.4,0.5714285714285715,3,4
30,30,MIIC,5,1.1,2,500,0,0.0013661384582519,False,1.0,0.4,0.5714285714285715,3,3
31,31,GHC,5,1.1,2,500,0,0.0089330673217773,False,1.0,0.4,0.5714285714285715,3,3
32,32,FCI,5,1.1,2,500,0,0.0007457733154296,False,1.0,0.4,0.5714285714285715,3,3
33,33,MIIC,5,1.1,2,500,1,0.0018470287322998,False,1.0,0.8,0.888888888888889,1,3
34,34,GHC,5,1.1,2,500,1,0.0100989341735839,False,1.0,0.8,0.888888888888889,1,3
35,35,FCI,5,1.1,2,500,1,0.00230073928833,False,0.0,0.0,0.0,0,0
36,36,MIIC,5,1.1,2,500,2,0.0016009807586669,False,1.0,0.6,0.7499999999999999,2,3
37,37,GHC,5,1.1,2,500,2,0.0099179744720458,False,0.8,0.8,0.8000000000000002,2,5
38,38,FCI,5,1.1,2,500,2,0.0010440349578857,False,1.0,0.6,0.7499999999999999,2,3
39,39,MIIC,5,1.1,2,500,3,0.001753807067871,False,1.0,0.8,0.888888888888889,1,3
40,40,GHC,5,1.1,2,500,3,0.0101068019866943,False,0.8,0.8,0.8000000000000002,2,6
41,41,FCI,5,1.1,2,500,3,0.00164794921875,False,0.0,0.0,0.0,0,0
42,42,MIIC,5,1.1,2,500,4,0.0014519691467285,False,1.0,0.6,0.7499999999999999,2,4
43,43,GHC,5,1.1,2,500,4,0.0097839832305908,False,1.0,0.8,0.888888888888889,1,1
44,44,FCI,5,1.1,2,500,4,0.0010719299316406,False,0.0,0.0,0.0,0,0
45,45,MIIC,5,1.1,2,1000,0,0.0019299983978271,False,1.0,0.8,0.888888888888889,1,3
46,46,GHC,5,1.1,2,1000,0,0.0097699165344238,False,1.0,0.8,0.888888888888889,1,3
47,47,FCI,5,1.1,2,1000,0,0.0029139518737792,False,0.0,0.0,0.0,0,0
48,48,MIIC,5,1.1,2,1000,1,0.0026588439941406,False,1.0,1.0,1.0,0,0
49,49,GHC,5,1.1,2,1000,1,0.0104339122772216,False,1.0,1.0,1.0,0,0
50,50,FCI,5,1.1,2,1000,1,0.0037970542907714,False,0.0,0.0,0.0,0,0
51,51,MIIC,5,1.1,2,1000,2,0.0015196800231933,False,1.0,0.4,0.5714285714285715,3,4
52,52,GHC,5,1.1,2,1000,2,0.0100281238555908,False,1.0,0.8,0.888888888888889,1,3
53,53,FCI,5,1.1,2,1000,2,0.0008230209350585,False,1.0,0.4,0.5714285714285715,3,4
54,54,MIIC,5,1.1,2,1000,3,0.0019571781158447,False,1.0,0.8,0.888888888888889,1,2
55,55,GHC,5,1.1,2,1000,3,0.0097999572753906,False,1.0,0.6,0.7499999999999999,2,2
56,56,FCI,5,1.1,2,1000,3,0.0020959377288818,False,0.0,0.0,0.0,0,0
57,57,MIIC,5,1.1,2,1000,4,0.001636266708374,False,1.0,0.6,0.7499999999999999,2,3
58,58,GHC,5,1.1,2,1000,4,0.0095391273498535,False,0.6666666666666666,0.4,0.5,4,5
59,59,FCI,5,1.1,2,1000,4,0.0012309551239013,False,0.0,0.0,0.0,0,0
60,60,MIIC,5,1.1,3,100,0,0.0016217231750488,False,1.0,0.8,0.888888888888889,1,3
61,61,GHC,5,1.1,3,100,0,0.0110430717468261,False,1.0,0.8,0.888888888888889,1,3
62,62,FCI,5,1.1,3,100,0,0.0014128684997558,False,1.0,0.4,0.5714285714285715,3,3
63,63,MIIC,5,1.1,3,100,1,0.0020949840545654,False,1.0,1.0,1.0,0,0
64,64,GHC,5,1.1,3,100,1,0.0109031200408935,False,1.0,1.0,1.0,0,0
65,65,FCI,5,1.1,3,100,1,0.00319504737854,False,0.0,0.0,0.0,0,0
66,66,MIIC,5,1.1,3,100,2,0.0012929439544677,False,1.0,0.4,0.5714285714285715,3,3
67,67,GHC,5,1.1,3,100,2,0.0098590850830078,False,1.0,0.4,0.5714285714285715,3,3
68,68,FCI,5,1.1,3,100,2,0.0010333061218261,False,1.0,0.6,0.7499999999999999,2,2
69,69,MIIC,5,1.1,3,100,3,0.001194953918457,False,0.0,0.0,0.0,5,5
70,70,GHC,5,1.1,3,100,3,0.0095181465148925,False,0.0,0.0,0.0,5,5
71,71,FCI,5,1.1,3,100,3,0.0006730556488037,False,1.0,0.2,0.3333333333333333,4,5
72,72,MIIC,5,1.1,3,100,4,0.0012390613555908,False,1.0,0.25,0.4,3,4
73,73,GHC,5,1.1,3,100,4,0.0090088844299316,False,1.0,0.25,0.4,3,4
74,74,FCI,5,1.1,3,100,4,0.0009651184082031,False,1.0,0.25,0.4,3,4
75,75,MIIC,5,1.1,3,250,0,0.0015149116516113,False,1.0,0.6,0.7499999999999999,2,2
76,76,GHC,5,1.1,3,250,0,0.0099101066589355,False,1.0,0.6,0.7499999999999999,2,2
77,77,FCI,5,1.1,3,250,0,0.0011560916900634,False,1.0,0.6,0.7499999999999999,2,2
78,78,MIIC,5,1.1,3,250,1,0.0012259483337402,False,1.0,0.25,0.4,3,3
79,79,GHC,5,1.1,3,250,1,0.0084521770477294,False,1.0,0.25,0.4,3,3
80,80,FCI,5,1.1,3,250,1,0.0007009506225585,False,1.0,0.5,0.6666666666666666,2,3
81,81,MIIC,5,1.1,3,250,2,0.0015060901641845,False,1.0,0.25,0.4,3,4
82,82,GHC,5,1.1,3,250,2,0.0085630416870117,False,1.0,0.25,0.4,3,4
83,83,FCI,5,1.1,3,250,2,0.0011031627655029,False,1.0,0.25,0.4,3,4
84,84,MIIC,5,1.1,3,250,3,0.0019629001617431,False,1.0,1.0,1.0,0,0
85,85,GHC,5,1.1,3,250,3,0.0111689567565917,False,0.8333333333333334,1.0,0.9090909090909092,1,1
86,86,FCI,5,1.1,3,250,3,0.0023560523986816,False,0.0,0.0,0.0,0,0
87,87,MIIC,5,1.1,3,250,4,0.0018668174743652,False,1.0,0.8,0.888888888888889,1,1
88,88,GHC,5,1.1,3,250,4,0.0097260475158691,False,1.0,0.8,0.888888888888889,1,3
89,89,FCI,5,1.1,3,250,4,0.0032057762145996,False,0.0,0.0,0.0,0,0
90,90,MIIC,5,1.1,3,500,0,0.001936912536621,False,1.0,0.8,0.888888888888889,1,5
91,91,GHC,5,1.1,3,500,0,0.0102279186248779,False,1.0,0.8,0.888888888888889,1,1
92,92,FCI,5,1.1,3,500,0,0.0042402744293212,False,0.0,0.0,0.0,0,0
93,93,MIIC,5,1.1,3,500,1,0.0018718242645263,False,1.0,1.0,1.0,0,0
94,94,GHC,5,1.1,3,500,1,0.0108389854431152,False,1.0,1.0,1.0,0,0
95,95,FCI,5,1.1,3,500,1,0.002338171005249,False,0.0,0.0,0.0,0,0
96,96,MIIC,5,1.1,3,500,2,0.0018291473388671,False,1.0,1.0,1.0,0,0
97,97,GHC,5,1.1,3,500,2,0.0103139877319335,False,1.0,1.0,1.0,0,0
98,98,FCI,5,1.1,3,500,2,0.0037066936492919,False,0.0,0.0,0.0,0,0
99,99,MIIC,5,1.1,3,500,3,0.0019099712371826,False,1.0,1.0,1.0,0,0
100,100,GHC,5,1.1,3,500,3,0.0107688903808593,False,1.0,1.0,1.0,0,0
101,101,FCI,5,1.1,3,500,3,0.0015170574188232,False,0.0,0.0,0.0,0,0
102,102,MIIC,5,1.1,3,500,4,0.0015289783477783,False,1.0,0.6,0.7499999999999999,2,2
103,103,GHC,5,1.1,3,500,4,0.0097200870513916,False,1.0,0.8,0.888888888888889,1,3
104,104,FCI,5,1.1,3,500,4,0.0016431808471679,False,0.0,0.0,0.0,0,0
105,105,MIIC,5,1.1,3,1000,0,0.0022549629211425,False,1.0,1.0,1.0,0,0
106,106,GHC,5,1.1,3,1000,0,0.0106868743896484,False,1.0,1.0,1.0,0,0
107,107,FCI,5,1.1,3,1000,0,0.0026209354400634,False,0.0,0.0,0.0,0,0
108,108,MIIC,5,1.1,3,1000,1,0.0019168853759765,False,1.0,0.8,0.888888888888889,1,3
109,109,GHC,5,1.1,3,1000,1,0.0112650394439697,False,0.7142857142857143,1.0,0.8333333333333333,2,4
110,110,FCI,5,1.1,3,1000,1,0.0019788742065429,False,0.0,0.0,0.0,0,0
111,111,MIIC,5,1.1,3,1000,2,0.001619815826416,False,1.0,0.4,0.5714285714285715,3,3
112,112,GHC,5,1.1,3,1000,2,0.0090420246124267,False,1.0,0.4,0.5714285714285715,3,3
113,113,FCI,5,1.1,3,1000,2,0.0016713142395019,False,0.0,0.0,0.0,0,0
114,114,MIIC,5,1.1,3,1000,3,0.0019412040710449,False,0.75,0.6,0.6666666666666665,3,5
115,115,GHC,5,1.1,3,1000,3,0.0110681056976318,False,0.75,0.6,0.6666666666666665,3,5
116,116,FCI,5,1.1,3,1000,3,0.0020480155944824,False,0.0,0.0,0.0,0,0
117,117,MIIC,5,1.1,3,1000,4,0.0019991397857666,False,1.0,1.0,1.0,0,4
118,118,GHC,5,1.1,3,1000,4,0.0097782611846923,False,1.0,0.8,0.888888888888889,1,2
119,119,FCI,5,1.1,3,1000,4,0.0031380653381347,False,0.0,0.0,0.0,0,0
120,120,MIIC,5,1.1,4,100,0,0.0015530586242675,False,1.0,0.4,0.5714285714285715,3,3
121,121,GHC,5,1.1,4,100,0,0.0101740360260009,False,1.0,0.4,0.5714285714285715,3,3
122,122,FCI,5,1.1,4,100,0,0.000870943069458,False,1.0,0.2,0.3333333333333333,4,4
123,123,MIIC,5,1.1,4,100,1,0.0020258426666259,False,1.0,1.0,1.0,0,0
124,124,GHC,5,1.1,4,100,1,0.0101029872894287,False,1.0,0.75,0.8571428571428571,1,1
125,125,FCI,5,1.1,4,100,1,0.0018157958984375,False,0.0,0.0,0.0,0,0
126,126,MIIC,5,1.1,4,100,2,0.0014178752899169,False,1.0,0.4,0.5714285714285715,3,5
127,127,GHC,5,1.1,4,100,2,0.0108177661895751,False,0.75,0.6,0.6666666666666665,3,4
128,128,FCI,5,1.1,4,100,2,0.0010859966278076,False,0.0,0.0,0.0,0,0
129,129,MIIC,5,1.1,4,100,3,0.0015339851379394,False,1.0,0.4,0.5714285714285715,3,3
130,130,GHC,5,1.1,4,100,3,0.0109081268310546,False,1.0,0.4,0.5714285714285715,3,3
131,131,FCI,5,1.1,4,100,3,0.0008571147918701,False,1.0,0.4,0.5714285714285715,3,3
132,132,MIIC,5,1.1,4,100,4,0.0012447834014892,False,1.0,0.2,0.3333333333333333,4,4
133,133,GHC,5,1.1,4,100,4,0.0099670886993408,False,1.0,0.2,0.3333333333333333,4,4
134,134,FCI,5,1.1,4,100,4,0.0007050037384033,False,1.0,0.2,0.3333333333333333,4,4
135,135,MIIC,5,1.1,4,250,0,0.0017650127410888,False,1.0,0.8,0.888888888888889,1,4
136,136,GHC,5,1.1,4,250,0,0.0100901126861572,False,1.0,1.0,1.0,0,0
137,137,FCI,5,1.1,4,250,0,0.0041301250457763,False,0.0,0.0,0.0,0,0
138,138,MIIC,5,1.1,4,250,1,0.0016992092132568,False,1.0,1.0,1.0,0,0
139,139,GHC,5,1.1,4,250,1,0.0100848674774169,False,1.0,1.0,1.0,0,0
140,140,FCI,5,1.1,4,250,1,0.0015430450439453,False,0.0,0.0,0.0,0,0
141,141,MIIC,5,1.1,4,250,2,0.0012297630310058,False,1.0,0.2,0.3333333333333333,4,4
142,142,GHC,5,1.1,4,250,2,0.0085310935974121,False,1.0,0.2,0.3333333333333333,4,4
143,143,FCI,5,1.1,4,250,2,0.0008609294891357,False,1.0,0.4,0.5714285714285715,3,4
144,144,MIIC,5,1.1,4,250,3,0.0015652179718017,False,1.0,0.8,0.888888888888889,1,1
145,145,GHC,5,1.1,4,250,3,0.0100650787353515,False,1.0,0.6,0.7499999999999999,2,2
146,146,FCI,5,1.1,4,250,3,0.0014667510986328,False,0.0,0.0,0.0,0,0
147,147,MIIC,5,1.1,4,250,4,0.0014901161193847,False,1.0,0.75,0.8571428571428571,1,4
148,148,GHC,5,1.1,4,250,4,0.0089881420135498,False,1.0,0.5,0.6666666666666666,2,4
149,149,FCI,5,1.1,4,250,4,0.0012171268463134,False,1.0,0.5,0.6666666666666666,2,4
150,150,MIIC,5,1.1,4,500,0,0.0013561248779296,False,1.0,0.4,0.5714285714285715,3,4
151,151,GHC,5,1.1,4,500,0,0.0088679790496826,False,1.0,0.4,0.5714285714285715,3,4
152,152,FCI,5,1.1,4,500,0,0.0014920234680175,False,0.0,0.0,0.0,0,0
153,153,MIIC,5,1.1,4,500,1,0.0015392303466796,False,1.0,0.6,0.7499999999999999,2,3
154,154,GHC,5,1.1,4,500,1,0.010289192199707,False,0.75,0.6,0.6666666666666665,3,5
155,155,FCI,5,1.1,4,500,1,0.0030939579010009,False,0.0,0.0,0.0,0,0
156,156,MIIC,5,1.1,4,500,2,0.0016779899597167,False,1.0,0.8,0.888888888888889,1,2
157,157,GHC,5,1.1,4,500,2,0.0100131034851074,False,1.0,0.8,0.888888888888889,1,2
158,158,FCI,5,1.1,4,500,2,0.0025053024291992,False,0.0,0.0,0.0,0,0
159,159,MIIC,5,1.1,4,500,3,0.0013179779052734,False,1.0,0.4,0.5714285714285715,3,5
160,160,GHC,5,1.1,4,500,3,0.0088880062103271,False,1.0,0.4,0.5714285714285715,3,5
161,161,FCI,5,1.1,4,500,3,0.0016820430755615,False,1.0,0.2,0.3333333333333333,4,5
162,162,MIIC,5,1.1,4,500,4,0.0013759136199951,False,1.0,0.4,0.5714285714285715,3,3
163,163,GHC,5,1.1,4,500,4,0.0085892677307128,False,1.0,0.2,0.3333333333333333,4,4
164,164,FCI,5,1.1,4,500,4,0.0009441375732421,False,1.0,0.4,0.5714285714285715,3,3
165,165,MIIC,5,1.1,4,1000,0,0.0015888214111328,False,1.0,0.75,0.8571428571428571,1,4
166,166,GHC,5,1.1,4,1000,0,0.0095219612121582,False,1.0,0.75,0.8571428571428571,1,4
167,167,FCI,5,1.1,4,1000,0,0.0025599002838134,False,0.0,0.0,0.0,0,0
168,168,MIIC,5,1.1,4,1000,1,0.0018460750579833,False,1.0,0.8,0.888888888888889,1,1
169,169,GHC,5,1.1,4,1000,1,0.0109298229217529,False,1.0,1.0,1.0,0,0
170,170,FCI,5,1.1,4,1000,1,0.0022768974304199,False,1.0,0.4,0.5714285714285715,3,3
171,171,MIIC,5,1.1,4,1000,2,0.001971960067749,False,1.0,0.8,0.888888888888889,1,1
172,172,GHC,5,1.1,4,1000,2,0.0102190971374511,False,1.0,0.8,0.888888888888889,1,1
173,173,FCI,5,1.1,4,1000,2,0.0031909942626953,False,0.0,0.0,0.0,0,0
174,174,MIIC,5,1.1,4,1000,3,0.0017189979553222,False,1.0,0.6,0.7499999999999999,2,4
175,175,GHC,5,1.1,4,1000,3,0.0095469951629638,False,1.0,0.6,0.7499999999999999,2,4
176,176,FCI,5,1.1,4,1000,3,0.0016729831695556,False,0.0,0.0,0.0,0,0
177,177,MIIC,5,1.1,4,1000,4,0.0021350383758544,False,1.0,0.6,0.7499999999999999,2,4
178,178,GHC,5,1.1,4,1000,4,0.0102210044860839,False,1.0,0.6,0.7499999999999999,2,4
179,179,FCI,5,1.1,4,1000,4,0.0023868083953857,False,0.0,0.0,0.0,0,0
180,180,MIIC,5,1.3,2,100,0,0.0014920234680175,False,1.0,0.3333333333333333,0.5,4,6
181,181,GHC,5,1.3,2,100,0,0.0106370449066162,False,0.75,0.5,0.6,4,5
182,182,FCI,5,1.3,2,100,0,0.0011327266693115,False,1.0,0.3333333333333333,0.5,4,6
183,183,MIIC,5,1.3,2,100,1,0.0021700859069824,False,0.75,0.5,0.6,4,6
184,184,GHC,5,1.3,2,100,1,0.0108749866485595,False,1.0,0.5,0.6666666666666666,3,5
185,185,FCI,5,1.3,2,100,1,0.0016520023345947,False,1.0,0.3333333333333333,0.5,4,5
186,186,MIIC,5,1.3,2,100,2,0.0015249252319335,False,1.0,0.4,0.5714285714285715,3,5
187,187,GHC,5,1.3,2,100,2,0.0108351707458496,False,1.0,0.4,0.5714285714285715,3,3
188,188,FCI,5,1.3,2,100,2,0.0011193752288818,False,0.0,0.0,0.0,0,0
189,189,MIIC,5,1.3,2,100,3,0.0014150142669677,False,1.0,0.75,0.8571428571428571,1,1
190,190,GHC,5,1.3,2,100,3,0.0098700523376464,False,1.0,0.75,0.8571428571428571,1,1
191,191,FCI,5,1.3,2,100,3,0.0012619495391845,False,0.0,0.0,0.0,0,0
192,192,MIIC,5,1.3,2,100,4,0.0013110637664794,False,1.0,0.4,0.5714285714285715,3,4
193,193,GHC,5,1.3,2,100,4,0.0103170871734619,False,1.0,0.6,0.7499999999999999,2,2
194,194,FCI,5,1.3,2,100,4,0.0008840560913085,False,0.0,0.0,0.0,0,0
195,195,MIIC,5,1.3,2,250,0,0.0019609928131103,False,1.0,0.6666666666666666,0.8,2,3
196,196,GHC,5,1.3,2,250,0,0.0102629661560058,False,1.0,0.6666666666666666,0.8,2,3
197,197,FCI,5,1.3,2,250,0,0.0015981197357177,False,1.0,0.5,0.6666666666666666,3,3
198,198,MIIC,5,1.3,2,250,1,0.0014450550079345,False,1.0,0.75,0.8571428571428571,1,1
199,199,GHC,5,1.3,2,250,1,0.0088467597961425,False,1.0,0.5,0.6666666666666666,2,2
200,200,FCI,5,1.3,2,250,1,0.0008308887481689,False,1.0,0.5,0.6666666666666666,2,2
201,201,MIIC,5,1.3,2,250,2,0.0014169216156005,False,1.0,0.5,0.6666666666666666,2,3
202,202,GHC,5,1.3,2,250,2,0.009305715560913,False,1.0,0.75,0.8571428571428571,1,1
203,203,FCI,5,1.3,2,250,2,0.0008249282836914,False,1.0,0.5,0.6666666666666666,2,3
204,204,MIIC,5,1.3,2,250,3,0.0014190673828125,False,1.0,0.5,0.6666666666666666,3,6
205,205,GHC,5,1.3,2,250,3,0.0106103420257568,False,0.8,0.6666666666666666,0.7272727272727272,3,5
206,206,FCI,5,1.3,2,250,3,0.0011630058288574,False,1.0,0.3333333333333333,0.5,4,6
207,207,MIIC,5,1.3,2,250,4,0.0014500617980957,False,1.0,0.6,0.7499999999999999,2,3
208,208,GHC,5,1.3,2,250,4,0.00938081741333,False,1.0,0.6,0.7499999999999999,2,3
209,209,FCI,5,1.3,2,250,4,0.0009682178497314,False,0.0,0.0,0.0,0,0
210,210,MIIC,5,1.3,2,500,0,0.0015628337860107,False,1.0,0.75,0.8571428571428571,1,1
211,211,GHC,5,1.3,2,500,0,0.0094439983367919,False,1.0,0.75,0.8571428571428571,1,1
212,212,FCI,5,1.3,2,500,0,0.0012271404266357,False,0.0,0.0,0.0,0,0
213,213,MIIC,5,1.3,2,500,1,0.0017120838165283,False,1.0,0.6,0.7499999999999999,2,2
214,214,GHC,5,1.3,2,500,1,0.0092628002166748,False,1.0,0.6,0.7499999999999999,2,2
215,215,FCI,5,1.3,2,500,1,0.0016419887542724,False,0.0,0.0,0.0,0,0
216,216,MIIC,5,1.3,2,500,2,0.0026121139526367,False,1.0,1.0,1.0,0,4
217,217,GHC,5,1.3,2,500,2,0.0113379955291748,False,1.0,1.0,1.0,0,0
218,218,FCI,5,1.3,2,500,2,0.0043802261352539,False,0.0,0.0,0.0,0,0
219,219,MIIC,5,1.3,2,500,3,0.0014510154724121,False,1.0,0.4,0.5714285714285715,3,3
220,220,GHC,5,1.3,2,500,3,0.0089080333709716,False,1.0,0.4,0.5714285714285715,3,3
221,221,FCI,5,1.3,2,500,3,0.000885009765625,False,1.0,0.4,0.5714285714285715,3,3
222,222,MIIC,5,1.3,2,500,4,0.0014452934265136,False,1.0,0.6,0.7499999999999999,2,2
223,223,GHC,5,1.3,2,500,4,0.0092606544494628,False,1.0,0.6,0.7499999999999999,2,2
224,224,FCI,5,1.3,2,500,4,0.0012562274932861,False,0.0,0.0,0.0,0,0
225,225,MIIC,5,1.3,2,1000,0,0.0015931129455566,False,1.0,0.3333333333333333,0.5,4,6
226,226,GHC,5,1.3,2,1000,0,0.010063886642456,False,0.8,0.6666666666666666,0.7272727272727272,3,6
227,227,FCI,5,1.3,2,1000,0,0.0014519691467285,False,0.0,0.0,0.0,0,0
228,228,MIIC,5,1.3,2,1000,1,0.0024268627166748,False,1.0,1.0,1.0,0,2
229,229,GHC,5,1.3,2,1000,1,0.0112979412078857,False,0.8333333333333334,1.0,0.9090909090909092,1,5
230,230,FCI,5,1.3,2,1000,1,0.0039539337158203,False,0.0,0.0,0.0,0,0
231,231,MIIC,5,1.3,2,1000,2,0.0018250942230224,False,1.0,0.6666666666666666,0.8,2,2
232,232,GHC,5,1.3,2,1000,2,0.010488748550415,False,1.0,0.6666666666666666,0.8,2,4
233,233,FCI,5,1.3,2,1000,2,0.0023970603942871,False,0.0,0.0,0.0,0,0
234,234,MIIC,5,1.3,2,1000,3,0.0023369789123535,False,0.8,0.6666666666666666,0.7272727272727272,3,4
235,235,GHC,5,1.3,2,1000,3,0.0105810165405273,False,0.6666666666666666,0.6666666666666666,0.6666666666666666,4,8
236,236,FCI,5,1.3,2,1000,3,0.0041720867156982,False,0.0,0.0,0.0,0,0
237,237,MIIC,5,1.3,2,1000,4,0.0014550685882568,False,1.0,0.3333333333333333,0.5,4,6
238,238,GHC,5,1.3,2,1000,4,0.0094809532165527,False,1.0,0.5,0.6666666666666666,3,6
239,239,FCI,5,1.3,2,1000,4,0.0014588832855224,False,0.0,0.0,0.0,0,0
240,240,MIIC,5,1.3,3,100,0,0.0012872219085693,False,1.0,0.2,0.3333333333333333,4,4
241,241,GHC,5,1.3,3,100,0,0.0095167160034179,False,1.0,0.2,0.3333333333333333,4,4
242,242,FCI,5,1.3,3,100,0,0.0010650157928466,False,1.0,0.4,0.5714285714285715,3,3
243,243,MIIC,5,1.3,3,100,1,0.0016908645629882,False,1.0,0.6,0.7499999999999999,2,3
244,244,GHC,5,1.3,3,100,1,0.010854959487915,False,1.0,0.8,0.888888888888889,1,1
245,245,FCI,5,1.3,3,100,1,0.0015358924865722,False,0.0,0.0,0.0,0,0
246,246,MIIC,5,1.3,3,100,2,0.0011649131774902,False,1.0,0.2,0.3333333333333333,4,5
247,247,GHC,5,1.3,3,100,2,0.009768009185791,False,1.0,0.2,0.3333333333333333,4,5
248,248,FCI,5,1.3,3,100,2,0.000838279724121,False,0.0,0.0,0.0,0,0
249,249,MIIC,5,1.3,3,100,3,0.0015158653259277,False,0.75,0.6,0.6666666666666665,3,3
250,250,GHC,5,1.3,3,100,3,0.0105931758880615,False,0.6666666666666666,0.4,0.5,4,4
251,251,FCI,5,1.3,3,100,3,0.0018470287322998,False,1.0,0.4,0.5714285714285715,3,3
252,252,MIIC,5,1.3,3,100,4,0.0016851425170898,False,1.0,0.75,0.8571428571428571,1,1
253,253,GHC,5,1.3,3,100,4,0.0117301940917968,False,1.0,0.75,0.8571428571428571,1,1
254,254,FCI,5,1.3,3,100,4,0.0012969970703125,False,1.0,0.75,0.8571428571428571,1,1
255,255,MIIC,5,1.3,3,250,0,0.0013151168823242,False,1.0,0.4,0.5714285714285715,3,3
256,256,GHC,5,1.3,3,250,0,0.0088350772857666,False,1.0,0.4,0.5714285714285715,3,3
257,257,FCI,5,1.3,3,250,0,0.0009148120880126,False,1.0,0.4,0.5714285714285715,3,3
258,258,MIIC,5,1.3,3,250,1,0.0014617443084716,False,1.0,0.6,0.7499999999999999,2,4
259,259,GHC,5,1.3,3,250,1,0.0095460414886474,False,1.0,0.6,0.7499999999999999,2,2
260,260,FCI,5,1.3,3,250,1,0.0015420913696289,False,0.0,0.0,0.0,0,0
261,261,MIIC,5,1.3,3,250,2,0.0013461112976074,False,1.0,0.3333333333333333,0.5,4,4
262,262,GHC,5,1.3,3,250,2,0.0092051029205322,False,1.0,0.3333333333333333,0.5,4,4
263,263,FCI,5,1.3,3,250,2,0.000694990158081,False,1.0,0.1666666666666666,0.2857142857142857,5,5
264,264,MIIC,5,1.3,3,250,3,0.0016229152679443,False,1.0,0.6,0.7499999999999999,2,2
265,265,GHC,5,1.3,3,250,3,0.0097808837890625,False,1.0,0.6,0.7499999999999999,2,2
266,266,FCI,5,1.3,3,250,3,0.001357078552246,False,0.0,0.0,0.0,0,0
267,267,MIIC,5,1.3,3,250,4,0.0013580322265625,False,1.0,0.5,0.6666666666666666,2,2
268,268,GHC,5,1.3,3,250,4,0.0088369846343994,False,1.0,0.5,0.6666666666666666,2,2
269,269,FCI,5,1.3,3,250,4,0.0016610622406005,False,0.0,0.0,0.0,0,0
270,270,MIIC,5,1.3,3,500,0,0.0017647743225097,False,1.0,0.8,0.888888888888889,1,1
271,271,GHC,5,1.3,3,500,0,0.0105147361755371,False,1.0,0.8,0.888888888888889,1,1
272,272,FCI,5,1.3,3,500,0,0.001950979232788,False,0.0,0.0,0.0,0,0
273,273,MIIC,5,1.3,3,500,1,0.0017511844635009,False,1.0,0.8,0.888888888888889,1,1
274,274,GHC,5,1.3,3,500,1,0.0098826885223388,False,1.0,0.8,0.888888888888889,1,1
275,275,FCI,5,1.3,3,500,1,0.0034160614013671,False,0.0,0.0,0.0,0,0
276,276,MIIC,5,1.3,3,500,2,0.0017290115356445,False,1.0,0.8,0.888888888888889,1,2
277,277,GHC,5,1.3,3,500,2,0.0094892978668212,False,1.0,0.6,0.7499999999999999,2,3
278,278,FCI,5,1.3,3,500,2,0.0020928382873535,False,0.0,0.0,0.0,0,0
279,279,MIIC,5,1.3,3,500,3,0.0017383098602294,False,1.0,0.8,0.888888888888889,1,3
280,280,GHC,5,1.3,3,500,3,0.0101230144500732,False,0.75,0.6,0.6666666666666665,3,6
281,281,FCI,5,1.3,3,500,3,0.0018792152404785,False,0.0,0.0,0.0,0,0
282,282,MIIC,5,1.3,3,500,4,0.0015192031860351,False,1.0,0.4,0.5714285714285715,3,5
283,283,GHC,5,1.3,3,500,4,0.0093350410461425,False,1.0,0.4,0.5714285714285715,3,5
284,284,FCI,5,1.3,3,500,4,0.0010819435119628,False,0.0,0.0,0.0,0,0
285,285,MIIC,5,1.3,3,1000,0,0.0017988681793212,False,1.0,0.75,0.8571428571428571,1,1
286,286,GHC,5,1.3,3,1000,0,0.0106592178344726,False,1.0,1.0,1.0,0,0
287,287,FCI,5,1.3,3,1000,0,0.0026578903198242,False,0.0,0.0,0.0,0,0
288,288,MIIC,5,1.3,3,1000,1,0.0017671585083007,False,1.0,0.6,0.7499999999999999,2,2
289,289,GHC,5,1.3,3,1000,1,0.009922981262207,False,1.0,0.6,0.7499999999999999,2,2
290,290,FCI,5,1.3,3,1000,1,0.0022661685943603,False,0.0,0.0,0.0,0,0
291,291,MIIC,5,1.3,3,1000,2,0.0016989707946777,False,1.0,0.6,0.7499999999999999,2,4
292,292,GHC,5,1.3,3,1000,2,0.0102200508117675,False,0.75,0.6,0.6666666666666665,3,5
293,293,FCI,5,1.3,3,1000,2,0.0021629333496093,False,0.0,0.0,0.0,0,0
294,294,MIIC,5,1.3,3,1000,3,0.002061128616333,False,1.0,1.0,1.0,0,0
295,295,GHC,5,1.3,3,1000,3,0.0105059146881103,False,1.0,1.0,1.0,0,0
296,296,FCI,5,1.3,3,1000,3,0.0035140514373779,False,0.0,0.0,0.0,0,0
297,297,MIIC,5,1.3,3,1000,4,0.0019497871398925,False,1.0,0.8333333333333334,0.9090909090909092,1,6
298,298,GHC,5,1.3,3,1000,4,0.0102779865264892,False,1.0,0.8333333333333334,0.9090909090909092,1,6
299,299,FCI,5,1.3,3,1000,4,0.0063350200653076,False,0.0,0.0,0.0,0,0
300,300,MIIC,5,1.3,4,100,0,0.0012290477752685,False,1.0,0.1666666666666666,0.2857142857142857,5,5
301,301,GHC,5,1.3,4,100,0,0.008958101272583,False,0.0,0.0,0.0,6,6
302,302,FCI,5,1.3,4,100,0,0.0008690357208251,False,1.0,0.3333333333333333,0.5,4,4
303,303,MIIC,5,1.3,4,100,1,0.0014679431915283,False,1.0,0.1666666666666666,0.2857142857142857,5,6
304,304,GHC,5,1.3,4,100,1,0.0092449188232421,False,1.0,0.1666666666666666,0.2857142857142857,5,6
305,305,FCI,5,1.3,4,100,1,0.0015749931335449,False,0.0,0.0,0.0,0,0
306,306,MIIC,5,1.3,4,100,2,0.0013458728790283,False,0.0,0.0,0.0,5,5
307,307,GHC,5,1.3,4,100,2,0.009009838104248,False,0.0,0.0,0.0,5,5
308,308,FCI,5,1.3,4,100,2,0.0005459785461425,False,0.0,0.0,0.0,5,5
309,309,MIIC,5,1.3,4,100,3,0.0014562606811523,False,0.0,0.0,0.0,5,5
310,310,GHC,5,1.3,4,100,3,0.0094051361083984,False,0.0,0.0,0.0,5,5
311,311,FCI,5,1.3,4,100,3,0.0007717609405517,False,1.0,0.4,0.5714285714285715,3,4
312,312,MIIC,5,1.3,4,100,4,0.0014078617095947,False,1.0,0.4,0.5714285714285715,3,3
313,313,GHC,5,1.3,4,100,4,0.0102310180664062,False,1.0,0.4,0.5714285714285715,3,3
314,314,FCI,5,1.3,4,100,4,0.0008952617645263,False,1.0,0.4,0.5714285714285715,3,3
315,315,MIIC,5,1.3,4,250,0,0.0014410018920898,False,1.0,0.5,0.6666666666666666,3,4
316,316,GHC,5,1.3,4,250,0,0.009592056274414,False,1.0,0.5,0.6666666666666666,3,4
317,317,FCI,5,1.3,4,250,0,0.0013549327850341,False,0.0,0.0,0.0,0,0
318,318,MIIC,5,1.3,4,250,1,0.0013391971588134,False,1.0,0.4,0.5714285714285715,3,5
319,319,GHC,5,1.3,4,250,1,0.008897066116333,False,1.0,0.4,0.5714285714285715,3,3
320,320,FCI,5,1.3,4,250,1,0.0020129680633544,False,0.0,0.0,0.0,0,0
321,321,MIIC,5,1.3,4,250,2,0.0019550323486328,False,1.0,0.8333333333333334,0.9090909090909092,1,1
322,322,GHC,5,1.3,4,250,2,0.0103719234466552,False,1.0,0.8333333333333334,0.9090909090909092,1,1
323,323,FCI,5,1.3,4,250,2,0.0046720504760742,False,0.0,0.0,0.0,0,0
324,324,MIIC,5,1.3,4,250,3,0.0015921592712402,False,1.0,0.8,0.888888888888889,1,1
325,325,GHC,5,1.3,4,250,3,0.0087871551513671,False,1.0,0.4,0.5714285714285715,3,3
326,326,FCI,5,1.3,4,250,3,0.0017850399017333,False,0.0,0.0,0.0,0,0
327,327,MIIC,5,1.3,4,250,4,0.0014381408691406,False,1.0,0.4,0.5714285714285715,3,4
328,328,GHC,5,1.3,4,250,4,0.0098497867584228,False,1.0,0.4,0.5714285714285715,3,4
329,329,FCI,5,1.3,4,250,4,0.0011782646179199,False,0.0,0.0,0.0,0,0
330,330,MIIC,5,1.3,4,500,0,0.0015428066253662,False,1.0,0.6,0.7499999999999999,2,2
331,331,GHC,5,1.3,4,500,0,0.0097899436950683,False,0.75,0.6,0.6666666666666665,3,6
332,332,FCI,5,1.3,4,500,0,0.0038158893585205,False,0.0,0.0,0.0,0,0
333,333,MIIC,5,1.3,4,500,1,0.0019309520721435,False,1.0,1.0,1.0,0,0
334,334,GHC,5,1.3,4,500,1,0.0094790458679199,False,1.0,0.6,0.7499999999999999,2,2
335,335,FCI,5,1.3,4,500,1,0.003082275390625,False,0.0,0.0,0.0,0,0
336,336,MIIC,5,1.3,4,500,2,0.0015759468078613,False,1.0,0.3333333333333333,0.5,4,4
337,337,GHC,5,1.3,4,500,2,0.008976936340332,False,1.0,0.3333333333333333,0.5,4,4
338,338,FCI,5,1.3,4,500,2,0.0027132034301757,False,1.0,0.5,0.6666666666666666,3,4
339,339,MIIC,5,1.3,4,500,3,0.0016582012176513,False,1.0,0.6666666666666666,0.8,2,3
340,340,GHC,5,1.3,4,500,3,0.0094311237335205,False,1.0,0.5,0.6666666666666666,3,4
341,341,FCI,5,1.3,4,500,3,0.0015711784362792,False,1.0,0.3333333333333333,0.5,4,5
342,342,MIIC,5,1.3,4,500,4,0.0019681453704833,False,1.0,1.0,1.0,0,0
343,343,GHC,5,1.3,4,500,4,0.0104820728302001,False,0.8,1.0,0.888888888888889,1,1
344,344,FCI,5,1.3,4,500,4,0.0015790462493896,False,0.0,0.0,0.0,0,0
345,345,MIIC,5,1.3,4,1000,0,0.0021376609802246,False,1.0,0.8333333333333334,0.9090909090909092,1,1
346,346,GHC,5,1.3,4,1000,0,0.0102946758270263,False,1.0,0.6666666666666666,0.8,2,3
347,347,FCI,5,1.3,4,1000,0,0.0042471885681152,False,0.0,0.0,0.0,0,0
348,348,MIIC,5,1.3,4,1000,1,0.0016689300537109,False,1.0,0.6,0.7499999999999999,2,2
349,349,GHC,5,1.3,4,1000,1,0.0105528831481933,False,1.0,0.8,0.888888888888889,1,3
350,350,FCI,5,1.3,4,1000,1,0.0027902126312255,False,0.0,0.0,0.0,0,0
351,351,MIIC,5,1.3,4,1000,2,0.0020952224731445,False,1.0,1.0,1.0,0,0
352,352,GHC,5,1.3,4,1000,2,0.0091149806976318,False,1.0,0.4,0.5714285714285715,3,3
353,353,FCI,5,1.3,4,1000,2,0.003957986831665,False,0.0,0.0,0.0,0,0
354,354,MIIC,5,1.3,4,1000,3,0.0020170211791992,False,1.0,1.0,1.0,0,0
355,355,GHC,5,1.3,4,1000,3,0.0100460052490234,False,1.0,1.0,1.0,0,0
356,356,FCI,5,1.3,4,1000,3,0.0020549297332763,False,0.0,0.0,0.0,0,0
357,357,MIIC,5,1.3,4,1000,4,0.0016877651214599,False,1.0,0.6,0.7499999999999999,2,4
358,358,GHC,5,1.3,4,1000,4,0.0102608203887939,False,1.0,1.0,1.0,0,0
359,359,FCI,5,1.3,4,1000,4,0.0012679100036621,False,0.0,0.0,0.0,0,0
360,360,MIIC,5,1.5,2,100,0,0.0020768642425537,False,1.0,0.6,0.7499999999999999,2,3
361,361,GHC,5,1.5,2,100,0,0.0101959705352783,False,1.0,0.6,0.7499999999999999,2,3
362,362,FCI,5,1.5,2,100,0,0.0018010139465332,False,1.0,0.4,0.5714285714285715,3,3
363,363,MIIC,5,1.5,2,100,1,0.0017929077148437,False,1.0,0.2857142857142857,0.4444444444444445,5,6
364,364,GHC,5,1.5,2,100,1,0.0097968578338623,False,1.0,0.2857142857142857,0.4444444444444445,5,6
365,365,FCI,5,1.5,2,100,1,0.0012378692626953,False,1.0,0.1428571428571428,0.25,6,7
366,366,MIIC,5,1.5,2,100,2,0.0013260841369628,False,1.0,0.1428571428571428,0.25,6,6
367,367,GHC,5,1.5,2,100,2,0.0098543167114257,False,1.0,0.1428571428571428,0.25,6,6
368,368,FCI,5,1.5,2,100,2,0.0008723735809326,False,1.0,0.2857142857142857,0.4444444444444445,5,5
369,369,MIIC,5,1.5,2,100,3,0.0015852451324462,False,1.0,0.6,0.7499999999999999,2,2
370,370,GHC,5,1.5,2,100,3,0.0108187198638916,False,1.0,0.6,0.7499999999999999,2,2
371,371,FCI,5,1.5,2,100,3,0.0012009143829345,False,1.0,0.6,0.7499999999999999,2,2
372,372,MIIC,5,1.5,2,100,4,0.0012958049774169,False,1.0,0.2857142857142857,0.4444444444444445,5,6
373,373,GHC,5,1.5,2,100,4,0.009979248046875,False,1.0,0.2857142857142857,0.4444444444444445,5,6
374,374,FCI,5,1.5,2,100,4,0.0007810592651367,False,1.0,0.2857142857142857,0.4444444444444445,5,6
375,375,MIIC,5,1.5,2,250,0,0.0016698837280273,False,1.0,0.8,0.888888888888889,1,5
376,376,GHC,5,1.5,2,250,0,0.0110011100769042,False,1.0,0.8,0.888888888888889,1,5
377,377,FCI,5,1.5,2,250,0,0.0015769004821777,False,0.0,0.0,0.0,0,0
378,378,MIIC,5,1.5,2,250,1,0.0015199184417724,False,1.0,0.75,0.8571428571428571,1,2
379,379,GHC,5,1.5,2,250,1,0.0106351375579833,False,1.0,1.0,1.0,0,0
380,380,FCI,5,1.5,2,250,1,0.001796007156372,False,0.0,0.0,0.0,0,0
381,381,MIIC,5,1.5,2,250,2,0.0018718242645263,False,1.0,0.8333333333333334,0.9090909090909092,1,4
382,382,GHC,5,1.5,2,250,2,0.0099749565124511,False,1.0,0.8333333333333334,0.9090909090909092,1,4
383,383,FCI,5,1.5,2,250,2,0.0020949840545654,False,0.0,0.0,0.0,0,0
384,384,MIIC,5,1.5,2,250,3,0.0018031597137451,False,1.0,0.6,0.7499999999999999,2,4
385,385,GHC,5,1.5,2,250,3,0.0099279880523681,False,1.0,0.8,0.888888888888889,1,2
386,386,FCI,5,1.5,2,250,3,0.0012900829315185,False,1.0,0.4,0.5714285714285715,3,4
387,387,MIIC,5,1.5,2,250,4,0.0012679100036621,False,1.0,0.4,0.5714285714285715,3,4
388,388,GHC,5,1.5,2,250,4,0.0089771747589111,False,1.0,0.4,0.5714285714285715,3,4
389,389,FCI,5,1.5,2,250,4,0.0007557868957519,False,1.0,0.4,0.5714285714285715,3,4
390,390,MIIC,5,1.5,2,500,0,0.0018188953399658,False,1.0,1.0,1.0,0,0
391,391,GHC,5,1.5,2,500,0,0.0099120140075683,False,1.0,1.0,1.0,0,3
392,392,FCI,5,1.5,2,500,0,0.0025868415832519,False,0.0,0.0,0.0,0,0
393,393,MIIC,5,1.5,2,500,1,0.0016140937805175,False,1.0,0.8,0.888888888888889,1,1
394,394,GHC,5,1.5,2,500,1,0.0099961757659912,False,1.0,0.8,0.888888888888889,1,1
395,395,FCI,5,1.5,2,500,1,0.0016932487487792,False,0.0,0.0,0.0,0,0
396,396,MIIC,5,1.5,2,500,2,0.001706838607788,False,0.75,0.75,0.75,2,3
397,397,GHC,5,1.5,2,500,2,0.0099680423736572,False,0.75,0.75,0.75,2,3
398,398,FCI,5,1.5,2,500,2,0.0013279914855957,False,0.0,0.0,0.0,0,0
399,399,MIIC,5,1.5,2,500,3,0.0015568733215332,False,1.0,0.75,0.8571428571428571,1,2
400,400,GHC,5,1.5,2,500,3,0.0096199512481689,False,0.75,0.75,0.75,2,3
401,401,FCI,5,1.5,2,500,3,0.0013389587402343,False,0.0,0.0,0.0,0,0
402,402,MIIC,5,1.5,2,500,4,0.0015501976013183,False,1.0,0.6,0.7499999999999999,2,2
403,403,GHC,5,1.5,2,500,4,0.0090758800506591,False,1.0,0.4,0.5714285714285715,3,3
404,404,FCI,5,1.5,2,500,4,0.000856876373291,False,1.0,0.4,0.5714285714285715,3,3
405,405,MIIC,5,1.5,2,1000,0,0.0019519329071044,False,1.0,0.5714285714285714,0.7272727272727273,3,3
406,406,GHC,5,1.5,2,1000,0,0.0101261138916015,False,0.8,0.5714285714285714,0.6666666666666666,4,7
407,407,FCI,5,1.5,2,1000,0,0.0018551349639892,False,0.0,0.0,0.0,0,0
408,408,MIIC,5,1.5,2,1000,1,0.0020258426666259,False,1.0,0.6666666666666666,0.8,2,5
409,409,GHC,5,1.5,2,1000,1,0.0114758014678955,False,1.0,1.0,1.0,0,0
410,410,FCI,5,1.5,2,1000,1,0.0033888816833496,False,0.0,0.0,0.0,0,0
411,411,MIIC,5,1.5,2,1000,2,0.0021400451660156,False,1.0,0.7142857142857143,0.8333333333333333,2,7
412,412,GHC,5,1.5,2,1000,2,0.0104360580444335,False,1.0,0.7142857142857143,0.8333333333333333,2,7
413,413,FCI,5,1.5,2,1000,2,0.0046930313110351,False,0.0,0.0,0.0,0,0
414,414,MIIC,5,1.5,2,1000,3,0.0018939971923828,False,1.0,0.8,0.888888888888889,1,2
415,415,GHC,5,1.5,2,1000,3,0.0104548931121826,False,1.0,0.8,0.888888888888889,1,2
416,416,FCI,5,1.5,2,1000,3,0.002958059310913,False,0.0,0.0,0.0,0,0
417,417,MIIC,5,1.5,2,1000,4,0.0014741420745849,False,1.0,0.5,0.6666666666666666,2,4
418,418,GHC,5,1.5,2,1000,4,0.0099070072174072,False,0.75,0.75,0.75,2,3
419,419,FCI,5,1.5,2,1000,4,0.0012111663818359,False,0.0,0.0,0.0,0,0
420,420,MIIC,5,1.5,3,100,0,0.0019929409027099,False,1.0,0.7142857142857143,0.8333333333333333,2,5
421,421,GHC,5,1.5,3,100,0,0.0117208957672119,False,1.0,0.7142857142857143,0.8333333333333333,2,7
422,422,FCI,5,1.5,3,100,0,0.0011310577392578,False,1.0,0.1428571428571428,0.25,6,6
423,423,MIIC,5,1.5,3,100,1,0.0014710426330566,False,1.0,0.4285714285714285,0.6,4,5
424,424,GHC,5,1.5,3,100,1,0.0103349685668945,False,1.0,0.2857142857142857,0.4444444444444445,5,5
425,425,FCI,5,1.5,3,100,1,0.0011460781097412,False,1.0,0.2857142857142857,0.4444444444444445,5,6
426,426,MIIC,5,1.5,3,100,2,0.0013260841369628,False,1.0,0.3333333333333333,0.5,4,5
427,427,GHC,5,1.5,3,100,2,0.010293960571289,False,1.0,0.3333333333333333,0.5,4,5
428,428,FCI,5,1.5,3,100,2,0.0008947849273681,False,1.0,0.3333333333333333,0.5,4,5
429,429,MIIC,5,1.5,3,100,3,0.001223087310791,False,1.0,0.1666666666666666,0.2857142857142857,5,5
430,430,GHC,5,1.5,3,100,3,0.0095767974853515,False,1.0,0.1666666666666666,0.2857142857142857,5,5
431,431,FCI,5,1.5,3,100,3,0.000892162322998,False,0.0,0.0,0.0,0,0
432,432,MIIC,5,1.5,3,100,4,0.0014398097991943,False,0.5,0.2,0.2857142857142857,5,5
433,433,GHC,5,1.5,3,100,4,0.0098748207092285,False,0.5,0.2,0.2857142857142857,5,5
434,434,FCI,5,1.5,3,100,4,0.0010130405426025,False,1.0,0.6,0.7499999999999999,2,4
435,435,MIIC,5,1.5,3,250,0,0.0018007755279541,False,1.0,0.4285714285714285,0.6,4,4
436,436,GHC,5,1.5,3,250,0,0.0093250274658203,False,1.0,0.4285714285714285,0.6,4,4
437,437,FCI,5,1.5,3,250,0,0.0015549659729003,False,0.0,0.0,0.0,0,0
438,438,MIIC,5,1.5,3,250,1,0.001619815826416,False,1.0,0.8,0.888888888888889,1,2
439,439,GHC,5,1.5,3,250,1,0.0096838474273681,False,1.0,0.8,0.888888888888889,1,2
440,440,FCI,5,1.5,3,250,1,0.0027408599853515,False,0.0,0.0,0.0,0,0
441,441,MIIC,5,1.5,3,250,2,0.0017197132110595,False,1.0,0.3333333333333333,0.5,4,4
442,442,GHC,5,1.5,3,250,2,0.0092079639434814,False,1.0,0.5,0.6666666666666666,3,5
443,443,FCI,5,1.5,3,250,2,0.0020198822021484,False,0.0,0.0,0.0,0,0
444,444,MIIC,5,1.5,3,250,3,0.0013208389282226,False,1.0,0.2857142857142857,0.4444444444444445,5,6
445,445,GHC,5,1.5,3,250,3,0.0084431171417236,False,1.0,0.1428571428571428,0.25,6,6
446,446,FCI,5,1.5,3,250,3,0.001127004623413,False,0.0,0.0,0.0,0,0
447,447,MIIC,5,1.5,3,250,4,0.0017971992492675,False,1.0,0.4285714285714285,0.6,4,6
448,448,GHC,5,1.5,3,250,4,0.0094201564788818,False,1.0,0.4285714285714285,0.6,4,6
449,449,FCI,5,1.5,3,250,4,0.0028111934661865,False,0.0,0.0,0.0,0,0
450,450,MIIC,5,1.5,3,500,0,0.0020420551300048,False,1.0,0.8333333333333334,0.9090909090909092,1,5
451,451,GHC,5,1.5,3,500,0,0.0115089416503906,False,0.8333333333333334,0.8333333333333334,0.8333333333333334,2,5
452,452,FCI,5,1.5,3,500,0,0.0026869773864746,False,0.0,0.0,0.0,0,0
453,453,MIIC,5,1.5,3,500,1,0.0021262168884277,False,1.0,0.7142857142857143,0.8333333333333333,2,3
454,454,GHC,5,1.5,3,500,1,0.0105977058410644,False,0.8,0.5714285714285714,0.6666666666666666,4,7
455,455,FCI,5,1.5,3,500,1,0.0031561851501464,False,0.0,0.0,0.0,0,0
456,456,MIIC,5,1.5,3,500,2,0.0019178390502929,False,1.0,0.8333333333333334,0.9090909090909092,1,1
457,457,GHC,5,1.5,3,500,2,0.0103950500488281,False,1.0,1.0,1.0,0,0
458,458,FCI,5,1.5,3,500,2,0.0032792091369628,False,0.0,0.0,0.0,0,0
459,459,MIIC,5,1.5,3,500,3,0.0018234252929687,False,1.0,0.6666666666666666,0.8,2,5
460,460,GHC,5,1.5,3,500,3,0.009977102279663,False,1.0,0.6666666666666666,0.8,2,4
461,461,FCI,5,1.5,3,500,3,0.0019400119781494,False,0.0,0.0,0.0,0,0
462,462,MIIC,5,1.5,3,500,4,0.0016801357269287,False,1.0,0.6,0.7499999999999999,2,5
463,463,GHC,5,1.5,3,500,4,0.0095748901367187,False,1.0,0.6,0.7499999999999999,2,5
464,464,FCI,5,1.5,3,500,4,0.0014610290527343,False,0.0,0.0,0.0,0,0
465,465,MIIC,5,1.5,3,1000,0,0.0023190975189208,False,1.0,1.0,1.0,0,0
466,466,GHC,5,1.5,3,1000,0,0.010624885559082,False,0.8333333333333334,0.8333333333333334,0.8333333333333334,2,4
467,467,FCI,5,1.5,3,1000,0,0.0046541690826416,False,0.0,0.0,0.0,0,0
468,468,MIIC,5,1.5,3,1000,1,0.0016319751739501,False,1.0,0.5,0.6666666666666666,2,2
469,469,GHC,5,1.5,3,1000,1,0.0090291500091552,False,1.0,0.5,0.6666666666666666,2,4
470,470,FCI,5,1.5,3,1000,1,0.0017511844635009,False,0.0,0.0,0.0,0,0
471,471,MIIC,5,1.5,3,1000,2,0.0020129680633544,False,1.0,0.8333333333333334,0.9090909090909092,1,6
472,472,GHC,5,1.5,3,1000,2,0.0108900070190429,False,1.0,1.0,1.0,0,0
473,473,FCI,5,1.5,3,1000,2,0.0044910907745361,False,0.0,0.0,0.0,0,0
474,474,MIIC,5,1.5,3,1000,3,0.0021688938140869,False,1.0,0.8,0.888888888888889,1,3
475,475,GHC,5,1.5,3,1000,3,0.0103709697723388,False,1.0,0.8,0.888888888888889,1,3
476,476,FCI,5,1.5,3,1000,3,0.0017788410186767,False,0.0,0.0,0.0,0,0
477,477,MIIC,5,1.5,3,1000,4,0.0020840167999267,False,1.0,0.7142857142857143,0.8333333333333333,2,6
478,478,GHC,5,1.5,3,1000,4,0.0104107856750488,False,1.0,0.5714285714285714,0.7272727272727273,3,3
479,479,FCI,5,1.5,3,1000,4,0.0048389434814453,False,0.0,0.0,0.0,0,0
480,480,MIIC,5,1.5,4,100,0,0.0018060207366943,False,1.0,0.6,0.7499999999999999,2,3
481,481,GHC,5,1.5,4,100,0,0.0094437599182128,False,1.0,0.4,0.5714285714285715,3,3
482,482,FCI,5,1.5,4,100,0,0.0015769004821777,False,1.0,0.4,0.5714285714285715,3,3
483,483,MIIC,5,1.5,4,100,1,0.001741886138916,False,1.0,0.4,0.5714285714285715,3,4
484,484,GHC,5,1.5,4,100,1,0.0091190338134765,False,1.0,0.2,0.3333333333333333,4,4
485,485,FCI,5,1.5,4,100,1,0.001443862915039,False,1.0,0.4,0.5714285714285715,3,4
486,486,MIIC,5,1.5,4,100,2,0.0017628669738769,False,1.0,0.3333333333333333,0.5,4,6
487,487,GHC,5,1.5,4,100,2,0.0104010105133056,False,1.0,0.3333333333333333,0.5,4,6
488,488,FCI,5,1.5,4,100,2,0.0013551712036132,False,0.0,0.0,0.0,0,0
489,489,MIIC,5,1.5,4,100,3,0.001335859298706,False,1.0,0.2,0.3333333333333333,4,4
490,490,GHC,5,1.5,4,100,3,0.0097758769989013,False,1.0,0.2,0.3333333333333333,4,4
491,491,FCI,5,1.5,4,100,3,0.0009140968322753,False,1.0,0.4,0.5714285714285715,3,4
492,492,MIIC,5,1.5,4,100,4,0.0011970996856689,False,1.0,0.1428571428571428,0.25,6,6
493,493,GHC,5,1.5,4,100,4,0.0096428394317626,False,0.0,0.0,0.0,7,7
494,494,FCI,5,1.5,4,100,4,0.0007500648498535,False,1.0,0.1428571428571428,0.25,6,6
495,495,MIIC,5,1.5,4,250,0,0.0014541149139404,False,1.0,0.2857142857142857,0.4444444444444445,5,5
496,496,GHC,5,1.5,4,250,0,0.0084009170532226,False,1.0,0.1428571428571428,0.25,6,6
497,497,FCI,5,1.5,4,250,0,0.0026929378509521,False,0.0,0.0,0.0,0,0
498,498,MIIC,5,1.5,4,250,1,0.0018041133880615,False,1.0,0.8333333333333334,0.9090909090909092,1,4
499,499,GHC,5,1.5,4,250,1,0.0101802349090576,False,1.0,0.8333333333333334,0.9090909090909092,1,4
500,500,FCI,5,1.5,4,250,1,0.0027251243591308,False,0.0,0.0,0.0,0,0
501,501,MIIC,5,1.5,4,250,2,0.00136399269104,False,1.0,0.3333333333333333,0.5,4,4
502,502,GHC,5,1.5,4,250,2,0.0098371505737304,False,1.0,0.5,0.6666666666666666,3,3
503,503,FCI,5,1.5,4,250,2,0.0011239051818847,False,0.0,0.0,0.0,0,0
504,504,MIIC,5,1.5,4,250,3,0.001188039779663,False,1.0,0.2,0.3333333333333333,4,5
505,505,GHC,5,1.5,4,250,3,0.007936954498291,False,0.0,0.0,0.0,5,5
506,506,FCI,5,1.5,4,250,3,0.0012497901916503,False,0.0,0.0,0.0,0,0
507,507,MIIC,5,1.5,4,250,4,0.0013413429260253,False,1.0,0.3333333333333333,0.5,4,4
508,508,GHC,5,1.5,4,250,4,0.007901906967163,False,0.0,0.0,0.0,6,6
509,509,FCI,5,1.5,4,250,4,0.0009539127349853,False,0.0,0.0,0.0,0,0
510,510,MIIC,5,1.5,4,500,0,0.0015869140625,False,1.0,0.5,0.6666666666666666,3,4
511,511,GHC,5,1.5,4,500,0,0.0093531608581542,False,1.0,0.5,0.6666666666666666,3,4
512,512,FCI,5,1.5,4,500,0,0.0017206668853759,False,0.0,0.0,0.0,0,0
513,513,MIIC,5,1.5,4,500,1,0.0012621879577636,False,1.0,0.25,0.4,3,3
514,514,GHC,5,1.5,4,500,1,0.0080831050872802,False,0.0,0.0,0.0,4,4
515,515,FCI,5,1.5,4,500,1,0.00081467628479,False,1.0,0.5,0.6666666666666666,2,2
516,516,MIIC,5,1.5,4,500,2,0.0013902187347412,False,1.0,0.4,0.5714285714285715,3,3
517,517,GHC,5,1.5,4,500,2,0.0092329978942871,False,1.0,0.6,0.7499999999999999,2,5
518,518,FCI,5,1.5,4,500,2,0.0026838779449462,False,0.0,0.0,0.0,0,0
519,519,MIIC,5,1.5,4,500,3,0.0022201538085937,False,1.0,0.7142857142857143,0.8333333333333333,2,2
520,520,GHC,5,1.5,4,500,3,0.0100800991058349,False,1.0,0.7142857142857143,0.8333333333333333,2,2
521,521,FCI,5,1.5,4,500,3,0.0028769969940185,False,0.0,0.0,0.0,0,0
522,522,MIIC,5,1.5,4,500,4,0.0016038417816162,False,1.0,0.75,0.8571428571428571,1,1
523,523,GHC,5,1.5,4,500,4,0.009296178817749,False,1.0,0.75,0.8571428571428571,1,3
524,524,FCI,5,1.5,4,500,4,0.002051830291748,False,0.0,0.0,0.0,0,0
525,525,MIIC,5,1.5,4,1000,0,0.0019059181213378,False,1.0,1.0,1.0,0,0
526,526,GHC,5,1.5,4,1000,0,0.0102601051330566,False,1.0,1.0,1.0,0,0
527,527,FCI,5,1.5,4,1000,0,0.0029871463775634,False,0.0,0.0,0.0,0,0
528,528,MIIC,5,1.5,4,1000,1,0.0023181438446044,False,1.0,0.8571428571428571,0.923076923076923,1,1
529,529,GHC,5,1.5,4,1000,1,0.0111808776855468,False,1.0,0.8571428571428571,0.923076923076923,1,1
530,530,FCI,5,1.5,4,1000,1,0.0061597824096679,False,0.0,0.0,0.0,0,0
531,531,MIIC,5,1.5,4,1000,2,0.0020332336425781,False,1.0,1.0,1.0,0,0
532,532,GHC,5,1.5,4,1000,2,0.0104420185089111,False,1.0,1.0,1.0,0,0
533,533,FCI,5,1.5,4,1000,2,0.0047469139099121,False,0.0,0.0,0.0,0,0
534,534,MIIC,5,1.5,4,1000,3,0.0021541118621826,False,1.0,1.0,1.0,0,0
535,535,GHC,5,1.5,4,1000,3,0.009977102279663,False,1.0,0.8,0.888888888888889,1,1
536,536,FCI,5,1.5,4,1000,3,0.0024950504302978,False,0.0,0.0,0.0,0,0
537,537,MIIC,5,1.5,4,1000,4,0.0021870136260986,False,1.0,1.0,1.0,0,0
538,538,GHC,5,1.5,4,1000,4,0.0117769241333007,False,1.0,1.0,1.0,0,0
539,539,FCI,5,1.5,4,1000,4,0.0036399364471435,False,0.0,0.0,0.0,0,0
540,540,MIIC,5,1.7,2,100,0,0.0014352798461914,False,1.0,0.6,0.7499999999999999,2,3
541,541,GHC,5,1.7,2,100,0,0.0118541717529296,False,0.6,0.6,0.6,4,4
542,542,FCI,5,1.7,2,100,0,0.0011708736419677,False,1.0,0.6,0.7499999999999999,2,3
543,543,MIIC,5,1.7,2,100,1,0.0017080307006835,False,1.0,0.5,0.6666666666666666,3,3
544,544,GHC,5,1.7,2,100,1,0.0112850666046142,False,0.75,0.5,0.6,4,5
545,545,FCI,5,1.7,2,100,1,0.0016870498657226,False,0.0,0.0,0.0,0,0
546,546,MIIC,5,1.7,2,100,2,0.0013849735260009,False,1.0,0.1666666666666666,0.2857142857142857,5,6
547,547,GHC,5,1.7,2,100,2,0.0094900131225585,False,1.0,0.1666666666666666,0.2857142857142857,5,6
548,548,FCI,5,1.7,2,100,2,0.001065969467163,False,0.0,0.0,0.0,0,0
549,549,MIIC,5,1.7,2,100,3,0.0022799968719482,False,1.0,0.7142857142857143,0.8333333333333333,2,5
550,550,GHC,5,1.7,2,100,3,0.0107100009918212,False,1.0,0.7142857142857143,0.8333333333333333,2,2
551,551,FCI,5,1.7,2,100,3,0.0038878917694091,False,0.0,0.0,0.0,0,0
552,552,MIIC,5,1.7,2,100,4,0.0015671253204345,False,1.0,0.6666666666666666,0.8,2,4
553,553,GHC,5,1.7,2,100,4,0.0115838050842285,False,1.0,0.6666666666666666,0.8,2,4
554,554,FCI,5,1.7,2,100,4,0.0018131732940673,False,0.0,0.0,0.0,0,0
555,555,MIIC,5,1.7,2,250,0,0.0018451213836669,False,1.0,0.8333333333333334,0.9090909090909092,1,3
556,556,GHC,5,1.7,2,250,0,0.0102877616882324,False,1.0,0.8333333333333334,0.9090909090909092,1,3
557,557,FCI,5,1.7,2,250,0,0.0029141902923583,False,0.0,0.0,0.0,0,0
558,558,MIIC,5,1.7,2,250,1,0.0016441345214843,False,1.0,0.8,0.888888888888889,1,2
559,559,GHC,5,1.7,2,250,1,0.0097720623016357,False,1.0,0.8,0.888888888888889,1,1
560,560,FCI,5,1.7,2,250,1,0.0018129348754882,False,0.0,0.0,0.0,0,0
561,561,MIIC,5,1.7,2,250,2,0.0014071464538574,False,1.0,0.75,0.8571428571428571,1,1
562,562,GHC,5,1.7,2,250,2,0.0097143650054931,False,0.75,0.75,0.75,2,4
563,563,FCI,5,1.7,2,250,2,0.001112937927246,False,0.0,0.0,0.0,0,0
564,564,MIIC,5,1.7,2,250,3,0.0015420913696289,False,1.0,0.8,0.888888888888889,1,3
565,565,GHC,5,1.7,2,250,3,0.009779930114746,False,1.0,0.8,0.888888888888889,1,3
566,566,FCI,5,1.7,2,250,3,0.0018110275268554,False,0.0,0.0,0.0,0,0
567,567,MIIC,5,1.7,2,250,4,0.0017297267913818,False,1.0,1.0,1.0,0,0
568,568,GHC,5,1.7,2,250,4,0.0105280876159667,False,1.0,1.0,1.0,0,0
569,569,FCI,5,1.7,2,250,4,0.0014369487762451,False,0.0,0.0,0.0,0,0
570,570,MIIC,5,1.7,2,500,0,0.0015361309051513,False,1.0,0.5,0.6666666666666666,3,4
571,571,GHC,5,1.7,2,500,0,0.0103240013122558,False,0.8,0.6666666666666666,0.7272727272727272,3,7
572,572,FCI,5,1.7,2,500,0,0.0012171268463134,False,0.0,0.0,0.0,0,0
573,573,MIIC,5,1.7,2,500,1,0.0017120838165283,False,1.0,1.0,1.0,0,2
574,574,GHC,5,1.7,2,500,1,0.0095942020416259,False,1.0,0.75,0.8571428571428571,1,2
575,575,FCI,5,1.7,2,500,1,0.0010948181152343,False,1.0,0.75,0.8571428571428571,1,2
576,576,MIIC,5,1.7,2,500,2,0.0014348030090332,False,1.0,0.5,0.6666666666666666,3,5
577,577,GHC,5,1.7,2,500,2,0.0100891590118408,False,1.0,0.5,0.6666666666666666,3,5
578,578,FCI,5,1.7,2,500,2,0.0011420249938964,False,0.0,0.0,0.0,0,0
579,579,MIIC,5,1.7,2,500,3,0.0023200511932373,False,1.0,0.8571428571428571,0.923076923076923,1,3
580,580,GHC,5,1.7,2,500,3,0.0116617679595947,False,0.7777777777777778,1.0,0.8750000000000001,2,8
581,581,FCI,5,1.7,2,500,3,0.0075182914733886,False,0.0,0.0,0.0,0,0
582,582,MIIC,5,1.7,2,500,4,0.0016009807586669,False,1.0,0.4285714285714285,0.6,4,6
583,583,GHC,5,1.7,2,500,4,0.0100891590118408,False,1.0,0.7142857142857143,0.8333333333333333,2,5
584,584,FCI,5,1.7,2,500,4,0.0017969608306884,False,0.0,0.0,0.0,0,0
585,585,MIIC,5,1.7,2,1000,0,0.0020449161529541,False,1.0,0.5714285714285714,0.7272727272727273,3,7
586,586,GHC,5,1.7,2,1000,0,0.0106399059295654,False,1.0,0.8571428571428571,0.923076923076923,1,1
587,587,FCI,5,1.7,2,1000,0,0.0036208629608154,False,0.0,0.0,0.0,0,0
588,588,MIIC,5,1.7,2,1000,1,0.0024781227111816,False,1.0,0.7142857142857143,0.8333333333333333,2,2
589,589,GHC,5,1.7,2,1000,1,0.0113000869750976,False,0.8333333333333334,0.7142857142857143,0.7692307692307692,3,6
590,590,FCI,5,1.7,2,1000,1,0.003558874130249,False,0.0,0.0,0.0,0,0
591,591,MIIC,5,1.7,2,1000,2,0.0019021034240722,False,1.0,0.8,0.888888888888889,1,3
592,592,GHC,5,1.7,2,1000,2,0.0106890201568603,False,0.8,0.8,0.8000000000000002,2,4
593,593,FCI,5,1.7,2,1000,2,0.0019500255584716,False,0.0,0.0,0.0,0,0
594,594,MIIC,5,1.7,2,1000,3,0.0014872550964355,False,1.0,0.4,0.5714285714285715,3,5
595,595,GHC,5,1.7,2,1000,3,0.0094020366668701,False,1.0,0.6,0.7499999999999999,2,5
596,596,FCI,5,1.7,2,1000,3,0.0007932186126708,False,1.0,0.4,0.5714285714285715,3,5
597,597,MIIC,5,1.7,2,1000,4,0.0017549991607666,False,1.0,0.6666666666666666,0.8,2,3
598,598,GHC,5,1.7,2,1000,4,0.0105106830596923,False,0.6,0.5,0.5454545454545454,5,8
599,599,FCI,5,1.7,2,1000,4,0.0013599395751953,False,0.0,0.0,0.0,0,0
600,600,MIIC,5,1.7,3,100,0,0.0015840530395507,False,1.0,0.5,0.6666666666666666,3,5
601,601,GHC,5,1.7,3,100,0,0.0108861923217773,False,1.0,0.3333333333333333,0.5,4,5
602,602,FCI,5,1.7,3,100,0,0.0012102127075195,False,0.0,0.0,0.0,0,0
603,603,MIIC,5,1.7,3,100,1,0.0012869834899902,False,0.0,0.0,0.0,4,4
604,604,GHC,5,1.7,3,100,1,0.0092880725860595,False,0.0,0.0,0.0,4,4
605,605,FCI,5,1.7,3,100,1,0.0008919239044189,False,1.0,0.25,0.4,3,4
606,606,MIIC,5,1.7,3,100,2,0.0013079643249511,False,1.0,0.2,0.3333333333333333,4,5
607,607,GHC,5,1.7,3,100,2,0.0095798969268798,False,1.0,0.2,0.3333333333333333,4,5
608,608,FCI,5,1.7,3,100,2,0.0008449554443359,False,1.0,0.4,0.5714285714285715,3,5
609,609,MIIC,5,1.7,3,100,3,0.0013659000396728,False,1.0,0.2857142857142857,0.4444444444444445,5,5
610,610,GHC,5,1.7,3,100,3,0.0103049278259277,False,1.0,0.2857142857142857,0.4444444444444445,5,7
611,611,FCI,5,1.7,3,100,3,0.0017099380493164,False,0.0,0.0,0.0,0,0
612,612,MIIC,5,1.7,3,100,4,0.001162052154541,False,0.0,0.0,0.0,8,8
613,613,GHC,5,1.7,3,100,4,0.0093598365783691,False,0.0,0.0,0.0,8,8
614,614,FCI,5,1.7,3,100,4,0.0007059574127197,False,1.0,0.25,0.4,6,7
615,615,MIIC,5,1.7,3,250,0,0.0016508102416992,False,1.0,0.8,0.888888888888889,1,2
616,616,GHC,5,1.7,3,250,0,0.0103728771209716,False,1.0,0.8,0.888888888888889,1,2
617,617,FCI,5,1.7,3,250,0,0.0017852783203125,False,0.0,0.0,0.0,0,0
618,618,MIIC,5,1.7,3,250,1,0.0012140274047851,False,1.0,0.25,0.4,3,3
619,619,GHC,5,1.7,3,250,1,0.0090470314025878,False,1.0,0.25,0.4,3,3
620,620,FCI,5,1.7,3,250,1,0.0009942054748535,False,0.0,0.0,0.0,0,0
621,621,MIIC,5,1.7,3,250,2,0.0014238357543945,False,1.0,0.6,0.7499999999999999,2,3
622,622,GHC,5,1.7,3,250,2,0.0093660354614257,False,1.0,0.6,0.7499999999999999,2,3
623,623,FCI,5,1.7,3,250,2,0.0015990734100341,False,1.0,0.6,0.7499999999999999,2,3
624,624,MIIC,5,1.7,3,250,3,0.0015070438385009,False,1.0,0.5,0.6666666666666666,3,5
625,625,GHC,5,1.7,3,250,3,0.0092811584472656,False,1.0,0.5,0.6666666666666666,3,3
626,626,FCI,5,1.7,3,250,3,0.0019738674163818,False,0.0,0.0,0.0,0,0
627,627,MIIC,5,1.7,3,250,4,0.001188039779663,False,1.0,0.25,0.4,3,3
628,628,GHC,5,1.7,3,250,4,0.008462905883789,False,1.0,0.25,0.4,3,3
629,629,FCI,5,1.7,3,250,4,0.0006971359252929,False,1.0,0.25,0.4,3,3
630,630,MIIC,5,1.7,3,500,0,0.0018501281738281,False,1.0,1.0,1.0,0,3
631,631,GHC,5,1.7,3,500,0,0.0103468894958496,False,0.8,0.8,0.8000000000000002,2,6
632,632,FCI,5,1.7,3,500,0,0.0030069351196289,False,0.0,0.0,0.0,0,0
633,633,MIIC,5,1.7,3,500,1,0.0012872219085693,False,1.0,0.2,0.3333333333333333,4,5
634,634,GHC,5,1.7,3,500,1,0.0092859268188476,False,1.0,0.6,0.7499999999999999,2,2
635,635,FCI,5,1.7,3,500,1,0.0006117820739746,False,1.0,0.2,0.3333333333333333,4,5
636,636,MIIC,5,1.7,3,500,2,0.0013740062713623,False,1.0,0.4,0.5714285714285715,3,5
637,637,GHC,5,1.7,3,500,2,0.009031057357788,False,1.0,0.4,0.5714285714285715,3,5
638,638,FCI,5,1.7,3,500,2,0.0007598400115966,False,1.0,0.4,0.5714285714285715,3,5
639,639,MIIC,5,1.7,3,500,3,0.0016169548034667,False,1.0,0.75,0.8571428571428571,1,3
640,640,GHC,5,1.7,3,500,3,0.0093450546264648,False,0.6666666666666666,0.5,0.5714285714285715,3,4
641,641,FCI,5,1.7,3,500,3,0.0012378692626953,False,0.0,0.0,0.0,0,0
642,642,MIIC,5,1.7,3,500,4,0.0016000270843505,False,1.0,0.6666666666666666,0.8,2,2
643,643,GHC,5,1.7,3,500,4,0.0104320049285888,False,1.0,0.6666666666666666,0.8,2,2
644,644,FCI,5,1.7,3,500,4,0.0023717880249023,False,0.0,0.0,0.0,0,0
645,645,MIIC,5,1.7,3,1000,0,0.0017778873443603,False,1.0,0.75,0.8571428571428571,1,1
646,646,GHC,5,1.7,3,1000,0,0.0102210044860839,False,1.0,0.75,0.8571428571428571,1,1
647,647,FCI,5,1.7,3,1000,0,0.0013420581817626,False,0.0,0.0,0.0,0,0
648,648,MIIC,5,1.7,3,1000,1,0.0020558834075927,False,1.0,1.0,1.0,0,0
649,649,GHC,5,1.7,3,1000,1,0.0111200809478759,False,1.0,1.0,1.0,0,0
650,650,FCI,5,1.7,3,1000,1,0.0046436786651611,False,0.0,0.0,0.0,0,0
651,651,MIIC,5,1.7,3,1000,2,0.0016560554504394,False,1.0,0.6,0.7499999999999999,2,4
652,652,GHC,5,1.7,3,1000,2,0.0102181434631347,False,1.0,0.8,0.888888888888889,1,3
653,653,FCI,5,1.7,3,1000,2,0.0017340183258056,False,0.0,0.0,0.0,0,0
654,654,MIIC,5,1.7,3,1000,3,0.0017271041870117,False,1.0,0.6,0.7499999999999999,2,4
655,655,GHC,5,1.7,3,1000,3,0.0103709697723388,False,1.0,0.8,0.888888888888889,1,1
656,656,FCI,5,1.7,3,1000,3,0.001410961151123,False,0.0,0.0,0.0,0,0
657,657,MIIC,5,1.7,3,1000,4,0.002227783203125,False,1.0,0.8571428571428571,0.923076923076923,1,7
658,658,GHC,5,1.7,3,1000,4,0.0103399753570556,False,1.0,0.7142857142857143,0.8333333333333333,2,3
659,659,FCI,5,1.7,3,1000,4,0.0048787593841552,False,0.0,0.0,0.0,0,0
660,660,MIIC,5,1.7,4,100,0,0.0012669563293457,False,0.0,0.0,0.0,6,6
661,661,GHC,5,1.7,4,100,0,0.0098500251770019,False,0.0,0.0,0.0,6,6
662,662,FCI,5,1.7,4,100,0,0.0005362033843994,False,0.0,0.0,0.0,6,6
663,663,MIIC,5,1.7,4,100,1,0.0011882781982421,False,1.0,0.1428571428571428,0.25,6,7
664,664,GHC,5,1.7,4,100,1,0.0102241039276123,False,1.0,0.1428571428571428,0.25,6,7
665,665,FCI,5,1.7,4,100,1,0.0007779598236083,False,1.0,0.2857142857142857,0.4444444444444445,5,7
666,666,MIIC,5,1.7,4,100,2,0.001176118850708,False,1.0,0.1666666666666666,0.2857142857142857,5,5
667,667,GHC,5,1.7,4,100,2,0.0096759796142578,False,1.0,0.1666666666666666,0.2857142857142857,5,5
668,668,FCI,5,1.7,4,100,2,0.001094102859497,False,0.0,0.0,0.0,0,0
669,669,MIIC,5,1.7,4,100,3,0.0014200210571289,False,1.0,0.2857142857142857,0.4444444444444445,5,7
670,670,GHC,5,1.7,4,100,3,0.0101170539855957,False,1.0,0.2857142857142857,0.4444444444444445,5,7
671,671,FCI,5,1.7,4,100,3,0.0014078617095947,False,0.0,0.0,0.0,0,0
672,672,MIIC,5,1.7,4,100,4,0.0014522075653076,False,1.0,0.2,0.3333333333333333,4,4
673,673,GHC,5,1.7,4,100,4,0.0087571144104003,False,1.0,0.2,0.3333333333333333,4,4
674,674,FCI,5,1.7,4,100,4,0.0018298625946044,False,0.0,0.0,0.0,0,0
675,675,MIIC,5,1.7,4,250,0,0.0016040802001953,False,1.0,0.5714285714285714,0.7272727272727273,3,4
676,676,GHC,5,1.7,4,250,0,0.0107882022857666,False,1.0,0.5714285714285714,0.7272727272727273,3,4
677,677,FCI,5,1.7,4,250,0,0.0022859573364257,False,0.0,0.0,0.0,0,0
678,678,MIIC,5,1.7,4,250,1,0.0014491081237792,False,1.0,0.4285714285714285,0.6,4,5
679,679,GHC,5,1.7,4,250,1,0.0097699165344238,False,1.0,0.4285714285714285,0.6,4,5
680,680,FCI,5,1.7,4,250,1,0.001816987991333,False,1.0,0.2857142857142857,0.4444444444444445,5,6
681,681,MIIC,5,1.7,4,250,2,0.001518964767456,False,1.0,0.5,0.6666666666666666,3,6
682,682,GHC,5,1.7,4,250,2,0.0092620849609375,False,1.0,0.5,0.6666666666666666,3,5
683,683,FCI,5,1.7,4,250,2,0.0014789104461669,False,0.0,0.0,0.0,0,0
684,684,MIIC,5,1.7,4,250,3,0.0014400482177734,False,1.0,0.2857142857142857,0.4444444444444445,5,5
685,685,GHC,5,1.7,4,250,3,0.0094420909881591,False,1.0,0.2857142857142857,0.4444444444444445,5,5
686,686,FCI,5,1.7,4,250,3,0.0014770030975341,False,0.0,0.0,0.0,0,0
687,687,MIIC,5,1.7,4,250,4,0.0013151168823242,False,1.0,0.2857142857142857,0.4444444444444445,5,5
688,688,GHC,5,1.7,4,250,4,0.0090270042419433,False,1.0,0.2857142857142857,0.4444444444444445,5,5
689,689,FCI,5,1.7,4,250,4,0.0027830600738525,False,0.0,0.0,0.0,0,0
690,690,MIIC,5,1.7,4,500,0,0.0016701221466064,False,1.0,1.0,1.0,0,0
691,691,GHC,5,1.7,4,500,0,0.0101199150085449,False,1.0,1.0,1.0,0,0
692,692,FCI,5,1.7,4,500,0,0.0022070407867431,False,0.0,0.0,0.0,0,0
693,693,MIIC,5,1.7,4,500,1,0.0015501976013183,False,1.0,0.4285714285714285,0.6,4,6
694,694,GHC,5,1.7,4,500,1,0.0092670917510986,False,1.0,0.4285714285714285,0.6,4,6
695,695,FCI,5,1.7,4,500,1,0.0019271373748779,False,0.0,0.0,0.0,0,0
696,696,MIIC,5,1.7,4,500,2,0.0017802715301513,False,1.0,0.8,0.888888888888889,1,2
697,697,GHC,5,1.7,4,500,2,0.0104150772094726,False,1.0,0.8,0.888888888888889,1,1
698,698,FCI,5,1.7,4,500,2,0.0018470287322998,False,0.0,0.0,0.0,0,0
699,699,MIIC,5,1.7,4,500,3,0.0012917518615722,False,1.0,0.2,0.3333333333333333,4,5
700,700,GHC,5,1.7,4,500,3,0.0084748268127441,False,1.0,0.2,0.3333333333333333,4,5
701,701,FCI,5,1.7,4,500,3,0.0017211437225341,False,0.0,0.0,0.0,0,0
702,702,MIIC,5,1.7,4,500,4,0.0015828609466552,False,1.0,0.6,0.7499999999999999,2,2
703,703,GHC,5,1.7,4,500,4,0.0093297958374023,False,1.0,0.6,0.7499999999999999,2,2
704,704,FCI,5,1.7,4,500,4,0.0012528896331787,False,0.0,0.0,0.0,0,0
705,705,MIIC,5,1.7,4,1000,0,0.0022029876708984,False,1.0,1.0,1.0,0,0
706,706,GHC,5,1.7,4,1000,0,0.0104067325592041,False,0.8,0.8,0.8000000000000002,2,6
707,707,FCI,5,1.7,4,1000,0,0.003274917602539,False,0.0,0.0,0.0,0,0
708,708,MIIC,5,1.7,4,1000,1,0.0022587776184082,False,1.0,1.0,1.0,0,3
709,709,GHC,5,1.7,4,1000,1,0.0105838775634765,False,1.0,0.8571428571428571,0.923076923076923,1,7
710,710,FCI,5,1.7,4,1000,1,0.005624771118164,False,0.0,0.0,0.0,0,0
711,711,MIIC,5,1.7,4,1000,2,0.0020956993103027,False,1.0,0.8,0.888888888888889,1,3
712,712,GHC,5,1.7,4,1000,2,0.0108931064605712,False,1.0,0.8,0.888888888888889,1,3
713,713,FCI,5,1.7,4,1000,2,0.0037760734558105,False,0.0,0.0,0.0,0,0
714,714,MIIC,5,1.7,4,1000,3,0.0019049644470214,False,1.0,0.6666666666666666,0.8,2,4
715,715,GHC,5,1.7,4,1000,3,0.0100290775299072,False,1.0,0.6666666666666666,0.8,2,4
716,716,FCI,5,1.7,4,1000,3,0.0029809474945068,False,0.0,0.0,0.0,0,0
717,717,MIIC,5,1.7,4,1000,4,0.0021960735321044,False,1.0,1.0,1.0,0,0
718,718,GHC,5,1.7,4,1000,4,0.0100600719451904,False,1.0,0.75,0.8571428571428571,1,1
719,719,FCI,5,1.7,4,1000,4,0.0021281242370605,False,0.0,0.0,0.0,0,0
720,720,MIIC,5,1.9,2,100,0,0.0018281936645507,False,1.0,0.4,0.5714285714285715,3,4
721,721,GHC,5,1.9,2,100,0,0.0097839832305908,False,1.0,0.4,0.5714285714285715,3,4
722,722,FCI,5,1.9,2,100,0,0.0012471675872802,False,1.0,0.4,0.5714285714285715,3,4
723,723,MIIC,5,1.9,2,100,1,0.0018229484558105,False,1.0,0.4285714285714285,0.6,4,7
724,724,GHC,5,1.9,2,100,1,0.0108828544616699,False,1.0,0.5714285714285714,0.7272727272727273,3,5
725,725,FCI,5,1.9,2,100,1,0.001147985458374,False,0.0,0.0,0.0,0,0
726,726,MIIC,5,1.9,2,100,2,0.0019361972808837,False,1.0,0.75,0.8571428571428571,1,3
727,727,GHC,5,1.9,2,100,2,0.0100719928741455,False,1.0,0.75,0.8571428571428571,1,3
728,728,FCI,5,1.9,2,100,2,0.0017280578613281,False,1.0,0.75,0.8571428571428571,1,3
729,729,MIIC,5,1.9,2,100,3,0.0012068748474121,False,1.0,0.1666666666666666,0.2857142857142857,5,5
730,730,GHC,5,1.9,2,100,3,0.0095539093017578,False,1.0,0.1666666666666666,0.2857142857142857,5,5
731,731,FCI,5,1.9,2,100,3,0.000666856765747,False,1.0,0.1666666666666666,0.2857142857142857,5,5
732,732,MIIC,5,1.9,2,100,4,0.0018641948699951,False,0.75,0.5,0.6,4,6
733,733,GHC,5,1.9,2,100,4,0.0104179382324218,False,1.0,0.5,0.6666666666666666,3,6
734,734,FCI,5,1.9,2,100,4,0.0020856857299804,False,0.0,0.0,0.0,0,0
735,735,MIIC,5,1.9,2,250,0,0.001688003540039,False,1.0,0.5,0.6666666666666666,3,5
736,736,GHC,5,1.9,2,250,0,0.0093262195587158,False,0.6666666666666666,0.3333333333333333,0.4444444444444444,5,6
737,737,FCI,5,1.9,2,250,0,0.0010271072387695,False,1.0,0.3333333333333333,0.5,4,5
738,738,MIIC,5,1.9,2,250,1,0.0020248889923095,False,1.0,1.0,1.0,0,0
739,739,GHC,5,1.9,2,250,1,0.0098509788513183,False,1.0,1.0,1.0,0,0
740,740,FCI,5,1.9,2,250,1,0.0050060749053955,False,0.0,0.0,0.0,0,0
741,741,MIIC,5,1.9,2,250,2,0.0015060901641845,False,1.0,0.5,0.6666666666666666,3,3
742,742,GHC,5,1.9,2,250,2,0.0092279911041259,False,1.0,0.5,0.6666666666666666,3,3
743,743,FCI,5,1.9,2,250,2,0.0017371177673339,False,0.0,0.0,0.0,0,0
744,744,MIIC,5,1.9,2,250,3,0.0016701221466064,False,1.0,0.5,0.6666666666666666,4,4
745,745,GHC,5,1.9,2,250,3,0.0109450817108154,False,1.0,0.625,0.7692307692307693,3,7
746,746,FCI,5,1.9,2,250,3,0.001270055770874,False,0.0,0.0,0.0,0,0
747,747,MIIC,5,1.9,2,250,4,0.001688003540039,False,1.0,0.4285714285714285,0.6,4,6
748,748,GHC,5,1.9,2,250,4,0.0106358528137207,False,1.0,0.7142857142857143,0.8333333333333333,2,3
749,749,FCI,5,1.9,2,250,4,0.0027570724487304,False,0.0,0.0,0.0,0,0
750,750,MIIC,5,1.9,2,500,0,0.0015468597412109,False,1.0,0.5,0.6666666666666666,2,3
751,751,GHC,5,1.9,2,500,0,0.0101399421691894,False,0.5,0.5,0.5,4,5
752,752,FCI,5,1.9,2,500,0,0.0010740756988525,False,1.0,0.5,0.6666666666666666,2,3
753,753,MIIC,5,1.9,2,500,1,0.0018861293792724,False,1.0,0.8,0.888888888888889,1,2
754,754,GHC,5,1.9,2,500,1,0.0098228454589843,False,1.0,0.8,0.888888888888889,1,2
755,755,FCI,5,1.9,2,500,1,0.0019679069519042,False,0.0,0.0,0.0,0,0
756,756,MIIC,5,1.9,2,500,2,0.0018861293792724,False,1.0,0.4285714285714285,0.6,4,6
757,757,GHC,5,1.9,2,500,2,0.0093669891357421,False,1.0,0.4285714285714285,0.6,4,7
758,758,FCI,5,1.9,2,500,2,0.001962661743164,False,0.0,0.0,0.0,0,0
759,759,MIIC,5,1.9,2,500,3,0.0019190311431884,False,1.0,0.7142857142857143,0.8333333333333333,2,2
760,760,GHC,5,1.9,2,500,3,0.0101501941680908,False,1.0,0.5714285714285714,0.7272727272727273,3,3
761,761,FCI,5,1.9,2,500,3,0.0039501190185546,False,0.0,0.0,0.0,0,0
762,762,MIIC,5,1.9,2,500,4,0.0017268657684326,False,1.0,0.8,0.888888888888889,1,1
763,763,GHC,5,1.9,2,500,4,0.0101392269134521,False,1.0,0.8,0.888888888888889,1,3
764,764,FCI,5,1.9,2,500,4,0.00230073928833,False,0.0,0.0,0.0,0,0
765,765,MIIC,5,1.9,2,1000,0,0.0019872188568115,False,1.0,1.0,1.0,0,0
766,766,GHC,5,1.9,2,1000,0,0.0111758708953857,False,0.8,1.0,0.888888888888889,1,4
767,767,FCI,5,1.9,2,1000,0,0.0027148723602294,False,0.0,0.0,0.0,0,0
768,768,MIIC,5,1.9,2,1000,1,0.0016682147979736,False,1.0,0.6,0.7499999999999999,2,3
769,769,GHC,5,1.9,2,1000,1,0.0098810195922851,False,1.0,0.8,0.888888888888889,1,1
770,770,FCI,5,1.9,2,1000,1,0.0010459423065185,False,1.0,0.6,0.7499999999999999,2,3
771,771,MIIC,5,1.9,2,1000,2,0.0026850700378417,False,1.0,0.8571428571428571,0.923076923076923,1,1
772,772,GHC,5,1.9,2,1000,2,0.010970115661621,False,1.0,0.8571428571428571,0.923076923076923,1,1
773,773,FCI,5,1.9,2,1000,2,0.0052769184112548,False,0.0,0.0,0.0,0,0
774,774,MIIC,5,1.9,2,1000,3,0.0020399093627929,False,1.0,0.8333333333333334,0.9090909090909092,1,4
775,775,GHC,5,1.9,2,1000,3,0.0106549263000488,False,1.0,0.8333333333333334,0.9090909090909092,1,6
776,776,FCI,5,1.9,2,1000,3,0.0041759014129638,False,0.0,0.0,0.0,0,0
777,777,MIIC,5,1.9,2,1000,4,0.002126932144165,False,1.0,0.7142857142857143,0.8333333333333333,2,2
778,778,GHC,5,1.9,2,1000,4,0.0109720230102539,False,1.0,0.7142857142857143,0.8333333333333333,2,2
779,779,FCI,5,1.9,2,1000,4,0.004457950592041,False,0.0,0.0,0.0,0,0
780,780,MIIC,5,1.9,3,100,0,0.0014600753784179,False,1.0,0.3333333333333333,0.5,4,6
781,781,GHC,5,1.9,3,100,0,0.0099639892578125,False,1.0,0.3333333333333333,0.5,4,6
782,782,FCI,5,1.9,3,100,0,0.0007967948913574,False,1.0,0.1666666666666666,0.2857142857142857,5,6
783,783,MIIC,5,1.9,3,100,1,0.0013031959533691,False,0.0,0.0,0.0,5,5
784,784,GHC,5,1.9,3,100,1,0.0088798999786376,False,0.0,0.0,0.0,5,5
785,785,FCI,5,1.9,3,100,1,0.0007541179656982,False,1.0,0.2,0.3333333333333333,4,4
786,786,MIIC,5,1.9,3,100,2,0.0012919902801513,False,0.5,0.2,0.2857142857142857,5,6
787,787,GHC,5,1.9,3,100,2,0.0099670886993408,False,0.0,0.0,0.0,6,6
788,788,FCI,5,1.9,3,100,2,0.0009040832519531,False,0.5,0.2,0.2857142857142857,5,6
789,789,MIIC,5,1.9,3,100,3,0.0013811588287353,False,1.0,0.3333333333333333,0.5,4,6
790,790,GHC,5,1.9,3,100,3,0.0102152824401855,False,1.0,0.5,0.6666666666666666,3,4
791,791,FCI,5,1.9,3,100,3,0.0012311935424804,False,0.0,0.0,0.0,0,0
792,792,MIIC,5,1.9,3,100,4,0.0013608932495117,False,1.0,0.3333333333333333,0.5,4,4
793,793,GHC,5,1.9,3,100,4,0.0102999210357666,False,1.0,0.3333333333333333,0.5,4,4
794,794,FCI,5,1.9,3,100,4,0.0008351802825927,False,1.0,0.3333333333333333,0.5,4,4
795,795,MIIC,5,1.9,3,250,0,0.0015809535980224,False,1.0,0.6666666666666666,0.8,2,2
796,796,GHC,5,1.9,3,250,0,0.0096170902252197,False,1.0,0.5,0.6666666666666666,3,3
797,797,FCI,5,1.9,3,250,0,0.0019629001617431,False,0.0,0.0,0.0,0,0
798,798,MIIC,5,1.9,3,250,1,0.0016341209411621,False,1.0,0.6666666666666666,0.8,2,2
799,799,GHC,5,1.9,3,250,1,0.0094139575958251,False,1.0,0.5,0.6666666666666666,3,4
800,800,FCI,5,1.9,3,250,1,0.0019490718841552,False,0.0,0.0,0.0,0,0
801,801,MIIC,5,1.9,3,250,2,0.0013301372528076,False,1.0,0.2857142857142857,0.4444444444444445,5,5
802,802,GHC,5,1.9,3,250,2,0.0089631080627441,False,1.0,0.2857142857142857,0.4444444444444445,5,5
803,803,FCI,5,1.9,3,250,2,0.002094030380249,False,0.0,0.0,0.0,0,0
804,804,MIIC,5,1.9,3,250,3,0.0012998580932617,False,1.0,0.5,0.6666666666666666,2,2
805,805,GHC,5,1.9,3,250,3,0.0088789463043212,False,1.0,0.5,0.6666666666666666,2,2
806,806,FCI,5,1.9,3,250,3,0.0007321834564208,False,1.0,0.5,0.6666666666666666,2,2
807,807,MIIC,5,1.9,3,250,4,0.0014190673828125,False,1.0,0.5,0.6666666666666666,3,5
808,808,GHC,5,1.9,3,250,4,0.0093560218811035,False,1.0,0.5,0.6666666666666666,3,5
809,809,FCI,5,1.9,3,250,4,0.0009729862213134,False,0.0,0.0,0.0,0,0
810,810,MIIC,5,1.9,3,500,0,0.0013408660888671,False,1.0,0.2,0.3333333333333333,4,4
811,811,GHC,5,1.9,3,500,0,0.0095500946044921,False,1.0,0.2,0.3333333333333333,4,4
812,812,FCI,5,1.9,3,500,0,0.00095796585083,False,1.0,0.4,0.5714285714285715,3,4
813,813,MIIC,5,1.9,3,500,1,0.0020232200622558,False,1.0,0.7142857142857143,0.8333333333333333,2,2
814,814,GHC,5,1.9,3,500,1,0.0111627578735351,False,1.0,0.7142857142857143,0.8333333333333333,2,2
815,815,FCI,5,1.9,3,500,1,0.0032980442047119,False,0.0,0.0,0.0,0,0
816,816,MIIC,5,1.9,3,500,2,0.0019557476043701,False,1.0,0.8571428571428571,0.923076923076923,1,1
817,817,GHC,5,1.9,3,500,2,0.0109212398529052,False,1.0,0.8571428571428571,0.923076923076923,1,1
818,818,FCI,5,1.9,3,500,2,0.0023918151855468,False,0.0,0.0,0.0,0,0
819,819,MIIC,5,1.9,3,500,3,0.0016310214996337,False,1.0,0.8,0.888888888888889,1,3
820,820,GHC,5,1.9,3,500,3,0.0092940330505371,False,1.0,0.6,0.7499999999999999,2,3
821,821,FCI,5,1.9,3,500,3,0.002187967300415,False,0.0,0.0,0.0,0,0
822,822,MIIC,5,1.9,3,500,4,0.0018870830535888,False,1.0,0.8333333333333334,0.9090909090909092,1,5
823,823,GHC,5,1.9,3,500,4,0.0093839168548583,False,1.0,0.5,0.6666666666666666,3,4
824,824,FCI,5,1.9,3,500,4,0.0029029846191406,False,0.0,0.0,0.0,0,0
825,825,MIIC,5,1.9,3,1000,0,0.0016100406646728,False,1.0,0.75,0.8571428571428571,1,2
826,826,GHC,5,1.9,3,1000,0,0.0094540119171142,False,1.0,0.75,0.8571428571428571,1,2
827,827,FCI,5,1.9,3,1000,0,0.0011680126190185,False,0.0,0.0,0.0,0,0
828,828,MIIC,5,1.9,3,1000,1,0.0019562244415283,False,1.0,0.8333333333333334,0.9090909090909092,1,1
829,829,GHC,5,1.9,3,1000,1,0.0101971626281738,False,1.0,0.8333333333333334,0.9090909090909092,1,1
830,830,FCI,5,1.9,3,1000,1,0.0034658908843994,False,0.0,0.0,0.0,0,0
831,831,MIIC,5,1.9,3,1000,2,0.0018308162689208,False,1.0,0.6666666666666666,0.8,2,4
832,832,GHC,5,1.9,3,1000,2,0.010571002960205,False,1.0,0.6666666666666666,0.8,2,4
833,833,FCI,5,1.9,3,1000,2,0.0040969848632812,False,0.0,0.0,0.0,0,0
834,834,MIIC,5,1.9,3,1000,3,0.0022578239440917,False,1.0,1.0,1.0,0,0
835,835,GHC,5,1.9,3,1000,3,0.0111169815063476,False,1.0,0.8571428571428571,0.923076923076923,1,6
836,836,FCI,5,1.9,3,1000,3,0.0038409233093261,False,0.0,0.0,0.0,0,0
837,837,MIIC,5,1.9,3,1000,4,0.0017070770263671,False,1.0,0.6,0.7499999999999999,2,2
838,838,GHC,5,1.9,3,1000,4,0.0095739364624023,False,1.0,0.8,0.888888888888889,1,5
839,839,FCI,5,1.9,3,1000,4,0.0034828186035156,False,0.0,0.0,0.0,0,0
840,840,MIIC,5,1.9,4,100,0,0.0018787384033203,False,1.0,0.1666666666666666,0.2857142857142857,5,5
841,841,GHC,5,1.9,4,100,0,0.0096592903137207,False,1.0,0.1666666666666666,0.2857142857142857,5,5
842,842,FCI,5,1.9,4,100,0,0.0017869472503662,False,0.0,0.0,0.0,0,0
843,843,MIIC,5,1.9,4,100,1,0.0013988018035888,False,1.0,0.5,0.6666666666666666,2,2
844,844,GHC,5,1.9,4,100,1,0.0099830627441406,False,1.0,0.5,0.6666666666666666,2,2
845,845,FCI,5,1.9,4,100,1,0.0009489059448242,False,1.0,0.25,0.4,3,3
846,846,MIIC,5,1.9,4,100,2,0.0014169216156005,False,1.0,0.25,0.4,6,7
847,847,GHC,5,1.9,4,100,2,0.0100481510162353,False,1.0,0.25,0.4,6,7
848,848,FCI,5,1.9,4,100,2,0.0010378360748291,False,0.0,0.0,0.0,0,0
849,849,MIIC,5,1.9,4,100,3,0.0013651847839355,False,1.0,0.2,0.3333333333333333,4,4
850,850,GHC,5,1.9,4,100,3,0.0097568035125732,False,1.0,0.2,0.3333333333333333,4,4
851,851,FCI,5,1.9,4,100,3,0.0010170936584472,False,1.0,0.4,0.5714285714285715,3,4
852,852,MIIC,5,1.9,4,100,4,0.001321792602539,False,0.5,0.125,0.2,8,8
853,853,GHC,5,1.9,4,100,4,0.0096621513366699,False,1.0,0.125,0.2222222222222222,7,7
854,854,FCI,5,1.9,4,100,4,0.001255989074707,False,0.0,0.0,0.0,0,0
855,855,MIIC,5,1.9,4,250,0,0.0015399456024169,False,1.0,0.2,0.3333333333333333,4,4
856,856,GHC,5,1.9,4,250,0,0.0085487365722656,False,1.0,0.2,0.3333333333333333,4,4
857,857,FCI,5,1.9,4,250,0,0.0009129047393798,False,1.0,0.2,0.3333333333333333,4,4
858,858,MIIC,5,1.9,4,250,1,0.0015931129455566,False,1.0,0.5,0.6666666666666666,2,4
859,859,GHC,5,1.9,4,250,1,0.0090620517730712,False,1.0,0.5,0.6666666666666666,2,4
860,860,FCI,5,1.9,4,250,1,0.001753807067871,False,0.0,0.0,0.0,0,0
861,861,MIIC,5,1.9,4,250,2,0.0016288757324218,False,1.0,0.75,0.8571428571428571,1,2
862,862,GHC,5,1.9,4,250,2,0.0097200870513916,False,1.0,0.75,0.8571428571428571,1,2
863,863,FCI,5,1.9,4,250,2,0.0012707710266113,False,1.0,0.5,0.6666666666666666,2,2
864,864,MIIC,5,1.9,4,250,3,0.0014820098876953,False,1.0,0.75,0.8571428571428571,1,2
865,865,GHC,5,1.9,4,250,3,0.0089137554168701,False,1.0,0.5,0.6666666666666666,2,3
866,866,FCI,5,1.9,4,250,3,0.00164794921875,False,0.0,0.0,0.0,0,0
867,867,MIIC,5,1.9,4,250,4,0.0014958381652832,False,1.0,0.4285714285714285,0.6,4,6
868,868,GHC,5,1.9,4,250,4,0.0109181404113769,False,1.0,0.7142857142857143,0.8333333333333333,2,4
869,869,FCI,5,1.9,4,250,4,0.0023128986358642,False,0.0,0.0,0.0,0,0
870,870,MIIC,5,1.9,4,500,0,0.0019547939300537,False,1.0,1.0,1.0,0,0
871,871,GHC,5,1.9,4,500,0,0.0098371505737304,False,1.0,0.6,0.7499999999999999,2,2
872,872,FCI,5,1.9,4,500,0,0.0027110576629638,False,0.0,0.0,0.0,0,0
873,873,MIIC,5,1.9,4,500,1,0.001688003540039,False,1.0,1.0,1.0,0,0
874,874,GHC,5,1.9,4,500,1,0.0097920894622802,False,1.0,1.0,1.0,0,0
875,875,FCI,5,1.9,4,500,1,0.0019729137420654,False,0.0,0.0,0.0,0,0
876,876,MIIC,5,1.9,4,500,2,0.001755952835083,False,1.0,0.5,0.6666666666666666,3,5
877,877,GHC,5,1.9,4,500,2,0.0108668804168701,False,0.8333333333333334,0.8333333333333334,0.8333333333333334,2,4
878,878,FCI,5,1.9,4,500,2,0.0014848709106445,False,1.0,0.5,0.6666666666666666,3,5
879,879,MIIC,5,1.9,4,500,3,0.0013720989227294,False,1.0,0.2,0.3333333333333333,4,5
880,880,GHC,5,1.9,4,500,3,0.0081110000610351,False,0.0,0.0,0.0,5,5
881,881,FCI,5,1.9,4,500,3,0.0008661746978759,False,1.0,0.4,0.5714285714285715,3,4
882,882,MIIC,5,1.9,4,500,4,0.0015549659729003,False,1.0,0.6,0.7499999999999999,2,4
883,883,GHC,5,1.9,4,500,4,0.008491039276123,False,1.0,0.2,0.3333333333333333,4,4
884,884,FCI,5,1.9,4,500,4,0.0013930797576904,False,0.0,0.0,0.0,0,0
885,885,MIIC,5,1.9,4,1000,0,0.0020649433135986,False,1.0,0.8,0.888888888888889,1,2
886,886,GHC,5,1.9,4,1000,0,0.0098030567169189,False,1.0,0.8,0.888888888888889,1,2
887,887,FCI,5,1.9,4,1000,0,0.0029969215393066,False,0.0,0.0,0.0,0,0
888,888,MIIC,5,1.9,4,1000,1,0.0019199848175048,False,1.0,1.0,1.0,0,0
889,889,GHC,5,1.9,4,1000,1,0.0099909305572509,False,1.0,1.0,1.0,0,0
890,890,FCI,5,1.9,4,1000,1,0.0021309852600097,False,0.0,0.0,0.0,0,0
891,891,MIIC,5,1.9,4,1000,2,0.0020349025726318,False,1.0,1.0,1.0,0,0
892,892,GHC,5,1.9,4,1000,2,0.0111529827117919,False,1.0,1.0,1.0,0,0
893,893,FCI,5,1.9,4,1000,2,0.0036609172821044,False,0.0,0.0,0.0,0,0
894,894,MIIC,5,1.9,4,1000,3,0.0018730163574218,False,1.0,0.5,0.6666666666666666,4,7
895,895,GHC,5,1.9,4,1000,3,0.0107100009918212,False,1.0,0.625,0.7692307692307693,3,5
896,896,FCI,5,1.9,4,1000,3,0.0034501552581787,False,0.0,0.0,0.0,0,0
897,897,MIIC,5,1.9,4,1000,4,0.0018680095672607,False,1.0,1.0,1.0,0,0
898,898,GHC,5,1.9,4,1000,4,0.0113191604614257,False,1.0,1.0,1.0,0,0
899,899,FCI,5,1.9,4,1000,4,0.0028541088104248,False,0.0,0.0,0.0,0,0
900,900,MIIC,10,1.1,2,100,0,0.004518985748291,False,0.7777777777777778,0.7,0.7368421052631577,5,8
901,901,GHC,10,1.1,2,100,0,0.0401990413665771,False,0.875,0.7,0.7777777777777777,4,7
902,902,FCI,10,1.1,2,100,0,0.005666971206665,False,0.0,0.0,0.0,0,0
903,903,MIIC,10,1.1,2,100,1,0.0025100708007812,False,1.0,0.1818181818181818,0.3076923076923077,9,9
904,904,GHC,10,1.1,2,100,1,0.0357680320739746,False,1.0,0.2727272727272727,0.4285714285714285,8,10
905,905,FCI,10,1.1,2,100,1,0.0020229816436767,False,1.0,0.1818181818181818,0.3076923076923077,9,9
906,906,MIIC,10,1.1,2,100,2,0.0043320655822753,False,0.875,0.6363636363636364,0.7368421052631579,5,7
907,907,GHC,10,1.1,2,100,2,0.0394449234008789,False,0.7142857142857143,0.4545454545454545,0.5555555555555556,8,10
908,908,FCI,10,1.1,2,100,2,0.0034339427947998,False,0.0,0.0,0.0,0,0
909,909,MIIC,10,1.1,2,100,3,0.0030159950256347,False,1.0,0.4545454545454545,0.625,6,10
910,910,GHC,10,1.1,2,100,3,0.0375638008117675,False,1.0,0.4545454545454545,0.625,6,10
911,911,FCI,10,1.1,2,100,3,0.0039160251617431,False,0.0,0.0,0.0,0,0
912,912,MIIC,10,1.1,2,100,4,0.0036680698394775,False,0.7142857142857143,0.5,0.588235294117647,7,8
913,913,GHC,10,1.1,2,100,4,0.0398499965667724,False,0.7142857142857143,0.5,0.588235294117647,7,8
914,914,FCI,10,1.1,2,100,4,0.0032572746276855,False,0.0,0.0,0.0,0,0
915,915,MIIC,10,1.1,2,250,0,0.0037910938262939,False,1.0,0.5,0.6666666666666666,5,9
916,916,GHC,10,1.1,2,250,0,0.0381438732147216,False,1.0,0.6,0.7499999999999999,4,9
917,917,FCI,10,1.1,2,250,0,0.0043168067932128,False,0.0,0.0,0.0,0,0
918,918,MIIC,10,1.1,2,250,1,0.0038561820983886,False,1.0,0.6363636363636364,0.7777777777777778,4,6
919,919,GHC,10,1.1,2,250,1,0.0398979187011718,False,0.8888888888888888,0.7272727272727273,0.7999999999999999,4,8
920,920,FCI,10,1.1,2,250,1,0.0043051242828369,False,0.0,0.0,0.0,0,0
921,921,MIIC,10,1.1,2,250,2,0.0054430961608886,False,0.8571428571428571,0.5454545454545454,0.6666666666666665,6,9
922,922,GHC,10,1.1,2,250,2,0.061122179031372,False,0.8571428571428571,0.5454545454545454,0.6666666666666665,6,8
923,923,FCI,10,1.1,2,250,2,0.0030813217163085,False,0.0,0.0,0.0,0,0
924,924,MIIC,10,1.1,2,250,3,0.0032668113708496,False,0.75,0.2727272727272727,0.3999999999999999,9,12
925,925,GHC,10,1.1,2,250,3,0.0371661186218261,False,0.6,0.2727272727272727,0.3749999999999999,10,13
926,926,FCI,10,1.1,2,250,3,0.0022966861724853,False,1.0,0.2727272727272727,0.4285714285714285,8,11
927,927,MIIC,10,1.1,2,250,4,0.0050292015075683,False,0.7142857142857143,0.4545454545454545,0.5555555555555556,8,12
928,928,GHC,10,1.1,2,250,4,0.0447452068328857,False,1.0,0.6363636363636364,0.7777777777777778,4,7
929,929,FCI,10,1.1,2,250,4,0.0036499500274658,False,1.0,0.4545454545454545,0.625,6,9
930,930,MIIC,10,1.1,2,500,0,0.0039780139923095,False,1.0,0.5454545454545454,0.7058823529411764,5,6
931,931,GHC,10,1.1,2,500,0,0.0378990173339843,False,1.0,0.5454545454545454,0.7058823529411764,5,6
932,932,FCI,10,1.1,2,500,0,0.0047090053558349,False,0.0,0.0,0.0,0,0
933,933,MIIC,10,1.1,2,500,1,0.0052669048309326,False,1.0,0.8181818181818182,0.9,2,7
934,934,GHC,10,1.1,2,500,1,0.0434246063232421,False,0.9090909090909092,0.9090909090909092,0.9090909090909092,2,6
935,935,FCI,10,1.1,2,500,1,0.0070130825042724,False,0.0,0.0,0.0,0,0
936,936,MIIC,10,1.1,2,500,2,0.003817081451416,False,0.8,0.3636363636363636,0.5000000000000001,8,12
937,937,GHC,10,1.1,2,500,2,0.0364458560943603,False,1.0,0.4545454545454545,0.625,6,9
938,938,FCI,10,1.1,2,500,2,0.0028848648071289,False,0.0,0.0,0.0,0,0
939,939,MIIC,10,1.1,2,500,3,0.0051770210266113,False,1.0,0.8,0.888888888888889,2,6
940,940,GHC,10,1.1,2,500,3,0.0414719581604003,False,0.9,0.9,0.9,2,6
941,941,FCI,10,1.1,2,500,3,0.0056710243225097,False,0.0,0.0,0.0,0,0
942,942,MIIC,10,1.1,2,500,4,0.0054950714111328,False,0.7777777777777778,0.6363636363636364,0.7000000000000001,6,7
943,943,GHC,10,1.1,2,500,4,0.0442228317260742,False,0.7,0.6363636363636364,0.6666666666666666,7,9
944,944,FCI,10,1.1,2,500,4,0.0065810680389404,False,0.0,0.0,0.0,0,0
945,945,MIIC,10,1.1,2,1000,0,0.0058181285858154,False,1.0,0.7272727272727273,0.8421052631578948,3,5
946,946,GHC,10,1.1,2,1000,0,0.0413150787353515,False,1.0,0.8181818181818182,0.9,2,8
947,947,FCI,10,1.1,2,1000,0,0.0070912837982177,False,0.0,0.0,0.0,0,0
948,948,MIIC,10,1.1,2,1000,1,0.005728006362915,False,1.0,0.8181818181818182,0.9,2,6
949,949,GHC,10,1.1,2,1000,1,0.0450239181518554,False,1.0,0.8181818181818182,0.9,2,3
950,950,FCI,10,1.1,2,1000,1,0.0066587924957275,False,0.0,0.0,0.0,0,0
951,951,MIIC,10,1.1,2,1000,2,0.0047380924224853,False,1.0,0.4545454545454545,0.625,6,10
952,952,GHC,10,1.1,2,1000,2,0.0426869392395019,False,0.8571428571428571,0.5454545454545454,0.6666666666666665,6,12
953,953,FCI,10,1.1,2,1000,2,0.0055718421936035,False,0.0,0.0,0.0,0,0
954,954,MIIC,10,1.1,2,1000,3,0.0052471160888671,False,0.875,0.6363636363636364,0.7368421052631579,5,8
955,955,GHC,10,1.1,2,1000,3,0.0410740375518798,False,1.0,0.6363636363636364,0.7777777777777778,4,6
956,956,FCI,10,1.1,2,1000,3,0.007225751876831,False,0.0,0.0,0.0,0,0
957,957,MIIC,10,1.1,2,1000,4,0.0050599575042724,False,1.0,0.6363636363636364,0.7777777777777778,4,4
958,958,GHC,10,1.1,2,1000,4,0.0407407283782959,False,0.8333333333333334,0.4545454545454545,0.5882352941176471,7,10
959,959,FCI,10,1.1,2,1000,4,0.0043311119079589,False,0.0,0.0,0.0,0,0
960,960,MIIC,10,1.1,3,100,0,0.002875804901123,False,1.0,0.3636363636363636,0.5333333333333333,7,8
961,961,GHC,10,1.1,3,100,0,0.0377728939056396,False,1.0,0.3636363636363636,0.5333333333333333,7,8
962,962,FCI,10,1.1,3,100,0,0.0028028488159179,False,0.0,0.0,0.0,0,0
963,963,MIIC,10,1.1,3,100,1,0.0030548572540283,False,0.75,0.2727272727272727,0.3999999999999999,9,11
964,964,GHC,10,1.1,3,100,1,0.0351459980010986,False,0.5,0.0909090909090909,0.1538461538461538,11,11
965,965,FCI,10,1.1,3,100,1,0.0029408931732177,False,0.0,0.0,0.0,0,0
966,966,MIIC,10,1.1,3,100,2,0.0031130313873291,False,0.8,0.3636363636363636,0.5000000000000001,8,10
967,967,GHC,10,1.1,3,100,2,0.0377349853515625,False,0.8,0.3636363636363636,0.5000000000000001,8,10
968,968,FCI,10,1.1,3,100,2,0.0035829544067382,False,0.0,0.0,0.0,0,0
969,969,MIIC,10,1.1,3,100,3,0.0035779476165771,False,0.8,0.3636363636363636,0.5000000000000001,8,10
970,970,GHC,10,1.1,3,100,3,0.0418441295623779,False,0.7142857142857143,0.4545454545454545,0.5555555555555556,8,10
971,971,FCI,10,1.1,3,100,3,0.0030338764190673,False,0.0,0.0,0.0,0,0
972,972,MIIC,10,1.1,3,100,4,0.0032660961151123,False,0.8,0.3636363636363636,0.5000000000000001,8,9
973,973,GHC,10,1.1,3,100,4,0.0384547710418701,False,1.0,0.4545454545454545,0.625,6,9
974,974,FCI,10,1.1,3,100,4,0.0028328895568847,False,1.0,0.2727272727272727,0.4285714285714285,8,9
975,975,MIIC,10,1.1,3,250,0,0.0035009384155273,False,1.0,0.4545454545454545,0.625,6,8
976,976,GHC,10,1.1,3,250,0,0.0383079051971435,False,1.0,0.5454545454545454,0.7058823529411764,5,6
977,977,FCI,10,1.1,3,250,0,0.0046210289001464,False,0.0,0.0,0.0,0,0
978,978,MIIC,10,1.1,3,250,1,0.0032901763916015,False,1.0,0.4545454545454545,0.625,6,9
979,979,GHC,10,1.1,3,250,1,0.0396831035614013,False,0.8333333333333334,0.4545454545454545,0.5882352941176471,7,10
980,980,FCI,10,1.1,3,250,1,0.0032441616058349,False,0.0,0.0,0.0,0,0
981,981,MIIC,10,1.1,3,250,2,0.0040960311889648,False,1.0,0.6363636363636364,0.7777777777777778,4,7
982,982,GHC,10,1.1,3,250,2,0.042349100112915,False,0.8888888888888888,0.7272727272727273,0.7999999999999999,4,7
983,983,FCI,10,1.1,3,250,2,0.0054540634155273,False,0.0,0.0,0.0,0,0
984,984,MIIC,10,1.1,3,250,3,0.0046539306640625,False,1.0,0.7272727272727273,0.8421052631578948,3,4
985,985,GHC,10,1.1,3,250,3,0.0403721332550048,False,1.0,0.7272727272727273,0.8421052631578948,3,5
986,986,FCI,10,1.1,3,250,3,0.0081679821014404,False,0.0,0.0,0.0,0,0
987,987,MIIC,10,1.1,3,250,4,0.0040509700775146,False,1.0,0.6363636363636364,0.7777777777777778,4,8
988,988,GHC,10,1.1,3,250,4,0.0383789539337158,False,1.0,0.5454545454545454,0.7058823529411764,5,6
989,989,FCI,10,1.1,3,250,4,0.004338264465332,False,0.0,0.0,0.0,0,0
990,990,MIIC,10,1.1,3,500,0,0.0042769908905029,False,1.0,0.7272727272727273,0.8421052631578948,3,4
991,991,GHC,10,1.1,3,500,0,0.0404059886932373,False,1.0,0.7272727272727273,0.8421052631578948,3,4
992,992,FCI,10,1.1,3,500,0,0.00632905960083,False,0.0,0.0,0.0,0,0
993,993,MIIC,10,1.1,3,500,1,0.00335693359375,False,1.0,0.4,0.5714285714285715,6,8
994,994,GHC,10,1.1,3,500,1,0.0366690158843994,False,0.6,0.3,0.4,9,10
995,995,FCI,10,1.1,3,500,1,0.00319504737854,False,0.0,0.0,0.0,0,0
996,996,MIIC,10,1.1,3,500,2,0.0046579837799072,False,1.0,0.6363636363636364,0.7777777777777778,4,7
997,997,GHC,10,1.1,3,500,2,0.0417122840881347,False,1.0,0.8181818181818182,0.9,2,2
998,998,FCI,10,1.1,3,500,2,0.012275218963623,False,0.0,0.0,0.0,0,0
999,999,MIIC,10,1.1,3,500,3,0.0049741268157958,False,1.0,0.8181818181818182,0.9,2,6
1000,1000,GHC,10,1.1,3,500,3,0.041672945022583,False,1.0,0.8181818181818182,0.9,2,6
1001,1001,FCI,10,1.1,3,500,3,0.0147819519042968,False,0.0,0.0,0.0,0,0
1002,1002,MIIC,10,1.1,3,500,4,0.0047531127929687,False,1.0,0.8181818181818182,0.9,2,3
1003,1003,GHC,10,1.1,3,500,4,0.0403571128845214,False,1.0,0.8181818181818182,0.9,2,5
1004,1004,FCI,10,1.1,3,500,4,0.0048639774322509,False,0.0,0.0,0.0,0,0
1005,1005,MIIC,10,1.1,3,1000,0,0.0061917304992675,False,0.9090909090909092,0.9090909090909092,0.9090909090909092,2,4
1006,1006,GHC,10,1.1,3,1000,0,0.0423862934112548,False,0.9,0.8181818181818182,0.8571428571428572,3,5
1007,1007,FCI,10,1.1,3,1000,0,0.0190789699554443,False,0.0,0.0,0.0,0,0
1008,1008,MIIC,10,1.1,3,1000,1,0.006716251373291,False,1.0,1.0,1.0,0,0
1009,1009,GHC,10,1.1,3,1000,1,0.0459668636322021,False,1.0,1.0,1.0,0,0
1010,1010,FCI,10,1.1,3,1000,1,0.0205917358398437,False,0.0,0.0,0.0,0,0
1011,1011,MIIC,10,1.1,3,1000,2,0.0065572261810302,False,0.8888888888888888,0.8,0.8421052631578948,3,5
1012,1012,GHC,10,1.1,3,1000,2,0.0416498184204101,False,0.9,0.9,0.9,2,3
1013,1013,FCI,10,1.1,3,1000,2,0.0158441066741943,False,0.0,0.0,0.0,0,0
1014,1014,MIIC,10,1.1,3,1000,3,0.0040359497070312,False,1.0,0.5,0.6666666666666666,5,5
1015,1015,GHC,10,1.1,3,1000,3,0.0369269847869873,False,1.0,0.4,0.5714285714285715,6,7
1016,1016,FCI,10,1.1,3,1000,3,0.0053589344024658,False,0.0,0.0,0.0,0,0
1017,1017,MIIC,10,1.1,3,1000,4,0.0056540966033935,False,0.8888888888888888,0.7272727272727273,0.7999999999999999,4,10
1018,1018,GHC,10,1.1,3,1000,4,0.0427098274230957,False,1.0,0.9090909090909092,0.9523809523809524,1,5
1019,1019,FCI,10,1.1,3,1000,4,0.0114779472351074,False,0.0,0.0,0.0,0,0
1020,1020,MIIC,10,1.1,4,100,0,0.0032248497009277,False,0.8,0.3636363636363636,0.5000000000000001,8,8
1021,1021,GHC,10,1.1,4,100,0,0.0379998683929443,False,0.75,0.2727272727272727,0.3999999999999999,9,9
1022,1022,FCI,10,1.1,4,100,0,0.0031230449676513,False,0.0,0.0,0.0,0,0
1023,1023,MIIC,10,1.1,4,100,1,0.0045950412750244,False,0.7777777777777778,0.7,0.7368421052631577,5,9
1024,1024,GHC,10,1.1,4,100,1,0.0440819263458251,False,0.7777777777777778,0.7,0.7368421052631577,5,8
1025,1025,FCI,10,1.1,4,100,1,0.0053639411926269,False,0.0,0.0,0.0,0,0
1026,1026,MIIC,10,1.1,4,100,2,0.003450870513916,False,0.8333333333333334,0.4545454545454545,0.5882352941176471,7,8
1027,1027,GHC,10,1.1,4,100,2,0.0387630462646484,False,0.8333333333333334,0.4545454545454545,0.5882352941176471,7,8
1028,1028,FCI,10,1.1,4,100,2,0.0035111904144287,False,0.0,0.0,0.0,0,0
1029,1029,MIIC,10,1.1,4,100,3,0.0030479431152343,False,1.0,0.2727272727272727,0.4285714285714285,8,9
1030,1030,GHC,10,1.1,4,100,3,0.036283254623413,False,0.75,0.2727272727272727,0.3999999999999999,9,10
1031,1031,FCI,10,1.1,4,100,3,0.0028460025787353,False,1.0,0.2727272727272727,0.4285714285714285,8,9
1032,1032,MIIC,10,1.1,4,100,4,0.0031890869140625,False,0.75,0.2727272727272727,0.3999999999999999,9,9
1033,1033,GHC,10,1.1,4,100,4,0.035660982131958,False,0.6666666666666666,0.1818181818181818,0.2857142857142857,10,10
1034,1034,FCI,10,1.1,4,100,4,0.0040900707244873,False,0.0,0.0,0.0,0,0
1035,1035,MIIC,10,1.1,4,250,0,0.0039029121398925,False,1.0,0.5454545454545454,0.7058823529411764,5,9
1036,1036,GHC,10,1.1,4,250,0,0.0366609096527099,False,1.0,0.4545454545454545,0.625,6,11
1037,1037,FCI,10,1.1,4,250,0,0.0040860176086425,False,0.0,0.0,0.0,0,0
1038,1038,MIIC,10,1.1,4,250,1,0.0035099983215332,False,1.0,0.4545454545454545,0.625,6,7
1039,1039,GHC,10,1.1,4,250,1,0.0365209579467773,False,1.0,0.3636363636363636,0.5333333333333333,7,7
1040,1040,FCI,10,1.1,4,250,1,0.0038049221038818,False,0.0,0.0,0.0,0,0
1041,1041,MIIC,10,1.1,4,250,2,0.0037770271301269,False,1.0,0.2727272727272727,0.4285714285714285,8,11
1042,1042,GHC,10,1.1,4,250,2,0.0350561141967773,False,1.0,0.1818181818181818,0.3076923076923077,9,11
1043,1043,FCI,10,1.1,4,250,2,0.0034141540527343,False,0.0,0.0,0.0,0,0
1044,1044,MIIC,10,1.1,4,250,3,0.0034990310668945,False,1.0,0.4545454545454545,0.625,6,10
1045,1045,GHC,10,1.1,4,250,3,0.0366029739379882,False,1.0,0.4545454545454545,0.625,6,10
1046,1046,FCI,10,1.1,4,250,3,0.0030913352966308,False,0.0,0.0,0.0,0,0
1047,1047,MIIC,10,1.1,4,250,4,0.0040969848632812,False,1.0,0.6363636363636364,0.7777777777777778,4,10
1048,1048,GHC,10,1.1,4,250,4,0.0371229648590087,False,1.0,0.5454545454545454,0.7058823529411764,5,8
1049,1049,FCI,10,1.1,4,250,4,0.0052602291107177,False,0.0,0.0,0.0,0,0
1050,1050,MIIC,10,1.1,4,500,0,0.0041189193725585,False,1.0,0.5454545454545454,0.7058823529411764,5,7
1051,1051,GHC,10,1.1,4,500,0,0.0387282371520996,False,0.8571428571428571,0.5454545454545454,0.6666666666666665,6,12
1052,1052,FCI,10,1.1,4,500,0,0.0074129104614257,False,0.0,0.0,0.0,0,0
1053,1053,MIIC,10,1.1,4,500,1,0.0041038990020751,False,1.0,0.5454545454545454,0.7058823529411764,5,9
1054,1054,GHC,10,1.1,4,500,1,0.0395510196685791,False,1.0,0.6363636363636364,0.7777777777777778,4,5
1055,1055,FCI,10,1.1,4,500,1,0.0046119689941406,False,0.0,0.0,0.0,0,0
1056,1056,MIIC,10,1.1,4,500,2,0.0047428607940673,False,0.8571428571428571,0.5454545454545454,0.6666666666666665,6,7
1057,1057,GHC,10,1.1,4,500,2,0.0387001037597656,False,0.8571428571428571,0.5454545454545454,0.6666666666666665,6,8
1058,1058,FCI,10,1.1,4,500,2,0.0139098167419433,False,0.0,0.0,0.0,0,0
1059,1059,MIIC,10,1.1,4,500,3,0.003476858139038,False,1.0,0.3636363636363636,0.5333333333333333,7,9
1060,1060,GHC,10,1.1,4,500,3,0.0368592739105224,False,1.0,0.3636363636363636,0.5333333333333333,7,10
1061,1061,FCI,10,1.1,4,500,3,0.0044710636138916,False,0.0,0.0,0.0,0,0
1062,1062,MIIC,10,1.1,4,500,4,0.0047888755798339,False,1.0,0.8,0.888888888888889,2,5
1063,1063,GHC,10,1.1,4,500,4,0.0396111011505126,False,1.0,0.7,0.8235294117647058,3,5
1064,1064,FCI,10,1.1,4,500,4,0.0081663131713867,False,0.0,0.0,0.0,0,0
1065,1065,MIIC,10,1.1,4,1000,0,0.0050549507141113,False,1.0,0.6363636363636364,0.7777777777777778,4,6
1066,1066,GHC,10,1.1,4,1000,0,0.0434701442718505,False,0.7777777777777778,0.6363636363636364,0.7000000000000001,6,9
1067,1067,FCI,10,1.1,4,1000,0,0.0058679580688476,False,0.0,0.0,0.0,0,0
1068,1068,MIIC,10,1.1,4,1000,1,0.0040171146392822,False,1.0,0.4545454545454545,0.625,6,8
1069,1069,GHC,10,1.1,4,1000,1,0.0393629074096679,False,1.0,0.5454545454545454,0.7058823529411764,5,6
1070,1070,FCI,10,1.1,4,1000,1,0.0071890354156494,False,0.0,0.0,0.0,0,0
1071,1071,MIIC,10,1.1,4,1000,2,0.004335880279541,False,1.0,0.5454545454545454,0.7058823529411764,5,7
1072,1072,GHC,10,1.1,4,1000,2,0.0387067794799804,False,1.0,0.5454545454545454,0.7058823529411764,5,7
1073,1073,FCI,10,1.1,4,1000,2,0.0075199604034423,False,0.0,0.0,0.0,0,0
1074,1074,MIIC,10,1.1,4,1000,3,0.0050220489501953,False,1.0,0.7272727272727273,0.8421052631578948,3,9
1075,1075,GHC,10,1.1,4,1000,3,0.0398519039154052,False,1.0,0.6363636363636364,0.7777777777777778,4,9
1076,1076,FCI,10,1.1,4,1000,3,0.0053577423095703,False,0.0,0.0,0.0,0,0
1077,1077,MIIC,10,1.1,4,1000,4,0.0043120384216308,False,1.0,0.5454545454545454,0.7058823529411764,5,7
1078,1078,GHC,10,1.1,4,1000,4,0.0400261878967285,False,1.0,0.5454545454545454,0.7058823529411764,5,7
1079,1079,FCI,10,1.1,4,1000,4,0.0084660053253173,False,0.0,0.0,0.0,0,0
1080,1080,MIIC,10,1.3,2,100,0,0.0042290687561035,False,0.8333333333333334,0.4166666666666667,0.5555555555555556,8,8
1081,1081,GHC,10,1.3,2,100,0,0.0381331443786621,False,0.8,0.3333333333333333,0.4705882352941176,9,10
1082,1082,FCI,10,1.3,2,100,0,0.0047700405120849,False,0.0,0.0,0.0,0,0
1083,1083,MIIC,10,1.3,2,100,1,0.0034458637237548,False,0.8333333333333334,0.3846153846153846,0.5263157894736842,9,14
1084,1084,GHC,10,1.3,2,100,1,0.0397758483886718,False,0.75,0.4615384615384615,0.5714285714285714,9,13
1085,1085,FCI,10,1.3,2,100,1,0.0025789737701416,False,0.0,0.0,0.0,0,0
1086,1086,MIIC,10,1.3,2,100,2,0.0044381618499755,False,1.0,0.5454545454545454,0.7058823529411764,5,8
1087,1087,GHC,10,1.3,2,100,2,0.0400290489196777,False,1.0,0.5454545454545454,0.7058823529411764,5,8
1088,1088,FCI,10,1.3,2,100,2,0.0043268203735351,False,0.0,0.0,0.0,0,0
1089,1089,MIIC,10,1.3,2,100,3,0.0035839080810546,False,0.8,0.3333333333333333,0.4705882352941176,9,13
1090,1090,GHC,10,1.3,2,100,3,0.0385088920593261,False,0.6666666666666666,0.3333333333333333,0.4444444444444444,10,14
1091,1091,FCI,10,1.3,2,100,3,0.0045220851898193,False,0.0,0.0,0.0,0,0
1092,1092,MIIC,10,1.3,2,100,4,0.003716230392456,False,0.8333333333333334,0.3846153846153846,0.5263157894736842,9,10
1093,1093,GHC,10,1.3,2,100,4,0.0418269634246826,False,0.7142857142857143,0.3846153846153846,0.5,10,15
1094,1094,FCI,10,1.3,2,100,4,0.0041229724884033,False,0.0,0.0,0.0,0,0
1095,1095,MIIC,10,1.3,2,250,0,0.0042469501495361,False,1.0,0.5384615384615384,0.7000000000000001,6,13
1096,1096,GHC,10,1.3,2,250,0,0.0384538173675537,False,1.0,0.4615384615384615,0.631578947368421,7,13
1097,1097,FCI,10,1.3,2,250,0,0.0054290294647216,False,0.0,0.0,0.0,0,0
1098,1098,MIIC,10,1.3,2,250,1,0.0053451061248779,False,0.8888888888888888,0.6153846153846154,0.7272727272727274,6,14
1099,1099,GHC,10,1.3,2,250,1,0.0479826927185058,False,0.8461538461538461,0.8461538461538461,0.8461538461538461,4,11
1100,1100,FCI,10,1.3,2,250,1,0.0073530673980712,False,0.0,0.0,0.0,0,0
1101,1101,MIIC,10,1.3,2,250,2,0.0047647953033447,False,0.7777777777777778,0.5384615384615384,0.6363636363636364,8,13
1102,1102,GHC,10,1.3,2,250,2,0.0390458106994628,False,0.8571428571428571,0.4615384615384615,0.6,8,11
1103,1103,FCI,10,1.3,2,250,2,0.0067420005798339,False,0.0,0.0,0.0,0,0
1104,1104,MIIC,10,1.3,2,250,3,0.0036418437957763,False,1.0,0.4615384615384615,0.631578947368421,7,10
1105,1105,GHC,10,1.3,2,250,3,0.0399839878082275,False,1.0,0.4615384615384615,0.631578947368421,7,10
1106,1106,FCI,10,1.3,2,250,3,0.0031437873840332,False,0.0,0.0,0.0,0,0
1107,1107,MIIC,10,1.3,2,250,4,0.0057222843170166,False,1.0,0.8461538461538461,0.9166666666666666,2,7
1108,1108,GHC,10,1.3,2,250,4,0.0450069904327392,False,0.8181818181818182,0.6923076923076923,0.7500000000000001,6,8
1109,1109,FCI,10,1.3,2,250,4,0.0093677043914794,False,0.0,0.0,0.0,0,0
1110,1110,MIIC,10,1.3,2,500,0,0.0061821937561035,False,1.0,0.7692307692307693,0.8695652173913044,3,7
1111,1111,GHC,10,1.3,2,500,0,0.042165994644165,False,0.8181818181818182,0.6923076923076923,0.7500000000000001,6,13
1112,1112,FCI,10,1.3,2,500,0,0.0165770053863525,False,0.0,0.0,0.0,0,0
1113,1113,MIIC,10,1.3,2,500,1,0.0102598667144775,False,0.9090909090909092,0.7692307692307693,0.8333333333333333,4,6
1114,1114,GHC,10,1.3,2,500,1,0.0449228286743164,False,0.9230769230769232,0.9230769230769232,0.9230769230769232,2,3
1115,1115,FCI,10,1.3,2,500,1,0.0144591331481933,False,0.0,0.0,0.0,0,0
1116,1116,MIIC,10,1.3,2,500,2,0.006725788116455,False,0.9,0.6923076923076923,0.7826086956521738,5,10
1117,1117,GHC,10,1.3,2,500,2,0.0449211597442626,False,0.9,0.6923076923076923,0.7826086956521738,5,8
1118,1118,FCI,10,1.3,2,500,2,0.0126318931579589,False,0.0,0.0,0.0,0,0
1119,1119,MIIC,10,1.3,2,500,3,0.0040268898010253,False,1.0,0.4615384615384615,0.631578947368421,7,12
1120,1120,GHC,10,1.3,2,500,3,0.0399239063262939,False,1.0,0.5384615384615384,0.7000000000000001,6,10
1121,1121,FCI,10,1.3,2,500,3,0.0052700042724609,False,0.0,0.0,0.0,0,0
1122,1122,MIIC,10,1.3,2,500,4,0.0052270889282226,False,0.7,0.5384615384615384,0.608695652173913,9,13
1123,1123,GHC,10,1.3,2,500,4,0.0430572032928466,False,0.75,0.4615384615384615,0.5714285714285714,9,13
1124,1124,FCI,10,1.3,2,500,4,0.0048410892486572,False,0.0,0.0,0.0,0,0
1125,1125,MIIC,10,1.3,2,1000,0,0.0067849159240722,False,1.0,0.8461538461538461,0.9166666666666666,2,4
1126,1126,GHC,10,1.3,2,1000,0,0.0480470657348632,False,0.8,0.9230769230769232,0.8571428571428571,4,14
1127,1127,FCI,10,1.3,2,1000,0,0.0293800830841064,False,0.0,0.0,0.0,0,0
1128,1128,MIIC,10,1.3,2,1000,1,0.0069470405578613,False,1.0,0.7692307692307693,0.8695652173913044,3,3
1129,1129,GHC,10,1.3,2,1000,1,0.0438871383666992,False,1.0,0.8461538461538461,0.9166666666666666,2,2
1130,1130,FCI,10,1.3,2,1000,1,0.0186731815338134,False,0.0,0.0,0.0,0,0
1131,1131,MIIC,10,1.3,2,1000,2,0.0070362091064453,False,1.0,0.6923076923076923,0.8181818181818181,4,5
1132,1132,GHC,10,1.3,2,1000,2,0.0440640449523925,False,0.8333333333333334,0.7692307692307693,0.8,5,10
1133,1133,FCI,10,1.3,2,1000,2,0.0122830867767333,False,0.0,0.0,0.0,0,0
1134,1134,MIIC,10,1.3,2,1000,3,0.005040168762207,False,1.0,0.7272727272727273,0.8421052631578948,3,6
1135,1135,GHC,10,1.3,2,1000,3,0.0406069755554199,False,1.0,0.8181818181818182,0.9,2,2
1136,1136,FCI,10,1.3,2,1000,3,0.0107803344726562,False,0.0,0.0,0.0,0,0
1137,1137,MIIC,10,1.3,2,1000,4,0.006098985671997,False,1.0,0.75,0.8571428571428571,3,6
1138,1138,GHC,10,1.3,2,1000,4,0.0450711250305175,False,0.7692307692307693,0.8333333333333334,0.8,5,13
1139,1139,FCI,10,1.3,2,1000,4,0.0205969810485839,False,0.0,0.0,0.0,0,0
1140,1140,MIIC,10,1.3,3,100,0,0.0035810470581054,False,0.8333333333333334,0.3846153846153846,0.5263157894736842,9,13
1141,1141,GHC,10,1.3,3,100,0,0.0367908477783203,False,1.0,0.3076923076923077,0.4705882352941176,9,13
1142,1142,FCI,10,1.3,3,100,0,0.0036606788635253,False,0.0,0.0,0.0,0,0
1143,1143,MIIC,10,1.3,3,100,1,0.0039598941802978,False,1.0,0.5,0.6666666666666666,6,7
1144,1144,GHC,10,1.3,3,100,1,0.0387420654296875,False,1.0,0.4166666666666667,0.5882352941176471,7,7
1145,1145,FCI,10,1.3,3,100,1,0.0043931007385253,False,0.0,0.0,0.0,0,0
1146,1146,MIIC,10,1.3,3,100,2,0.0032849311828613,False,0.8333333333333334,0.3846153846153846,0.5263157894736842,9,13
1147,1147,GHC,10,1.3,3,100,2,0.039093017578125,False,0.5714285714285714,0.3076923076923077,0.4,12,15
1148,1148,FCI,10,1.3,3,100,2,0.0026712417602539,False,0.0,0.0,0.0,0,0
1149,1149,MIIC,10,1.3,3,100,3,0.002795934677124,False,1.0,0.2307692307692307,0.375,10,11
1150,1150,GHC,10,1.3,3,100,3,0.0361700057983398,False,1.0,0.2307692307692307,0.375,10,11
1151,1151,FCI,10,1.3,3,100,3,0.0030517578125,False,0.0,0.0,0.0,0,0
1152,1152,MIIC,10,1.3,3,100,4,0.002936840057373,False,0.75,0.2307692307692307,0.3529411764705882,11,12
1153,1153,GHC,10,1.3,3,100,4,0.036435842514038,False,0.75,0.2307692307692307,0.3529411764705882,11,12
1154,1154,FCI,10,1.3,3,100,4,0.0029189586639404,False,0.6666666666666666,0.1538461538461538,0.25,12,13
1155,1155,MIIC,10,1.3,3,250,0,0.0055060386657714,False,1.0,0.6923076923076923,0.8181818181818181,4,7
1156,1156,GHC,10,1.3,3,250,0,0.0407948493957519,False,1.0,0.6153846153846154,0.761904761904762,5,7
1157,1157,FCI,10,1.3,3,250,0,0.0069129467010498,False,0.0,0.0,0.0,0,0
1158,1158,MIIC,10,1.3,3,250,1,0.0036609172821044,False,1.0,0.4615384615384615,0.631578947368421,7,8
1159,1159,GHC,10,1.3,3,250,1,0.038863182067871,False,1.0,0.4615384615384615,0.631578947368421,7,8
1160,1160,FCI,10,1.3,3,250,1,0.0054168701171875,False,0.0,0.0,0.0,0,0
1161,1161,MIIC,10,1.3,3,250,2,0.0040757656097412,False,0.8333333333333334,0.3846153846153846,0.5263157894736842,9,9
1162,1162,GHC,10,1.3,3,250,2,0.0384042263031005,False,0.8333333333333334,0.3846153846153846,0.5263157894736842,9,9
1163,1163,FCI,10,1.3,3,250,2,0.0032660961151123,False,1.0,0.3846153846153846,0.5555555555555556,8,8
1164,1164,MIIC,10,1.3,3,250,3,0.0035901069641113,False,0.6,0.2307692307692307,0.3333333333333333,12,14
1165,1165,GHC,10,1.3,3,250,3,0.0390601158142089,False,0.5714285714285714,0.3076923076923077,0.4,12,14
1166,1166,FCI,10,1.3,3,250,3,0.0033302307128906,False,0.0,0.0,0.0,0,0
1167,1167,MIIC,10,1.3,3,250,4,0.0039727687835693,False,1.0,0.5384615384615384,0.7000000000000001,6,11
1168,1168,GHC,10,1.3,3,250,4,0.042245864868164,False,0.8888888888888888,0.6153846153846154,0.7272727272727274,6,10
1169,1169,FCI,10,1.3,3,250,4,0.007112979888916,False,0.0,0.0,0.0,0,0
1170,1170,MIIC,10,1.3,3,500,0,0.0043680667877197,False,1.0,0.4615384615384615,0.631578947368421,7,8
1171,1171,GHC,10,1.3,3,500,0,0.0406458377838134,False,1.0,0.4615384615384615,0.631578947368421,7,8
1172,1172,FCI,10,1.3,3,500,0,0.0053858757019042,False,0.0,0.0,0.0,0,0
1173,1173,MIIC,10,1.3,3,500,1,0.0040209293365478,False,1.0,0.4615384615384615,0.631578947368421,7,9
1174,1174,GHC,10,1.3,3,500,1,0.0385808944702148,False,1.0,0.4615384615384615,0.631578947368421,7,9
1175,1175,FCI,10,1.3,3,500,1,0.0056681632995605,False,0.0,0.0,0.0,0,0
1176,1176,MIIC,10,1.3,3,500,2,0.0054919719696044,False,0.9,0.6923076923076923,0.7826086956521738,5,12
1177,1177,GHC,10,1.3,3,500,2,0.0415172576904296,False,0.875,0.5384615384615384,0.6666666666666667,7,11
1178,1178,FCI,10,1.3,3,500,2,0.0090699195861816,False,0.0,0.0,0.0,0,0
1179,1179,MIIC,10,1.3,3,500,3,0.0047252178192138,False,1.0,0.6153846153846154,0.761904761904762,5,9
1180,1180,GHC,10,1.3,3,500,3,0.0405271053314209,False,0.875,0.5384615384615384,0.6666666666666667,7,11
1181,1181,FCI,10,1.3,3,500,3,0.0082349777221679,False,0.0,0.0,0.0,0,0
1182,1182,MIIC,10,1.3,3,500,4,0.0044841766357421,False,1.0,0.6666666666666666,0.8,4,7
1183,1183,GHC,10,1.3,3,500,4,0.0422420501708984,False,1.0,0.6666666666666666,0.8,4,7
1184,1184,FCI,10,1.3,3,500,4,0.0073349475860595,False,0.0,0.0,0.0,0,0
1185,1185,MIIC,10,1.3,3,1000,0,0.0060288906097412,False,0.9,0.75,0.8181818181818182,4,11
1186,1186,GHC,10,1.3,3,1000,0,0.0434112548828125,False,0.9090909090909092,0.8333333333333334,0.8695652173913043,3,5
1187,1187,FCI,10,1.3,3,1000,0,0.0129148960113525,False,0.0,0.0,0.0,0,0
1188,1188,MIIC,10,1.3,3,1000,1,0.0063199996948242,False,1.0,0.8333333333333334,0.9090909090909092,2,2
1189,1189,GHC,10,1.3,3,1000,1,0.0429358482360839,False,0.9,0.75,0.8181818181818182,4,9
1190,1190,FCI,10,1.3,3,1000,1,0.013538122177124,False,0.0,0.0,0.0,0,0
1191,1191,MIIC,10,1.3,3,1000,2,0.0054030418395996,False,1.0,0.6923076923076923,0.8181818181818181,4,12
1192,1192,GHC,10,1.3,3,1000,2,0.0436429977416992,False,1.0,0.9230769230769232,0.96,1,8
1193,1193,FCI,10,1.3,3,1000,2,0.0117151737213134,False,0.0,0.0,0.0,0,0
1194,1194,MIIC,10,1.3,3,1000,3,0.0077970027923583,False,1.0,1.0,1.0,0,3
1195,1195,GHC,10,1.3,3,1000,3,0.0493741035461425,False,0.9285714285714286,1.0,0.962962962962963,1,8
1196,1196,FCI,10,1.3,3,1000,3,0.0208818912506103,False,0.0,0.0,0.0,0,0
1197,1197,MIIC,10,1.3,3,1000,4,0.0057008266448974,False,0.8888888888888888,0.7272727272727273,0.7999999999999999,4,6
1198,1198,GHC,10,1.3,3,1000,4,0.0416440963745117,False,0.8888888888888888,0.7272727272727273,0.7999999999999999,4,9
1199,1199,FCI,10,1.3,3,1000,4,0.0063502788543701,False,1.0,0.5454545454545454,0.7058823529411764,5,6
1200,1200,MIIC,10,1.3,4,100,0,0.0032351016998291,False,0.6666666666666666,0.1538461538461538,0.25,12,13
1201,1201,GHC,10,1.3,4,100,0,0.0372509956359863,False,0.6666666666666666,0.1538461538461538,0.25,12,13
1202,1202,FCI,10,1.3,4,100,0,0.0023131370544433,False,0.0,0.0,0.0,0,0
1203,1203,MIIC,10,1.3,4,100,1,0.0030500888824462,False,1.0,0.3333333333333333,0.5,8,10
1204,1204,GHC,10,1.3,4,100,1,0.0380198955535888,False,1.0,0.4166666666666667,0.5882352941176471,7,8
1205,1205,FCI,10,1.3,4,100,1,0.0025010108947753,False,0.0,0.0,0.0,0,0
1206,1206,MIIC,10,1.3,4,100,2,0.0024220943450927,False,1.0,0.0769230769230769,0.1428571428571428,12,13
1207,1207,GHC,10,1.3,4,100,2,0.0358819961547851,False,0.6666666666666666,0.1538461538461538,0.25,12,14
1208,1208,FCI,10,1.3,4,100,2,0.0025608539581298,False,0.75,0.2307692307692307,0.3529411764705882,11,13
1209,1209,MIIC,10,1.3,4,100,3,0.0031778812408447,False,1.0,0.3846153846153846,0.5555555555555556,8,11
1210,1210,GHC,10,1.3,4,100,3,0.0366349220275878,False,1.0,0.3076923076923077,0.4705882352941176,9,11
1211,1211,FCI,10,1.3,4,100,3,0.0031969547271728,False,0.0,0.0,0.0,0,0
1212,1212,MIIC,10,1.3,4,100,4,0.0028011798858642,False,1.0,0.1538461538461538,0.2666666666666667,11,11
1213,1213,GHC,10,1.3,4,100,4,0.0339119434356689,False,1.0,0.0769230769230769,0.1428571428571428,12,12
1214,1214,FCI,10,1.3,4,100,4,0.0029802322387695,False,0.0,0.0,0.0,0,0
1215,1215,MIIC,10,1.3,4,250,0,0.004047155380249,False,1.0,0.5,0.6666666666666666,6,7
1216,1216,GHC,10,1.3,4,250,0,0.0381791591644287,False,1.0,0.5833333333333334,0.7368421052631579,5,5
1217,1217,FCI,10,1.3,4,250,0,0.0040478706359863,False,0.0,0.0,0.0,0,0
1218,1218,MIIC,10,1.3,4,250,1,0.0032200813293457,False,1.0,0.3076923076923077,0.4705882352941176,9,11
1219,1219,GHC,10,1.3,4,250,1,0.0385768413543701,False,1.0,0.3076923076923077,0.4705882352941176,9,11
1220,1220,FCI,10,1.3,4,250,1,0.0032939910888671,False,0.0,0.0,0.0,0,0
1221,1221,MIIC,10,1.3,4,250,2,0.0035722255706787,False,1.0,0.3846153846153846,0.5555555555555556,8,9
1222,1222,GHC,10,1.3,4,250,2,0.0356168746948242,False,1.0,0.3076923076923077,0.4705882352941176,9,9
1223,1223,FCI,10,1.3,4,250,2,0.0033988952636718,False,0.0,0.0,0.0,0,0
1224,1224,MIIC,10,1.3,4,250,3,0.0041210651397705,False,1.0,0.5384615384615384,0.7000000000000001,6,8
1225,1225,GHC,10,1.3,4,250,3,0.0404629707336425,False,1.0,0.6153846153846154,0.761904761904762,5,6
1226,1226,FCI,10,1.3,4,250,3,0.0043730735778808,False,0.0,0.0,0.0,0,0
1227,1227,MIIC,10,1.3,4,250,4,0.0034010410308837,False,1.0,0.3846153846153846,0.5555555555555556,8,11
1228,1228,GHC,10,1.3,4,250,4,0.0363838672637939,False,1.0,0.3846153846153846,0.5555555555555556,8,10
1229,1229,FCI,10,1.3,4,250,4,0.0037319660186767,False,0.0,0.0,0.0,0,0
1230,1230,MIIC,10,1.3,4,500,0,0.0041310787200927,False,1.0,0.3846153846153846,0.5555555555555556,8,10
1231,1231,GHC,10,1.3,4,500,0,0.0368218421936035,False,0.8,0.3076923076923077,0.4444444444444444,10,12
1232,1232,FCI,10,1.3,4,500,0,0.0050539970397949,False,0.0,0.0,0.0,0,0
1233,1233,MIIC,10,1.3,4,500,1,0.0037600994110107,False,1.0,0.4166666666666667,0.5882352941176471,7,9
1234,1234,GHC,10,1.3,4,500,1,0.0375010967254638,False,1.0,0.3333333333333333,0.5,8,10
1235,1235,FCI,10,1.3,4,500,1,0.0048928260803222,False,0.0,0.0,0.0,0,0
1236,1236,MIIC,10,1.3,4,500,2,0.0037126541137695,False,1.0,0.4166666666666667,0.5882352941176471,7,8
1237,1237,GHC,10,1.3,4,500,2,0.0352768898010253,False,1.0,0.3333333333333333,0.5,8,8
1238,1238,FCI,10,1.3,4,500,2,0.0045807361602783,False,0.0,0.0,0.0,0,0
1239,1239,MIIC,10,1.3,4,500,3,0.0041348934173583,False,1.0,0.5,0.6666666666666666,6,12
1240,1240,GHC,10,1.3,4,500,3,0.0359768867492675,False,1.0,0.3333333333333333,0.5,8,12
1241,1241,FCI,10,1.3,4,500,3,0.0050158500671386,False,0.0,0.0,0.0,0,0
1242,1242,MIIC,10,1.3,4,500,4,0.0047030448913574,False,1.0,0.6153846153846154,0.761904761904762,5,7
1243,1243,GHC,10,1.3,4,500,4,0.0414161682128906,False,1.0,0.4615384615384615,0.631578947368421,7,9
1244,1244,FCI,10,1.3,4,500,4,0.0063529014587402,False,0.0,0.0,0.0,0,0
1245,1245,MIIC,10,1.3,4,1000,0,0.0051882266998291,False,1.0,0.7272727272727273,0.8421052631578948,3,5
1246,1246,GHC,10,1.3,4,1000,0,0.0439081192016601,False,0.9,0.8181818181818182,0.8571428571428572,3,4
1247,1247,FCI,10,1.3,4,1000,0,0.0121698379516601,False,0.0,0.0,0.0,0,0
1248,1248,MIIC,10,1.3,4,1000,1,0.0067989826202392,False,1.0,0.9230769230769232,0.96,1,2
1249,1249,GHC,10,1.3,4,1000,1,0.043931245803833,False,1.0,0.8461538461538461,0.9166666666666666,2,5
1250,1250,FCI,10,1.3,4,1000,1,0.0169060230255126,False,0.0,0.0,0.0,0,0
1251,1251,MIIC,10,1.3,4,1000,2,0.0058159828186035,False,1.0,0.6923076923076923,0.8181818181818181,4,4
1252,1252,GHC,10,1.3,4,1000,2,0.0411322116851806,False,1.0,0.6153846153846154,0.761904761904762,5,6
1253,1253,FCI,10,1.3,4,1000,2,0.0061588287353515,False,0.0,0.0,0.0,0,0
1254,1254,MIIC,10,1.3,4,1000,3,0.005803108215332,False,1.0,0.7692307692307693,0.8695652173913044,3,9
1255,1255,GHC,10,1.3,4,1000,3,0.0439741611480712,False,1.0,0.9230769230769232,0.96,1,5
1256,1256,FCI,10,1.3,4,1000,3,0.0087199211120605,False,0.0,0.0,0.0,0,0
1257,1257,MIIC,10,1.3,4,1000,4,0.0051608085632324,False,1.0,0.6923076923076923,0.8181818181818181,4,10
1258,1258,GHC,10,1.3,4,1000,4,0.0400950908660888,False,1.0,0.6153846153846154,0.761904761904762,5,11
1259,1259,FCI,10,1.3,4,1000,4,0.0105657577514648,False,0.0,0.0,0.0,0,0
1260,1260,MIIC,10,1.5,2,100,0,0.0030078887939453,False,0.75,0.2,0.3157894736842105,13,14
1261,1261,GHC,10,1.5,2,100,0,0.0359101295471191,False,0.75,0.2,0.3157894736842105,13,16
1262,1262,FCI,10,1.5,2,100,0,0.0027689933776855,False,0.0,0.0,0.0,0,0
1263,1263,MIIC,10,1.5,2,100,1,0.0039258003234863,False,0.625,0.3333333333333333,0.4347826086956521,13,18
1264,1264,GHC,10,1.5,2,100,1,0.0387220382690429,False,0.6666666666666666,0.2666666666666666,0.3809523809523809,13,17
1265,1265,FCI,10,1.5,2,100,1,0.0037569999694824,False,0.0,0.0,0.0,0,0
1266,1266,MIIC,10,1.5,2,100,2,0.0039670467376708,False,0.5,0.2,0.2857142857142857,15,18
1267,1267,GHC,10,1.5,2,100,2,0.0377321243286132,False,0.6666666666666666,0.2666666666666666,0.3809523809523809,13,15
1268,1268,FCI,10,1.5,2,100,2,0.0032281875610351,False,0.0,0.0,0.0,0,0
1269,1269,MIIC,10,1.5,2,100,3,0.0033049583435058,False,1.0,0.3333333333333333,0.5,10,14
1270,1270,GHC,10,1.5,2,100,3,0.0375003814697265,False,1.0,0.2666666666666666,0.4210526315789474,11,14
1271,1271,FCI,10,1.5,2,100,3,0.0033800601959228,False,0.0,0.0,0.0,0,0
1272,1272,MIIC,10,1.5,2,100,4,0.0038809776306152,False,0.875,0.5,0.6363636363636364,8,13
1273,1273,GHC,10,1.5,2,100,4,0.0426340103149414,False,0.6,0.4285714285714285,0.5,12,16
1274,1274,FCI,10,1.5,2,100,4,0.0031769275665283,False,0.0,0.0,0.0,0,0
1275,1275,MIIC,10,1.5,2,250,0,0.0059871673583984,False,0.9166666666666666,0.7333333333333333,0.8148148148148148,5,8
1276,1276,GHC,10,1.5,2,250,0,0.0423309803009033,False,0.9166666666666666,0.7333333333333333,0.8148148148148148,5,9
1277,1277,FCI,10,1.5,2,250,0,0.0104758739471435,False,0.0,0.0,0.0,0,0
1278,1278,MIIC,10,1.5,2,250,1,0.0042421817779541,False,0.7142857142857143,0.3333333333333333,0.4545454545454545,12,15
1279,1279,GHC,10,1.5,2,250,1,0.0433430671691894,False,0.7,0.4666666666666667,0.56,11,18
1280,1280,FCI,10,1.5,2,250,1,0.0036051273345947,False,0.0,0.0,0.0,0,0
1281,1281,MIIC,10,1.5,2,250,2,0.0035600662231445,False,0.8,0.2666666666666666,0.4,12,14
1282,1282,GHC,10,1.5,2,250,2,0.0377430915832519,False,0.7142857142857143,0.3333333333333333,0.4545454545454545,12,15
1283,1283,FCI,10,1.5,2,250,2,0.0035579204559326,False,0.0,0.0,0.0,0,0
1284,1284,MIIC,10,1.5,2,250,3,0.0047638416290283,False,1.0,0.6,0.7499999999999999,6,11
1285,1285,GHC,10,1.5,2,250,3,0.0384418964385986,False,0.8571428571428571,0.4,0.5454545454545455,10,15
1286,1286,FCI,10,1.5,2,250,3,0.0074160099029541,False,0.0,0.0,0.0,0,0
1287,1287,MIIC,10,1.5,2,250,4,0.0036761760711669,False,1.0,0.4,0.5714285714285715,9,11
1288,1288,GHC,10,1.5,2,250,4,0.0382940769195556,False,0.8571428571428571,0.4,0.5454545454545455,10,15
1289,1289,FCI,10,1.5,2,250,4,0.0039398670196533,False,0.0,0.0,0.0,0,0
1290,1290,MIIC,10,1.5,2,500,0,0.0046720504760742,False,1.0,0.6,0.7499999999999999,6,11
1291,1291,GHC,10,1.5,2,500,0,0.0496487617492675,False,0.8,0.5333333333333333,0.64,9,13
1292,1292,FCI,10,1.5,2,500,0,0.005483865737915,False,0.0,0.0,0.0,0,0
1293,1293,MIIC,10,1.5,2,500,1,0.0049140453338623,False,0.875,0.5384615384615384,0.6666666666666667,7,8
1294,1294,GHC,10,1.5,2,500,1,0.0450549125671386,False,0.6153846153846154,0.6153846153846154,0.6153846153846154,10,15
1295,1295,FCI,10,1.5,2,500,1,0.0117478370666503,False,0.0,0.0,0.0,0,0
1296,1296,MIIC,10,1.5,2,500,2,0.0049002170562744,False,0.8888888888888888,0.6153846153846154,0.7272727272727274,6,7
1297,1297,GHC,10,1.5,2,500,2,0.0410568714141845,False,0.7777777777777778,0.5384615384615384,0.6363636363636364,8,10
1298,1298,FCI,10,1.5,2,500,2,0.0080671310424804,False,0.0,0.0,0.0,0,0
1299,1299,MIIC,10,1.5,2,500,3,0.0043699741363525,False,1.0,0.5384615384615384,0.7000000000000001,6,10
1300,1300,GHC,10,1.5,2,500,3,0.0421509742736816,False,0.9090909090909092,0.7692307692307693,0.8333333333333333,4,10
1301,1301,FCI,10,1.5,2,500,3,0.0079329013824462,False,0.0,0.0,0.0,0,0
1302,1302,MIIC,10,1.5,2,500,4,0.0068037509918212,False,1.0,0.7333333333333333,0.846153846153846,4,8
1303,1303,GHC,10,1.5,2,500,4,0.0419769287109375,False,0.9090909090909092,0.6666666666666666,0.7692307692307692,6,12
1304,1304,FCI,10,1.5,2,500,4,0.023465871810913,False,0.0,0.0,0.0,0,0
1305,1305,MIIC,10,1.5,2,1000,0,0.0079970359802246,False,0.9,0.6428571428571429,0.75,6,9
1306,1306,GHC,10,1.5,2,1000,0,0.044011116027832,False,0.9166666666666666,0.7857142857142857,0.8461538461538461,4,6
1307,1307,FCI,10,1.5,2,1000,0,0.0075898170471191,False,0.0,0.0,0.0,0,0
1308,1308,MIIC,10,1.5,2,1000,1,0.005040168762207,False,1.0,0.5333333333333333,0.6956521739130436,7,10
1309,1309,GHC,10,1.5,2,1000,1,0.0418798923492431,False,1.0,0.7333333333333333,0.846153846153846,4,9
1310,1310,FCI,10,1.5,2,1000,1,0.0136640071868896,False,0.0,0.0,0.0,0,0
1311,1311,MIIC,10,1.5,2,1000,2,0.0062630176544189,False,1.0,0.6,0.7499999999999999,6,10
1312,1312,GHC,10,1.5,2,1000,2,0.0430750846862793,False,1.0,0.7333333333333333,0.846153846153846,4,9
1313,1313,FCI,10,1.5,2,1000,2,0.0083997249603271,False,0.0,0.0,0.0,0,0
1314,1314,MIIC,10,1.5,2,1000,3,0.0069420337677001,False,0.9090909090909092,0.6666666666666666,0.7692307692307692,6,11
1315,1315,GHC,10,1.5,2,1000,3,0.0429880619049072,False,0.75,0.6,0.6666666666666665,9,13
1316,1316,FCI,10,1.5,2,1000,3,0.0297141075134277,False,0.0,0.0,0.0,0,0
1317,1317,MIIC,10,1.5,2,1000,4,0.0083053112030029,False,1.0,0.7857142857142857,0.88,3,8
1318,1318,GHC,10,1.5,2,1000,4,0.0442349910736084,False,0.9166666666666666,0.7857142857142857,0.8461538461538461,4,7
1319,1319,FCI,10,1.5,2,1000,4,0.0110058784484863,False,0.0,0.0,0.0,0,0
1320,1320,MIIC,10,1.5,3,100,0,0.0037219524383544,False,0.8571428571428571,0.4,0.5454545454545455,10,15
1321,1321,GHC,10,1.5,3,100,0,0.0388050079345703,False,0.8333333333333334,0.3333333333333333,0.4761904761904761,11,15
1322,1322,FCI,10,1.5,3,100,0,0.0037801265716552,False,0.0,0.0,0.0,0,0
1323,1323,MIIC,10,1.5,3,100,1,0.0042879581451416,False,1.0,0.3333333333333333,0.5,10,15
1324,1324,GHC,10,1.5,3,100,1,0.0385761260986328,False,0.8333333333333334,0.3333333333333333,0.4761904761904761,11,16
1325,1325,FCI,10,1.5,3,100,1,0.0031740665435791,False,1.0,0.2,0.3333333333333333,12,15
1326,1326,MIIC,10,1.5,3,100,2,0.0027580261230468,False,1.0,0.2,0.3333333333333333,12,14
1327,1327,GHC,10,1.5,3,100,2,0.03472900390625,False,1.0,0.1333333333333333,0.2352941176470588,13,15
1328,1328,FCI,10,1.5,3,100,2,0.0027151107788085,False,1.0,0.2,0.3333333333333333,12,14
1329,1329,MIIC,10,1.5,3,100,3,0.0032961368560791,False,0.6666666666666666,0.1333333333333333,0.2222222222222222,14,16
1330,1330,GHC,10,1.5,3,100,3,0.034837007522583,False,0.5,0.0666666666666666,0.1176470588235294,15,16
1331,1331,FCI,10,1.5,3,100,3,0.0037338733673095,False,0.0,0.0,0.0,0,0
1332,1332,MIIC,10,1.5,3,100,4,0.0040960311889648,False,1.0,0.4,0.5714285714285715,9,14
1333,1333,GHC,10,1.5,3,100,4,0.0377109050750732,False,1.0,0.3333333333333333,0.5,10,14
1334,1334,FCI,10,1.5,3,100,4,0.0036830902099609,False,0.0,0.0,0.0,0,0
1335,1335,MIIC,10,1.5,3,250,0,0.0056710243225097,False,0.8,0.5333333333333333,0.64,9,12
1336,1336,GHC,10,1.5,3,250,0,0.0409331321716308,False,0.875,0.4666666666666667,0.608695652173913,9,10
1337,1337,FCI,10,1.5,3,250,0,0.0101351737976074,False,1.0,0.2666666666666666,0.4210526315789474,11,13
1338,1338,MIIC,10,1.5,3,250,1,0.004983901977539,False,1.0,0.6666666666666666,0.8,5,11
1339,1339,GHC,10,1.5,3,250,1,0.0428888797760009,False,0.9,0.6,0.7200000000000001,7,10
1340,1340,FCI,10,1.5,3,250,1,0.0097510814666748,False,1.0,0.1333333333333333,0.2352941176470588,13,15
1341,1341,MIIC,10,1.5,3,250,2,0.0032019615173339,False,1.0,0.2857142857142857,0.4444444444444445,10,14
1342,1342,GHC,10,1.5,3,250,2,0.0385761260986328,False,0.7142857142857143,0.3571428571428571,0.4761904761904762,11,15
1343,1343,FCI,10,1.5,3,250,2,0.0046448707580566,False,0.0,0.0,0.0,0,0
1344,1344,MIIC,10,1.5,3,250,3,0.0048251152038574,False,1.0,0.6428571428571429,0.782608695652174,5,9
1345,1345,GHC,10,1.5,3,250,3,0.0426762104034423,False,1.0,0.7142857142857143,0.8333333333333333,4,5
1346,1346,FCI,10,1.5,3,250,3,0.0050179958343505,False,0.0,0.0,0.0,0,0
1347,1347,MIIC,10,1.5,3,250,4,0.0029361248016357,False,0.6666666666666666,0.1428571428571428,0.2352941176470588,13,14
1348,1348,GHC,10,1.5,3,250,4,0.0320689678192138,False,0.0,0.0,0.0,14,14
1349,1349,FCI,10,1.5,3,250,4,0.0029048919677734,False,0.0,0.0,0.0,0,0
1350,1350,MIIC,10,1.5,3,500,0,0.0053589344024658,False,0.875,0.4666666666666667,0.608695652173913,9,11
1351,1351,GHC,10,1.5,3,500,0,0.041327953338623,False,1.0,0.6,0.7499999999999999,6,10
1352,1352,FCI,10,1.5,3,500,0,0.0066850185394287,False,0.0,0.0,0.0,0,0
1353,1353,MIIC,10,1.5,3,500,1,0.0058047771453857,False,1.0,0.6,0.7499999999999999,6,7
1354,1354,GHC,10,1.5,3,500,1,0.0482399463653564,False,0.9090909090909092,0.6666666666666666,0.7692307692307692,6,11
1355,1355,FCI,10,1.5,3,500,1,0.0099527835845947,False,0.0,0.0,0.0,0,0
1356,1356,MIIC,10,1.5,3,500,2,0.0045981407165527,False,1.0,0.4666666666666667,0.6363636363636364,8,11
1357,1357,GHC,10,1.5,3,500,2,0.0429439544677734,False,1.0,0.5333333333333333,0.6956521739130436,7,9
1358,1358,FCI,10,1.5,3,500,2,0.0059192180633544,False,0.0,0.0,0.0,0,0
1359,1359,MIIC,10,1.5,3,500,3,0.0061349868774414,False,1.0,0.7142857142857143,0.8333333333333333,4,7
1360,1360,GHC,10,1.5,3,500,3,0.0429308414459228,False,1.0,0.7857142857142857,0.88,3,5
1361,1361,FCI,10,1.5,3,500,3,0.0150740146636962,False,0.0,0.0,0.0,0,0
1362,1362,MIIC,10,1.5,3,500,4,0.0052800178527832,False,1.0,0.7142857142857143,0.8333333333333333,4,6
1363,1363,GHC,10,1.5,3,500,4,0.04168701171875,False,1.0,0.7142857142857143,0.8333333333333333,4,6
1364,1364,FCI,10,1.5,3,500,4,0.0097970962524414,False,0.0,0.0,0.0,0,0
1365,1365,MIIC,10,1.5,3,1000,0,0.0058879852294921,False,1.0,0.6,0.7499999999999999,6,9
1366,1366,GHC,10,1.5,3,1000,0,0.0410292148590087,False,1.0,0.6,0.7499999999999999,6,9
1367,1367,FCI,10,1.5,3,1000,0,0.0187678337097167,False,0.0,0.0,0.0,0,0
1368,1368,MIIC,10,1.5,3,1000,1,0.0053341388702392,False,1.0,0.5333333333333333,0.6956521739130436,7,12
1369,1369,GHC,10,1.5,3,1000,1,0.0432841777801513,False,1.0,0.7333333333333333,0.846153846153846,4,5
1370,1370,FCI,10,1.5,3,1000,1,0.013308048248291,False,0.0,0.0,0.0,0,0
1371,1371,MIIC,10,1.5,3,1000,2,0.0073258876800537,False,1.0,0.7857142857142857,0.88,3,9
1372,1372,GHC,10,1.5,3,1000,2,0.0431020259857177,False,1.0,0.7857142857142857,0.88,3,6
1373,1373,FCI,10,1.5,3,1000,2,0.020853042602539,False,0.0,0.0,0.0,0,0
1374,1374,MIIC,10,1.5,3,1000,3,0.0075960159301757,False,1.0,0.6,0.7499999999999999,6,10
1375,1375,GHC,10,1.5,3,1000,3,0.0446231365203857,False,1.0,0.7333333333333333,0.846153846153846,4,5
1376,1376,FCI,10,1.5,3,1000,3,0.0098037719726562,False,0.0,0.0,0.0,0,0
1377,1377,MIIC,10,1.5,3,1000,4,0.0073637962341308,False,0.9090909090909092,0.8333333333333334,0.8695652173913043,3,3
1378,1378,GHC,10,1.5,3,1000,4,0.0441927909851074,False,0.9090909090909092,0.8333333333333334,0.8695652173913043,3,10
1379,1379,FCI,10,1.5,3,1000,4,0.012437105178833,False,0.0,0.0,0.0,0,0
1380,1380,MIIC,10,1.5,4,100,0,0.0029280185699462,False,1.0,0.2,0.3333333333333333,12,14
1381,1381,GHC,10,1.5,4,100,0,0.0353929996490478,False,1.0,0.2,0.3333333333333333,12,12
1382,1382,FCI,10,1.5,4,100,0,0.0037930011749267,False,0.0,0.0,0.0,0,0
1383,1383,MIIC,10,1.5,4,100,1,0.0029420852661132,False,1.0,0.3076923076923077,0.4705882352941176,9,10
1384,1384,GHC,10,1.5,4,100,1,0.0369389057159423,False,1.0,0.3076923076923077,0.4705882352941176,9,10
1385,1385,FCI,10,1.5,4,100,1,0.0028560161590576,False,0.0,0.0,0.0,0,0
1386,1386,MIIC,10,1.5,4,100,2,0.0032010078430175,False,1.0,0.2857142857142857,0.4444444444444445,10,13
1387,1387,GHC,10,1.5,4,100,2,0.0359330177307128,False,1.0,0.1428571428571428,0.25,12,14
1388,1388,FCI,10,1.5,4,100,2,0.0023496150970458,False,0.0,0.0,0.0,0,0
1389,1389,MIIC,10,1.5,4,100,3,0.0033009052276611,False,1.0,0.2,0.3333333333333333,12,13
1390,1390,GHC,10,1.5,4,100,3,0.037600040435791,False,1.0,0.2,0.3333333333333333,12,13
1391,1391,FCI,10,1.5,4,100,3,0.0020537376403808,False,1.0,0.2,0.3333333333333333,12,13
1392,1392,MIIC,10,1.5,4,100,4,0.0028729438781738,False,1.0,0.2142857142857142,0.3529411764705882,11,13
1393,1393,GHC,10,1.5,4,100,4,0.0383398532867431,False,0.75,0.2142857142857142,0.3333333333333333,12,15
1394,1394,FCI,10,1.5,4,100,4,0.0031542778015136,False,0.6666666666666666,0.1428571428571428,0.2352941176470588,13,15
1395,1395,MIIC,10,1.5,4,250,0,0.0038490295410156,False,1.0,0.3846153846153846,0.5555555555555556,8,11
1396,1396,GHC,10,1.5,4,250,0,0.0373711585998535,False,1.0,0.4615384615384615,0.631578947368421,7,8
1397,1397,FCI,10,1.5,4,250,0,0.0034329891204833,False,0.0,0.0,0.0,0,0
1398,1398,MIIC,10,1.5,4,250,1,0.0033338069915771,False,1.0,0.2666666666666666,0.4210526315789474,11,11
1399,1399,GHC,10,1.5,4,250,1,0.0358002185821533,False,1.0,0.2666666666666666,0.4210526315789474,11,11
1400,1400,FCI,10,1.5,4,250,1,0.0028717517852783,False,0.0,0.0,0.0,0,0
1401,1401,MIIC,10,1.5,4,250,2,0.0040597915649414,False,1.0,0.4666666666666667,0.6363636363636364,8,15
1402,1402,GHC,10,1.5,4,250,2,0.0365200042724609,False,1.0,0.3333333333333333,0.5,10,15
1403,1403,FCI,10,1.5,4,250,2,0.0038940906524658,False,0.0,0.0,0.0,0,0
1404,1404,MIIC,10,1.5,4,250,3,0.0043871402740478,False,1.0,0.6153846153846154,0.761904761904762,5,8
1405,1405,GHC,10,1.5,4,250,3,0.0383532047271728,False,1.0,0.5384615384615384,0.7000000000000001,6,11
1406,1406,FCI,10,1.5,4,250,3,0.003918170928955,False,0.0,0.0,0.0,0,0
1407,1407,MIIC,10,1.5,4,250,4,0.0038092136383056,False,1.0,0.3333333333333333,0.5,10,13
1408,1408,GHC,10,1.5,4,250,4,0.0367050170898437,False,1.0,0.3333333333333333,0.5,10,13
1409,1409,FCI,10,1.5,4,250,4,0.005044937133789,False,0.0,0.0,0.0,0,0
1410,1410,MIIC,10,1.5,4,500,0,0.0055072307586669,False,1.0,0.6,0.7499999999999999,6,11
1411,1411,GHC,10,1.5,4,500,0,0.0393140316009521,False,1.0,0.5333333333333333,0.6956521739130436,7,13
1412,1412,FCI,10,1.5,4,500,0,0.0061900615692138,False,0.0,0.0,0.0,0,0
1413,1413,MIIC,10,1.5,4,500,1,0.0051431655883789,False,1.0,0.6,0.7499999999999999,6,7
1414,1414,GHC,10,1.5,4,500,1,0.0434191226959228,False,1.0,0.6,0.7499999999999999,6,7
1415,1415,FCI,10,1.5,4,500,1,0.007087230682373,False,0.0,0.0,0.0,0,0
1416,1416,MIIC,10,1.5,4,500,2,0.0047600269317626,False,1.0,0.5333333333333333,0.6956521739130436,7,12
1417,1417,GHC,10,1.5,4,500,2,0.0411410331726074,False,0.8888888888888888,0.5333333333333333,0.6666666666666667,8,10
1418,1418,FCI,10,1.5,4,500,2,0.0116009712219238,False,0.0,0.0,0.0,0,0
1419,1419,MIIC,10,1.5,4,500,3,0.004936933517456,False,1.0,0.6,0.7499999999999999,6,10
1420,1420,GHC,10,1.5,4,500,3,0.0414340496063232,False,1.0,0.6,0.7499999999999999,6,8
1421,1421,FCI,10,1.5,4,500,3,0.0106189250946044,False,0.0,0.0,0.0,0,0
1422,1422,MIIC,10,1.5,4,500,4,0.0049080848693847,False,1.0,0.5714285714285714,0.7272727272727273,6,9
1423,1423,GHC,10,1.5,4,500,4,0.0417742729187011,False,0.9,0.6428571428571429,0.75,6,10
1424,1424,FCI,10,1.5,4,500,4,0.0078370571136474,False,0.0,0.0,0.0,0,0
1425,1425,MIIC,10,1.5,4,1000,0,0.0058176517486572,False,1.0,0.6153846153846154,0.761904761904762,5,8
1426,1426,GHC,10,1.5,4,1000,0,0.04435396194458,False,0.9,0.6923076923076923,0.7826086956521738,5,12
1427,1427,FCI,10,1.5,4,1000,0,0.0106527805328369,False,0.0,0.0,0.0,0,0
1428,1428,MIIC,10,1.5,4,1000,1,0.00639009475708,False,1.0,0.7142857142857143,0.8333333333333333,4,10
1429,1429,GHC,10,1.5,4,1000,1,0.0428900718688964,False,1.0,0.5,0.6666666666666666,7,12
1430,1430,FCI,10,1.5,4,1000,1,0.0120487213134765,False,0.0,0.0,0.0,0,0
1431,1431,MIIC,10,1.5,4,1000,2,0.0056729316711425,False,1.0,0.6,0.7499999999999999,6,10
1432,1432,GHC,10,1.5,4,1000,2,0.0423610210418701,False,1.0,0.6666666666666666,0.8,5,8
1433,1433,FCI,10,1.5,4,1000,2,0.0176858901977539,False,0.0,0.0,0.0,0,0
1434,1434,MIIC,10,1.5,4,1000,3,0.0057482719421386,False,1.0,0.7692307692307693,0.8695652173913044,3,6
1435,1435,GHC,10,1.5,4,1000,3,0.0443229675292968,False,0.9230769230769232,0.9230769230769232,0.9230769230769232,2,4
1436,1436,FCI,10,1.5,4,1000,3,0.0153758525848388,False,0.0,0.0,0.0,0,0
1437,1437,MIIC,10,1.5,4,1000,4,0.0058910846710205,False,1.0,0.6666666666666666,0.8,5,9
1438,1438,GHC,10,1.5,4,1000,4,0.0415780544281005,False,1.0,0.6,0.7499999999999999,6,11
1439,1439,FCI,10,1.5,4,1000,4,0.0205912590026855,False,0.0,0.0,0.0,0,0
1440,1440,MIIC,10,1.7,2,100,0,0.0029792785644531,False,0.75,0.1764705882352941,0.2857142857142857,15,17
1441,1441,GHC,10,1.7,2,100,0,0.03587007522583,False,1.0,0.1764705882352941,0.3,14,16
1442,1442,FCI,10,1.7,2,100,0,0.0030410289764404,False,0.0,0.0,0.0,0,0
1443,1443,MIIC,10,1.7,2,100,1,0.0037879943847656,False,0.7142857142857143,0.3125,0.4347826086956521,13,18
1444,1444,GHC,10,1.7,2,100,1,0.0412380695343017,False,0.75,0.375,0.5,12,16
1445,1445,FCI,10,1.7,2,100,1,0.0033290386199951,False,0.0,0.0,0.0,0,0
1446,1446,MIIC,10,1.7,2,100,2,0.0045676231384277,False,1.0,0.2941176470588235,0.4545454545454545,12,17
1447,1447,GHC,10,1.7,2,100,2,0.0404469966888427,False,1.0,0.3529411764705882,0.5217391304347826,11,13
1448,1448,FCI,10,1.7,2,100,2,0.0040450096130371,False,0.0,0.0,0.0,0,0
1449,1449,MIIC,10,1.7,2,100,3,0.0039422512054443,False,0.6666666666666666,0.2857142857142857,0.4,12,15
1450,1450,GHC,10,1.7,2,100,3,0.0382091999053955,False,0.75,0.2142857142857142,0.3333333333333333,12,14
1451,1451,FCI,10,1.7,2,100,3,0.0029959678649902,False,0.0,0.0,0.0,0,0
1452,1452,MIIC,10,1.7,2,100,4,0.00319504737854,False,1.0,0.2,0.3333333333333333,12,15
1453,1453,GHC,10,1.7,2,100,4,0.0371928215026855,False,0.5,0.1333333333333333,0.2105263157894737,15,15
1454,1454,FCI,10,1.7,2,100,4,0.0023801326751708,False,0.0,0.0,0.0,0,0
1455,1455,MIIC,10,1.7,2,250,0,0.0059478282928466,False,1.0,0.5294117647058824,0.6923076923076924,8,12
1456,1456,GHC,10,1.7,2,250,0,0.0416598320007324,False,0.9090909090909092,0.5882352941176471,0.7142857142857143,8,14
1457,1457,FCI,10,1.7,2,250,0,0.0077440738677978,False,0.0,0.0,0.0,0,0
1458,1458,MIIC,10,1.7,2,250,1,0.0046470165252685,False,1.0,0.5294117647058824,0.6923076923076924,8,14
1459,1459,GHC,10,1.7,2,250,1,0.0406768321990966,False,1.0,0.5294117647058824,0.6923076923076924,8,11
1460,1460,FCI,10,1.7,2,250,1,0.0067880153656005,False,0.0,0.0,0.0,0,0
1461,1461,MIIC,10,1.7,2,250,2,0.0046350955963134,False,1.0,0.5625,0.72,7,11
1462,1462,GHC,10,1.7,2,250,2,0.0398809909820556,False,1.0,0.5625,0.72,7,9
1463,1463,FCI,10,1.7,2,250,2,0.0090320110321044,False,0.0,0.0,0.0,0,0
1464,1464,MIIC,10,1.7,2,250,3,0.0041010379791259,False,1.0,0.4375,0.6086956521739131,9,16
1465,1465,GHC,10,1.7,2,250,3,0.0429918766021728,False,0.75,0.5625,0.6428571428571429,10,17
1466,1466,FCI,10,1.7,2,250,3,0.0064220428466796,False,0.0,0.0,0.0,0,0
1467,1467,MIIC,10,1.7,2,250,4,0.0047099590301513,False,0.875,0.4666666666666667,0.608695652173913,9,10
1468,1468,GHC,10,1.7,2,250,4,0.0414237976074218,False,0.875,0.4666666666666667,0.608695652173913,9,12
1469,1469,FCI,10,1.7,2,250,4,0.008944034576416,False,0.0,0.0,0.0,0,0
1470,1470,MIIC,10,1.7,2,500,0,0.005368947982788,False,0.8,0.5,0.6153846153846154,10,13
1471,1471,GHC,10,1.7,2,500,0,0.0449717044830322,False,0.8571428571428571,0.75,0.7999999999999999,6,9
1472,1472,FCI,10,1.7,2,500,0,0.0152850151062011,False,0.6666666666666666,0.125,0.2105263157894736,15,16
1473,1473,MIIC,10,1.7,2,500,1,0.0063381195068359,False,0.8888888888888888,0.4705882352941176,0.6153846153846153,10,11
1474,1474,GHC,10,1.7,2,500,1,0.0408511161804199,False,0.8,0.4705882352941176,0.5925925925925927,11,12
1475,1475,FCI,10,1.7,2,500,1,0.0055770874023437,False,0.0,0.0,0.0,0,0
1476,1476,MIIC,10,1.7,2,500,2,0.0046861171722412,False,1.0,0.4117647058823529,0.5833333333333334,10,15
1477,1477,GHC,10,1.7,2,500,2,0.0412909984588623,False,1.0,0.5294117647058824,0.6923076923076924,8,13
1478,1478,FCI,10,1.7,2,500,2,0.0061812400817871,False,0.0,0.0,0.0,0,0
1479,1479,MIIC,10,1.7,2,500,3,0.0050399303436279,False,1.0,0.4666666666666667,0.6363636363636364,8,12
1480,1480,GHC,10,1.7,2,500,3,0.0438699722290039,False,0.8181818181818182,0.6,0.6923076923076923,8,13
1481,1481,FCI,10,1.7,2,500,3,0.008303165435791,False,0.0,0.0,0.0,0,0
1482,1482,MIIC,10,1.7,2,500,4,0.0047967433929443,False,1.0,0.4705882352941176,0.6399999999999999,9,15
1483,1483,GHC,10,1.7,2,500,4,0.0414690971374511,False,1.0,0.5882352941176471,0.7407407407407407,7,11
1484,1484,FCI,10,1.7,2,500,4,0.0095837116241455,False,0.0,0.0,0.0,0,0
1485,1485,MIIC,10,1.7,2,1000,0,0.007807970046997,False,1.0,0.5625,0.72,7,11
1486,1486,GHC,10,1.7,2,1000,0,0.0435550212860107,False,1.0,0.75,0.8571428571428571,4,5
1487,1487,FCI,10,1.7,2,1000,0,0.0203418731689453,False,0.0,0.0,0.0,0,0
1488,1488,MIIC,10,1.7,2,1000,1,0.0075812339782714,False,0.9166666666666666,0.6470588235294118,0.7586206896551724,7,10
1489,1489,GHC,10,1.7,2,1000,1,0.0441999435424804,False,0.9230769230769232,0.7058823529411765,0.8000000000000002,6,9
1490,1490,FCI,10,1.7,2,1000,1,0.0524878501892089,False,0.0,0.0,0.0,0,0
1491,1491,MIIC,10,1.7,2,1000,2,0.0070040225982666,False,1.0,0.7058823529411765,0.8275862068965517,5,10
1492,1492,GHC,10,1.7,2,1000,2,0.0487890243530273,False,0.9333333333333332,0.8235294117647058,0.8749999999999999,4,8
1493,1493,FCI,10,1.7,2,1000,2,0.0190200805664062,False,0.0,0.0,0.0,0,0
1494,1494,MIIC,10,1.7,2,1000,3,0.0064380168914794,False,1.0,0.5882352941176471,0.7407407407407407,7,15
1495,1495,GHC,10,1.7,2,1000,3,0.0451598167419433,False,1.0,0.7647058823529411,0.8666666666666666,4,6
1496,1496,FCI,10,1.7,2,1000,3,0.0203218460083007,False,0.0,0.0,0.0,0,0
1497,1497,MIIC,10,1.7,2,1000,4,0.0050189495086669,False,1.0,0.4705882352941176,0.6399999999999999,9,14
1498,1498,GHC,10,1.7,2,1000,4,0.0433580875396728,False,0.9,0.5294117647058824,0.6666666666666667,9,16
1499,1499,FCI,10,1.7,2,1000,4,0.0097651481628417,False,0.0,0.0,0.0,0,0
1500,1500,MIIC,10,1.7,3,100,0,0.0029559135437011,False,0.6666666666666666,0.1176470588235294,0.2,16,18
1501,1501,GHC,10,1.7,3,100,0,0.0400230884552001,False,0.6666666666666666,0.2352941176470588,0.3478260869565218,15,18
1502,1502,FCI,10,1.7,3,100,0,0.0031781196594238,False,0.0,0.0,0.0,0,0
1503,1503,MIIC,10,1.7,3,100,1,0.0036008358001708,False,0.8333333333333334,0.4166666666666667,0.5555555555555556,8,11
1504,1504,GHC,10,1.7,3,100,1,0.0365619659423828,False,1.0,0.3333333333333333,0.5,8,10
1505,1505,FCI,10,1.7,3,100,1,0.0025041103363037,False,0.0,0.0,0.0,0,0
1506,1506,MIIC,10,1.7,3,100,2,0.0031590461730957,False,1.0,0.2941176470588235,0.4545454545454545,12,16
1507,1507,GHC,10,1.7,3,100,2,0.036618947982788,False,1.0,0.2352941176470588,0.3809523809523809,13,16
1508,1508,FCI,10,1.7,3,100,2,0.0030188560485839,False,0.0,0.0,0.0,0,0
1509,1509,MIIC,10,1.7,3,100,3,0.0029499530792236,False,1.0,0.0666666666666666,0.125,14,14
1510,1510,GHC,10,1.7,3,100,3,0.0352759361267089,False,1.0,0.1333333333333333,0.2352941176470588,13,15
1511,1511,FCI,10,1.7,3,100,3,0.0036530494689941,False,0.0,0.0,0.0,0,0
1512,1512,MIIC,10,1.7,3,100,4,0.0047578811645507,False,1.0,0.5625,0.72,7,9
1513,1513,GHC,10,1.7,3,100,4,0.0438742637634277,False,0.9,0.5625,0.6923076923076923,8,10
1514,1514,FCI,10,1.7,3,100,4,0.0034968852996826,False,0.0,0.0,0.0,0,0
1515,1515,MIIC,10,1.7,3,250,0,0.0041217803955078,False,0.8571428571428571,0.375,0.5217391304347825,11,17
1516,1516,GHC,10,1.7,3,250,0,0.0366168022155761,False,0.8,0.25,0.3809523809523809,13,17
1517,1517,FCI,10,1.7,3,250,0,0.0061466693878173,False,0.0,0.0,0.0,0,0
1518,1518,MIIC,10,1.7,3,250,1,0.0050711631774902,False,1.0,0.5294117647058824,0.6923076923076924,8,13
1519,1519,GHC,10,1.7,3,250,1,0.0397710800170898,False,1.0,0.4705882352941176,0.6399999999999999,9,12
1520,1520,FCI,10,1.7,3,250,1,0.0061697959899902,False,0.0,0.0,0.0,0,0
1521,1521,MIIC,10,1.7,3,250,2,0.0042529106140136,False,1.0,0.375,0.5454545454545454,10,12
1522,1522,GHC,10,1.7,3,250,2,0.0403461456298828,False,1.0,0.5,0.6666666666666666,8,9
1523,1523,FCI,10,1.7,3,250,2,0.0049219131469726,False,0.0,0.0,0.0,0,0
1524,1524,MIIC,10,1.7,3,250,3,0.0044300556182861,False,1.0,0.4375,0.6086956521739131,9,11
1525,1525,GHC,10,1.7,3,250,3,0.0373730659484863,False,1.0,0.3125,0.4761904761904761,11,11
1526,1526,FCI,10,1.7,3,250,3,0.006627082824707,False,1.0,0.25,0.4,12,15
1527,1527,MIIC,10,1.7,3,250,4,0.0032482147216796,False,1.0,0.25,0.4,12,14
1528,1528,GHC,10,1.7,3,250,4,0.0374610424041748,False,0.8,0.25,0.3809523809523809,13,15
1529,1529,FCI,10,1.7,3,250,4,0.0028579235076904,False,0.0,0.0,0.0,0,0
1530,1530,MIIC,10,1.7,3,500,0,0.0052299499511718,False,1.0,0.6666666666666666,0.8,5,12
1531,1531,GHC,10,1.7,3,500,0,0.0477750301361084,False,1.0,0.7333333333333333,0.846153846153846,4,9
1532,1532,FCI,10,1.7,3,500,0,0.0107247829437255,False,0.0,0.0,0.0,0,0
1533,1533,MIIC,10,1.7,3,500,1,0.0048639774322509,False,1.0,0.5625,0.72,7,10
1534,1534,GHC,10,1.7,3,500,1,0.0422618389129638,False,1.0,0.625,0.7692307692307693,6,9
1535,1535,FCI,10,1.7,3,500,1,0.0092360973358154,False,0.0,0.0,0.0,0,0
1536,1536,MIIC,10,1.7,3,500,2,0.0063700675964355,False,1.0,0.6,0.7499999999999999,6,10
1537,1537,GHC,10,1.7,3,500,2,0.0446188449859619,False,1.0,0.8,0.888888888888889,3,4
1538,1538,FCI,10,1.7,3,500,2,0.0101099014282226,False,0.0,0.0,0.0,0,0
1539,1539,MIIC,10,1.7,3,500,3,0.0051867961883544,False,1.0,0.6,0.7499999999999999,6,9
1540,1540,GHC,10,1.7,3,500,3,0.0391678810119628,False,0.8571428571428571,0.4,0.5454545454545455,10,15
1541,1541,FCI,10,1.7,3,500,3,0.0052859783172607,False,0.0,0.0,0.0,0,0
1542,1542,MIIC,10,1.7,3,500,4,0.0056760311126708,False,1.0,0.625,0.7692307692307693,6,8
1543,1543,GHC,10,1.7,3,500,4,0.0442092418670654,False,0.9090909090909092,0.625,0.7407407407407406,7,14
1544,1544,FCI,10,1.7,3,500,4,0.006868839263916,False,0.0,0.0,0.0,0,0
1545,1545,MIIC,10,1.7,3,1000,0,0.0056252479553222,False,1.0,0.4705882352941176,0.6399999999999999,9,14
1546,1546,GHC,10,1.7,3,1000,0,0.0431540012359619,False,0.9,0.5294117647058824,0.6666666666666667,9,12
1547,1547,FCI,10,1.7,3,1000,0,0.0075180530548095,False,0.0,0.0,0.0,0,0
1548,1548,MIIC,10,1.7,3,1000,1,0.0052630901336669,False,1.0,0.4705882352941176,0.6399999999999999,9,12
1549,1549,GHC,10,1.7,3,1000,1,0.0436069965362548,False,0.8181818181818182,0.5294117647058824,0.6428571428571428,10,13
1550,1550,FCI,10,1.7,3,1000,1,0.0126709938049316,False,0.0,0.0,0.0,0,0
1551,1551,MIIC,10,1.7,3,1000,2,0.0071020126342773,False,0.9230769230769232,0.75,0.8275862068965517,5,13
1552,1552,GHC,10,1.7,3,1000,2,0.0461301803588867,False,1.0,0.8125,0.896551724137931,3,8
1553,1553,FCI,10,1.7,3,1000,2,0.0243451595306396,False,0.0,0.0,0.0,0,0
1554,1554,MIIC,10,1.7,3,1000,3,0.0076220035552978,False,1.0,0.7058823529411765,0.8275862068965517,5,12
1555,1555,GHC,10,1.7,3,1000,3,0.0505931377410888,False,1.0,0.8235294117647058,0.9032258064516128,3,7
1556,1556,FCI,10,1.7,3,1000,3,0.0418910980224609,False,0.0,0.0,0.0,0,0
1557,1557,MIIC,10,1.7,3,1000,4,0.0098569393157958,False,1.0,0.8235294117647058,0.9032258064516128,3,9
1558,1558,GHC,10,1.7,3,1000,4,0.0471329689025878,False,0.9333333333333332,0.8235294117647058,0.8749999999999999,4,5
1559,1559,FCI,10,1.7,3,1000,4,0.0371801853179931,False,0.0,0.0,0.0,0,0
1560,1560,MIIC,10,1.7,4,100,0,0.0032110214233398,False,1.0,0.25,0.4,12,13
1561,1561,GHC,10,1.7,4,100,0,0.0373580455780029,False,1.0,0.25,0.4,12,13
1562,1562,FCI,10,1.7,4,100,0,0.003788948059082,False,0.0,0.0,0.0,0,0
1563,1563,MIIC,10,1.7,4,100,1,0.0030736923217773,False,1.0,0.2352941176470588,0.3809523809523809,13,14
1564,1564,GHC,10,1.7,4,100,1,0.0378832817077636,False,1.0,0.2941176470588235,0.4545454545454545,12,12
1565,1565,FCI,10,1.7,4,100,1,0.0026979446411132,False,0.0,0.0,0.0,0,0
1566,1566,MIIC,10,1.7,4,100,2,0.0035436153411865,False,1.0,0.2352941176470588,0.3809523809523809,13,16
1567,1567,GHC,10,1.7,4,100,2,0.0361831188201904,False,1.0,0.1764705882352941,0.3,14,17
1568,1568,FCI,10,1.7,4,100,2,0.0033168792724609,False,0.0,0.0,0.0,0,0
1569,1569,MIIC,10,1.7,4,100,3,0.0036087036132812,False,0.8333333333333334,0.2941176470588235,0.4347826086956522,13,15
1570,1570,GHC,10,1.7,4,100,3,0.0388691425323486,False,0.8,0.2352941176470588,0.3636363636363636,14,16
1571,1571,FCI,10,1.7,4,100,3,0.0036900043487548,False,0.0,0.0,0.0,0,0
1572,1572,MIIC,10,1.7,4,100,4,0.00297212600708,False,1.0,0.25,0.4,9,10
1573,1573,GHC,10,1.7,4,100,4,0.0348410606384277,False,1.0,0.1666666666666666,0.2857142857142857,10,10
1574,1574,FCI,10,1.7,4,100,4,0.0030579566955566,False,0.0,0.0,0.0,0,0
1575,1575,MIIC,10,1.7,4,250,0,0.0032248497009277,False,1.0,0.25,0.4,12,14
1576,1576,GHC,10,1.7,4,250,0,0.0362191200256347,False,1.0,0.1875,0.3157894736842105,13,14
1577,1577,FCI,10,1.7,4,250,0,0.0028579235076904,False,0.0,0.0,0.0,0,0
1578,1578,MIIC,10,1.7,4,250,1,0.0032269954681396,False,1.0,0.2352941176470588,0.3809523809523809,13,15
1579,1579,GHC,10,1.7,4,250,1,0.0358178615570068,False,1.0,0.2352941176470588,0.3809523809523809,13,15
1580,1580,FCI,10,1.7,4,250,1,0.002821922302246,False,0.0,0.0,0.0,0,0
1581,1581,MIIC,10,1.7,4,250,2,0.004507303237915,False,1.0,0.6153846153846154,0.761904761904762,5,12
1582,1582,GHC,10,1.7,4,250,2,0.0390381813049316,False,1.0,0.4615384615384615,0.631578947368421,7,12
1583,1583,FCI,10,1.7,4,250,2,0.0048010349273681,False,0.0,0.0,0.0,0,0
1584,1584,MIIC,10,1.7,4,250,3,0.0035598278045654,False,1.0,0.2941176470588235,0.4545454545454545,12,17
1585,1585,GHC,10,1.7,4,250,3,0.0373189449310302,False,1.0,0.3529411764705882,0.5217391304347826,11,15
1586,1586,FCI,10,1.7,4,250,3,0.0036909580230712,False,0.0,0.0,0.0,0,0
1587,1587,MIIC,10,1.7,4,250,4,0.0048828125,False,0.875,0.4117647058823529,0.56,11,13
1588,1588,GHC,10,1.7,4,250,4,0.0388851165771484,False,1.0,0.4117647058823529,0.5833333333333334,10,13
1589,1589,FCI,10,1.7,4,250,4,0.0050480365753173,False,0.0,0.0,0.0,0,0
1590,1590,MIIC,10,1.7,4,500,0,0.00307297706604,False,1.0,0.2142857142857142,0.3529411764705882,11,13
1591,1591,GHC,10,1.7,4,500,0,0.0365509986877441,False,1.0,0.3571428571428571,0.5263157894736842,9,11
1592,1592,FCI,10,1.7,4,500,0,0.0033118724822998,False,0.0,0.0,0.0,0,0
1593,1593,MIIC,10,1.7,4,500,1,0.0047290325164794,False,1.0,0.4117647058823529,0.5833333333333334,10,16
1594,1594,GHC,10,1.7,4,500,1,0.0417799949645996,False,1.0,0.4117647058823529,0.5833333333333334,10,16
1595,1595,FCI,10,1.7,4,500,1,0.0080258846282958,False,0.0,0.0,0.0,0,0
1596,1596,MIIC,10,1.7,4,500,2,0.0036008358001708,False,1.0,0.2352941176470588,0.3809523809523809,13,17
1597,1597,GHC,10,1.7,4,500,2,0.036931037902832,False,1.0,0.2941176470588235,0.4545454545454545,12,13
1598,1598,FCI,10,1.7,4,500,2,0.0049037933349609,False,0.0,0.0,0.0,0,0
1599,1599,MIIC,10,1.7,4,500,3,0.0035009384155273,False,1.0,0.25,0.4,12,15
1600,1600,GHC,10,1.7,4,500,3,0.0376849174499511,False,0.75,0.1875,0.3,14,16
1601,1601,FCI,10,1.7,4,500,3,0.0054619312286376,False,0.0,0.0,0.0,0,0
1602,1602,MIIC,10,1.7,4,500,4,0.0040309429168701,False,1.0,0.4117647058823529,0.5833333333333334,10,16
1603,1603,GHC,10,1.7,4,500,4,0.0373950004577636,False,0.8333333333333334,0.2941176470588235,0.4347826086956522,13,17
1604,1604,FCI,10,1.7,4,500,4,0.005281925201416,False,0.0,0.0,0.0,0,0
1605,1605,MIIC,10,1.7,4,1000,0,0.0077528953552246,False,1.0,0.7647058823529411,0.8666666666666666,4,5
1606,1606,GHC,10,1.7,4,1000,0,0.0466728210449218,False,1.0,0.7058823529411765,0.8275862068965517,5,6
1607,1607,FCI,10,1.7,4,1000,0,0.0196008682250976,False,0.0,0.0,0.0,0,0
1608,1608,MIIC,10,1.7,4,1000,1,0.0060329437255859,False,1.0,0.7142857142857143,0.8333333333333333,4,6
1609,1609,GHC,10,1.7,4,1000,1,0.0414278507232666,False,1.0,0.5714285714285714,0.7272727272727273,6,9
1610,1610,FCI,10,1.7,4,1000,1,0.0160038471221923,False,0.0,0.0,0.0,0,0
1611,1611,MIIC,10,1.7,4,1000,2,0.005821943283081,False,1.0,0.7142857142857143,0.8333333333333333,4,9
1612,1612,GHC,10,1.7,4,1000,2,0.042252779006958,False,1.0,0.5714285714285714,0.7272727272727273,6,12
1613,1613,FCI,10,1.7,4,1000,2,0.0126960277557373,False,0.0,0.0,0.0,0,0
1614,1614,MIIC,10,1.7,4,1000,3,0.0056226253509521,False,1.0,0.5294117647058824,0.6923076923076924,8,12
1615,1615,GHC,10,1.7,4,1000,3,0.0450191497802734,False,1.0,0.5294117647058824,0.6923076923076924,8,12
1616,1616,FCI,10,1.7,4,1000,3,0.0133631229400634,False,0.0,0.0,0.0,0,0
1617,1617,MIIC,10,1.7,4,1000,4,0.008955955505371,False,1.0,0.8235294117647058,0.9032258064516128,3,4
1618,1618,GHC,10,1.7,4,1000,4,0.044450044631958,False,1.0,0.7647058823529411,0.8666666666666666,4,5
1619,1619,FCI,10,1.7,4,1000,4,0.0275931358337402,False,0.0,0.0,0.0,0,0
1620,1620,MIIC,10,1.9,2,100,0,0.0061590671539306,False,0.7777777777777778,0.4117647058823529,0.5384615384615384,12,17
1621,1621,GHC,10,1.9,2,100,0,0.0445137023925781,False,0.9090909090909092,0.5882352941176471,0.7142857142857143,8,16
1622,1622,FCI,10,1.9,2,100,0,0.0069210529327392,False,0.0,0.0,0.0,0,0
1623,1623,MIIC,10,1.9,2,100,1,0.0046677589416503,False,1.0,0.3684210526315789,0.5384615384615384,12,13
1624,1624,GHC,10,1.9,2,100,1,0.0420529842376709,False,0.875,0.3684210526315789,0.5185185185185185,13,13
1625,1625,FCI,10,1.9,2,100,1,0.0044116973876953,False,0.0,0.0,0.0,0,0
1626,1626,MIIC,10,1.9,2,100,2,0.0028510093688964,False,1.0,0.1176470588235294,0.2105263157894736,15,15
1627,1627,GHC,10,1.9,2,100,2,0.0333280563354492,False,1.0,0.0588235294117647,0.1111111111111111,16,17
1628,1628,FCI,10,1.9,2,100,2,0.0023329257965087,False,0.0,0.0,0.0,0,0
1629,1629,MIIC,10,1.9,2,100,3,0.0046539306640625,False,0.8888888888888888,0.4210526315789473,0.5714285714285714,12,15
1630,1630,GHC,10,1.9,2,100,3,0.0429799556732177,False,0.8888888888888888,0.4210526315789473,0.5714285714285714,12,15
1631,1631,FCI,10,1.9,2,100,3,0.0040733814239501,False,0.0,0.0,0.0,0,0
1632,1632,MIIC,10,1.9,2,100,4,0.0044312477111816,False,0.8888888888888888,0.4705882352941176,0.6153846153846153,10,11
1633,1633,GHC,10,1.9,2,100,4,0.0440270900726318,False,0.9,0.5294117647058824,0.6666666666666667,9,15
1634,1634,FCI,10,1.9,2,100,4,0.0039789676666259,False,0.0,0.0,0.0,0,0
1635,1635,MIIC,10,1.9,2,250,0,0.0041050910949707,False,0.8,0.2666666666666666,0.4,12,15
1636,1636,GHC,10,1.9,2,250,0,0.0406172275543212,False,0.8,0.5333333333333333,0.64,9,14
1637,1637,FCI,10,1.9,2,250,0,0.0043339729309082,False,0.0,0.0,0.0,0,0
1638,1638,MIIC,10,1.9,2,250,1,0.0046577453613281,False,0.8571428571428571,0.3333333333333333,0.48,13,17
1639,1639,GHC,10,1.9,2,250,1,0.0399470329284668,False,1.0,0.4444444444444444,0.6153846153846153,10,13
1640,1640,FCI,10,1.9,2,250,1,0.0034151077270507,False,0.0,0.0,0.0,0,0
1641,1641,MIIC,10,1.9,2,250,2,0.0032672882080078,False,0.75,0.2142857142857142,0.3333333333333333,12,13
1642,1642,GHC,10,1.9,2,250,2,0.0366971492767334,False,0.75,0.2142857142857142,0.3333333333333333,12,13
1643,1643,FCI,10,1.9,2,250,2,0.0026309490203857,False,0.0,0.0,0.0,0,0
1644,1644,MIIC,10,1.9,2,250,3,0.0039191246032714,False,1.0,0.3333333333333333,0.5,12,16
1645,1645,GHC,10,1.9,2,250,3,0.0379648208618164,False,1.0,0.3888888888888889,0.56,11,16
1646,1646,FCI,10,1.9,2,250,3,0.0042390823364257,False,1.0,0.1666666666666666,0.2857142857142857,15,17
1647,1647,MIIC,10,1.9,2,250,4,0.0057489871978759,False,0.8,0.4210526315789473,0.5517241379310345,13,18
1648,1648,GHC,10,1.9,2,250,4,0.041694164276123,False,0.9166666666666666,0.5789473684210527,0.7096774193548387,9,12
1649,1649,FCI,10,1.9,2,250,4,0.0045208930969238,False,0.0,0.0,0.0,0,0
1650,1650,MIIC,10,1.9,2,500,0,0.0066299438476562,False,1.0,0.5789473684210527,0.7333333333333334,8,14
1651,1651,GHC,10,1.9,2,500,0,0.0445837974548339,False,0.9285714285714286,0.6842105263157895,0.7878787878787878,7,12
1652,1652,FCI,10,1.9,2,500,0,0.0271248817443847,False,0.0,0.0,0.0,0,0
1653,1653,MIIC,10,1.9,2,500,1,0.0048651695251464,False,1.0,0.4705882352941176,0.6399999999999999,9,14
1654,1654,GHC,10,1.9,2,500,1,0.0451340675354003,False,0.8333333333333334,0.5882352941176471,0.6896551724137931,9,14
1655,1655,FCI,10,1.9,2,500,1,0.0069789886474609,False,0.0,0.0,0.0,0,0
1656,1656,MIIC,10,1.9,2,500,2,0.006152868270874,False,1.0,0.5,0.6666666666666666,9,14
1657,1657,GHC,10,1.9,2,500,2,0.0448219776153564,False,0.8333333333333334,0.5555555555555556,0.6666666666666667,10,17
1658,1658,FCI,10,1.9,2,500,2,0.0106961727142333,False,0.0,0.0,0.0,0,0
1659,1659,MIIC,10,1.9,2,500,3,0.0064897537231445,False,0.9090909090909092,0.5263157894736842,0.6666666666666666,10,16
1660,1660,GHC,10,1.9,2,500,3,0.0444459915161132,False,1.0,0.631578947368421,0.7741935483870968,7,14
1661,1661,FCI,10,1.9,2,500,3,0.016423225402832,False,0.0,0.0,0.0,0,0
1662,1662,MIIC,10,1.9,2,500,4,0.006537914276123,False,0.9090909090909092,0.5263157894736842,0.6666666666666666,10,13
1663,1663,GHC,10,1.9,2,500,4,0.0438771247863769,False,0.6666666666666666,0.5263157894736842,0.5882352941176471,14,22
1664,1664,FCI,10,1.9,2,500,4,0.0165009498596191,False,0.0,0.0,0.0,0,0
1665,1665,MIIC,10,1.9,2,1000,0,0.0084002017974853,False,1.0,0.631578947368421,0.7741935483870968,7,12
1666,1666,GHC,10,1.9,2,1000,0,0.0508179664611816,False,0.8235294117647058,0.7368421052631579,0.7777777777777778,8,19
1667,1667,FCI,10,1.9,2,1000,0,0.0721619129180908,False,0.0,0.0,0.0,0,0
1668,1668,MIIC,10,1.9,2,1000,1,0.0075139999389648,False,1.0,0.631578947368421,0.7741935483870968,7,10
1669,1669,GHC,10,1.9,2,1000,1,0.0468380451202392,False,0.9285714285714286,0.6842105263157895,0.7878787878787878,7,12
1670,1670,FCI,10,1.9,2,1000,1,0.0433020591735839,False,0.0,0.0,0.0,0,0
1671,1671,MIIC,10,1.9,2,1000,2,0.005422830581665,False,0.8888888888888888,0.5714285714285714,0.6956521739130435,7,8
1672,1672,GHC,10,1.9,2,1000,2,0.0466558933258056,False,0.8,0.5714285714285714,0.6666666666666666,8,10
1673,1673,FCI,10,1.9,2,1000,2,0.0195651054382324,False,0.0,0.0,0.0,0,0
1674,1674,MIIC,10,1.9,2,1000,3,0.00791597366333,False,1.0,0.7058823529411765,0.8275862068965517,5,8
1675,1675,GHC,10,1.9,2,1000,3,0.0467357635498046,False,0.8,0.7058823529411765,0.7500000000000001,8,19
1676,1676,FCI,10,1.9,2,1000,3,0.036653995513916,False,0.0,0.0,0.0,0,0
1677,1677,MIIC,10,1.9,2,1000,4,0.0081262588500976,False,1.0,0.6470588235294118,0.7857142857142858,6,13
1678,1678,GHC,10,1.9,2,1000,4,0.0502979755401611,False,1.0,0.8823529411764706,0.9375,2,5
1679,1679,FCI,10,1.9,2,1000,4,0.0527868270874023,False,0.0,0.0,0.0,0,0
1680,1680,MIIC,10,1.9,3,100,0,0.0044548511505126,False,0.875,0.3684210526315789,0.5185185185185185,13,17
1681,1681,GHC,10,1.9,3,100,0,0.0397009849548339,False,0.8571428571428571,0.3157894736842105,0.4615384615384615,14,17
1682,1682,FCI,10,1.9,3,100,0,0.0041708946228027,False,0.0,0.0,0.0,0,0
1683,1683,MIIC,10,1.9,3,100,1,0.0035111904144287,False,1.0,0.1764705882352941,0.3,14,15
1684,1684,GHC,10,1.9,3,100,1,0.0419309139251709,False,1.0,0.2352941176470588,0.3809523809523809,13,13
1685,1685,FCI,10,1.9,3,100,1,0.0038070678710937,False,0.0,0.0,0.0,0,0
1686,1686,MIIC,10,1.9,3,100,2,0.005361795425415,False,0.7,0.3684210526315789,0.4827586206896551,15,19
1687,1687,GHC,10,1.9,3,100,2,0.0410890579223632,False,0.7777777777777778,0.3684210526315789,0.5,14,18
1688,1688,FCI,10,1.9,3,100,2,0.0038368701934814,False,0.0,0.0,0.0,0,0
1689,1689,MIIC,10,1.9,3,100,3,0.0032930374145507,False,1.0,0.2666666666666666,0.4210526315789474,11,15
1690,1690,GHC,10,1.9,3,100,3,0.0355761051177978,False,1.0,0.2,0.3333333333333333,12,15
1691,1691,FCI,10,1.9,3,100,3,0.0047831535339355,False,0.0,0.0,0.0,0,0
1692,1692,MIIC,10,1.9,3,100,4,0.0034539699554443,False,1.0,0.4,0.5714285714285715,9,14
1693,1693,GHC,10,1.9,3,100,4,0.0359988212585449,False,1.0,0.2,0.3333333333333333,12,14
1694,1694,FCI,10,1.9,3,100,4,0.0039029121398925,False,0.0,0.0,0.0,0,0
1695,1695,MIIC,10,1.9,3,250,0,0.0048348903656005,False,0.8888888888888888,0.4210526315789473,0.5714285714285714,12,16
1696,1696,GHC,10,1.9,3,250,0,0.043572187423706,False,0.8,0.4210526315789473,0.5517241379310345,13,17
1697,1697,FCI,10,1.9,3,250,0,0.0038709640502929,False,1.0,0.2105263157894736,0.3478260869565217,15,19
1698,1698,MIIC,10,1.9,3,250,1,0.003462791442871,False,1.0,0.2777777777777778,0.4347826086956522,13,15
1699,1699,GHC,10,1.9,3,250,1,0.0348029136657714,False,1.0,0.1111111111111111,0.1999999999999999,16,16
1700,1700,FCI,10,1.9,3,250,1,0.0040278434753417,False,0.0,0.0,0.0,0,0
1701,1701,MIIC,10,1.9,3,250,2,0.0047929286956787,False,1.0,0.3684210526315789,0.5384615384615384,12,14
1702,1702,GHC,10,1.9,3,250,2,0.0383470058441162,False,1.0,0.3684210526315789,0.5384615384615384,12,16
1703,1703,FCI,10,1.9,3,250,2,0.0053400993347167,False,0.0,0.0,0.0,0,0
1704,1704,MIIC,10,1.9,3,250,3,0.0048427581787109,False,0.8888888888888888,0.4210526315789473,0.5714285714285714,12,14
1705,1705,GHC,10,1.9,3,250,3,0.0402839183807373,False,0.875,0.3684210526315789,0.5185185185185185,13,20
1706,1706,FCI,10,1.9,3,250,3,0.0057489871978759,False,0.0,0.0,0.0,0,0
1707,1707,MIIC,10,1.9,3,250,4,0.0034630298614501,False,1.0,0.2777777777777778,0.4347826086956522,13,17
1708,1708,GHC,10,1.9,3,250,4,0.0379660129547119,False,1.0,0.2777777777777778,0.4347826086956522,13,17
1709,1709,FCI,10,1.9,3,250,4,0.0035881996154785,False,0.0,0.0,0.0,0,0
1710,1710,MIIC,10,1.9,3,500,0,0.0046021938323974,False,1.0,0.4444444444444444,0.6153846153846153,10,15
1711,1711,GHC,10,1.9,3,500,0,0.0402553081512451,False,1.0,0.5,0.6666666666666666,9,11
1712,1712,FCI,10,1.9,3,500,0,0.0091140270233154,False,0.0,0.0,0.0,0,0
1713,1713,MIIC,10,1.9,3,500,1,0.0053560733795166,False,1.0,0.5,0.6666666666666666,9,13
1714,1714,GHC,10,1.9,3,500,1,0.0405077934265136,False,1.0,0.4444444444444444,0.6153846153846153,10,15
1715,1715,FCI,10,1.9,3,500,1,0.0121898651123046,False,0.0,0.0,0.0,0,0
1716,1716,MIIC,10,1.9,3,500,2,0.0047030448913574,False,1.0,0.4444444444444444,0.6153846153846153,10,15
1717,1717,GHC,10,1.9,3,500,2,0.0366420745849609,False,1.0,0.2777777777777778,0.4347826086956522,13,15
1718,1718,FCI,10,1.9,3,500,2,0.0065979957580566,False,0.0,0.0,0.0,0,0
1719,1719,MIIC,10,1.9,3,500,3,0.0053308010101318,False,1.0,0.5294117647058824,0.6923076923076924,8,13
1720,1720,GHC,10,1.9,3,500,3,0.0422258377075195,False,1.0,0.5294117647058824,0.6923076923076924,8,13
1721,1721,FCI,10,1.9,3,500,3,0.0089070796966552,False,0.0,0.0,0.0,0,0
1722,1722,MIIC,10,1.9,3,500,4,0.0045781135559082,False,1.0,0.5333333333333333,0.6956521739130436,7,12
1723,1723,GHC,10,1.9,3,500,4,0.040010929107666,False,1.0,0.6,0.7499999999999999,6,11
1724,1724,FCI,10,1.9,3,500,4,0.0085439682006835,False,0.0,0.0,0.0,0,0
1725,1725,MIIC,10,1.9,3,1000,0,0.0089390277862548,False,1.0,0.8888888888888888,0.9411764705882352,2,2
1726,1726,GHC,10,1.9,3,1000,0,0.0454049110412597,False,0.9333333333333332,0.7777777777777778,0.8484848484848485,5,12
1727,1727,FCI,10,1.9,3,1000,0,0.0273869037628173,False,0.0,0.0,0.0,0,0
1728,1728,MIIC,10,1.9,3,1000,1,0.0087101459503173,False,0.9285714285714286,0.6842105263157895,0.7878787878787878,7,9
1729,1729,GHC,10,1.9,3,1000,1,0.0431320667266845,False,0.9230769230769232,0.631578947368421,0.7499999999999999,8,14
1730,1730,FCI,10,1.9,3,1000,1,0.0318899154663085,False,0.0,0.0,0.0,0,0
1731,1731,MIIC,10,1.9,3,1000,2,0.00860595703125,False,1.0,0.7777777777777778,0.8750000000000001,4,18
1732,1732,GHC,10,1.9,3,1000,2,0.0453977584838867,False,1.0,0.7222222222222222,0.8387096774193548,5,8
1733,1733,FCI,10,1.9,3,1000,2,0.0274019241333007,False,0.0,0.0,0.0,0,0
1734,1734,MIIC,10,1.9,3,1000,3,0.0061771869659423,False,1.0,0.5263157894736842,0.6896551724137931,9,15
1735,1735,GHC,10,1.9,3,1000,3,0.044325828552246,False,0.9166666666666666,0.5789473684210527,0.7096774193548387,9,12
1736,1736,FCI,10,1.9,3,1000,3,0.0133240222930908,False,0.0,0.0,0.0,0,0
1737,1737,MIIC,10,1.9,3,1000,4,0.0053808689117431,False,1.0,0.4444444444444444,0.6153846153846153,10,14
1738,1738,GHC,10,1.9,3,1000,4,0.0437438488006591,False,1.0,0.5,0.6666666666666666,9,14
1739,1739,FCI,10,1.9,3,1000,4,0.0137319564819335,False,0.0,0.0,0.0,0,0
1740,1740,MIIC,10,1.9,4,100,0,0.0029220581054687,False,1.0,0.1666666666666666,0.2857142857142857,15,17
1741,1741,GHC,10,1.9,4,100,0,0.0362639427185058,False,1.0,0.1666666666666666,0.2857142857142857,15,17
1742,1742,FCI,10,1.9,4,100,0,0.0027167797088623,False,0.0,0.0,0.0,0,0
1743,1743,MIIC,10,1.9,4,100,1,0.0028102397918701,False,1.0,0.1875,0.3157894736842105,13,13
1744,1744,GHC,10,1.9,4,100,1,0.0350048542022705,False,1.0,0.125,0.2222222222222222,14,14
1745,1745,FCI,10,1.9,4,100,1,0.0026700496673583,False,0.0,0.0,0.0,0,0
1746,1746,MIIC,10,1.9,4,100,2,0.0025110244750976,False,1.0,0.1052631578947368,0.1904761904761905,17,17
1747,1747,GHC,10,1.9,4,100,2,0.0362870693206787,False,1.0,0.1052631578947368,0.1904761904761905,17,17
1748,1748,FCI,10,1.9,4,100,2,0.0022389888763427,False,0.0,0.0,0.0,0,0
1749,1749,MIIC,10,1.9,4,100,3,0.003152847290039,False,0.8,0.2105263157894736,0.3333333333333333,16,17
1750,1750,GHC,10,1.9,4,100,3,0.0370841026306152,False,0.75,0.1578947368421052,0.2608695652173913,17,18
1751,1751,FCI,10,1.9,4,100,3,0.0027048587799072,False,0.0,0.0,0.0,0,0
1752,1752,MIIC,10,1.9,4,100,4,0.0033230781555175,False,1.0,0.25,0.4,12,13
1753,1753,GHC,10,1.9,4,100,4,0.0366168022155761,False,1.0,0.25,0.4,12,13
1754,1754,FCI,10,1.9,4,100,4,0.0040390491485595,False,0.0,0.0,0.0,0,0
1755,1755,MIIC,10,1.9,4,250,0,0.0031771659851074,False,1.0,0.2352941176470588,0.3809523809523809,13,15
1756,1756,GHC,10,1.9,4,250,0,0.0355341434478759,False,1.0,0.2352941176470588,0.3809523809523809,13,15
1757,1757,FCI,10,1.9,4,250,0,0.0039210319519042,False,0.0,0.0,0.0,0,0
1758,1758,MIIC,10,1.9,4,250,1,0.0039072036743164,False,0.8333333333333334,0.2631578947368421,0.3999999999999999,15,16
1759,1759,GHC,10,1.9,4,250,1,0.0400722026824951,False,0.7142857142857143,0.2631578947368421,0.3846153846153846,16,19
1760,1760,FCI,10,1.9,4,250,1,0.0039160251617431,False,0.0,0.0,0.0,0,0
1761,1761,MIIC,10,1.9,4,250,2,0.0030310153961181,False,1.0,0.1578947368421052,0.2727272727272727,16,16
1762,1762,GHC,10,1.9,4,250,2,0.0345141887664794,False,1.0,0.1578947368421052,0.2727272727272727,16,16
1763,1763,FCI,10,1.9,4,250,2,0.0031709671020507,False,0.0,0.0,0.0,0,0
1764,1764,MIIC,10,1.9,4,250,3,0.0034937858581542,False,1.0,0.2631578947368421,0.4166666666666667,14,17
1765,1765,GHC,10,1.9,4,250,3,0.0392689704895019,False,1.0,0.3684210526315789,0.5384615384615384,12,15
1766,1766,FCI,10,1.9,4,250,3,0.0035798549652099,False,0.0,0.0,0.0,0,0
1767,1767,MIIC,10,1.9,4,250,4,0.0034339427947998,False,1.0,0.2105263157894736,0.3478260869565217,15,16
1768,1768,GHC,10,1.9,4,250,4,0.0365519523620605,False,1.0,0.2631578947368421,0.4166666666666667,14,17
1769,1769,FCI,10,1.9,4,250,4,0.0039498805999755,False,0.0,0.0,0.0,0,0
1770,1770,MIIC,10,1.9,4,500,0,0.0029981136322021,False,1.0,0.1052631578947368,0.1904761904761905,17,19
1771,1771,GHC,10,1.9,4,500,0,0.0340180397033691,False,1.0,0.1052631578947368,0.1904761904761905,17,17
1772,1772,FCI,10,1.9,4,500,0,0.0041079521179199,False,0.0,0.0,0.0,0,0
1773,1773,MIIC,10,1.9,4,500,1,0.0055148601531982,False,1.0,0.5294117647058824,0.6923076923076924,8,17
1774,1774,GHC,10,1.9,4,500,1,0.0436320304870605,False,0.7777777777777778,0.4117647058823529,0.5384615384615384,12,18
1775,1775,FCI,10,1.9,4,500,1,0.0137579441070556,False,0.0,0.0,0.0,0,0
1776,1776,MIIC,10,1.9,4,500,2,0.0047991275787353,False,1.0,0.4705882352941176,0.6399999999999999,9,12
1777,1777,GHC,10,1.9,4,500,2,0.040295124053955,False,1.0,0.4117647058823529,0.5833333333333334,10,12
1778,1778,FCI,10,1.9,4,500,2,0.0069899559020996,False,0.0,0.0,0.0,0,0
1779,1779,MIIC,10,1.9,4,500,3,0.0051140785217285,False,1.0,0.4736842105263157,0.6428571428571429,10,15
1780,1780,GHC,10,1.9,4,500,3,0.0405499935150146,False,0.875,0.3684210526315789,0.5185185185185185,13,16
1781,1781,FCI,10,1.9,4,500,3,0.0083887577056884,False,0.0,0.0,0.0,0,0
1782,1782,MIIC,10,1.9,4,500,4,0.0050339698791503,False,1.0,0.4210526315789473,0.5925925925925926,11,11
1783,1783,GHC,10,1.9,4,500,4,0.0410501956939697,False,0.8888888888888888,0.4210526315789473,0.5714285714285714,12,19
1784,1784,FCI,10,1.9,4,500,4,0.0086886882781982,False,0.0,0.0,0.0,0,0
1785,1785,MIIC,10,1.9,4,1000,0,0.0084590911865234,False,0.9285714285714286,0.8125,0.8666666666666666,4,8
1786,1786,GHC,10,1.9,4,1000,0,0.0490241050720214,False,0.9285714285714286,0.8125,0.8666666666666666,4,8
1787,1787,FCI,10,1.9,4,1000,0,0.035006046295166,False,0.0,0.0,0.0,0,0
1788,1788,MIIC,10,1.9,4,1000,1,0.0049548149108886,False,1.0,0.3684210526315789,0.5384615384615384,12,14
1789,1789,GHC,10,1.9,4,1000,1,0.0454840660095214,False,0.8,0.4210526315789473,0.5517241379310345,13,18
1790,1790,FCI,10,1.9,4,1000,1,0.0130198001861572,False,0.0,0.0,0.0,0,0
1791,1791,MIIC,10,1.9,4,1000,2,0.0059010982513427,False,1.0,0.5625,0.72,7,10
1792,1792,GHC,10,1.9,4,1000,2,0.0424470901489257,False,0.9090909090909092,0.625,0.7407407407407406,7,14
1793,1793,FCI,10,1.9,4,1000,2,0.0125429630279541,False,0.0,0.0,0.0,0,0
1794,1794,MIIC,10,1.9,4,1000,3,0.0043420791625976,False,1.0,0.3157894736842105,0.4799999999999999,13,15
1795,1795,GHC,10,1.9,4,1000,3,0.0381979942321777,False,1.0,0.2631578947368421,0.4166666666666667,14,15
1796,1796,FCI,10,1.9,4,1000,3,0.013491153717041,False,0.0,0.0,0.0,0,0
1797,1797,MIIC,10,1.9,4,1000,4,0.004580020904541,False,1.0,0.2941176470588235,0.4545454545454545,12,14
1798,1798,GHC,10,1.9,4,1000,4,0.0403308868408203,False,1.0,0.2941176470588235,0.4545454545454545,12,14
1799,1799,FCI,10,1.9,4,1000,4,0.0085020065307617,False,0.0,0.0,0.0,0,0
1800,1800,MIIC,15,1.1,2,100,0,0.0066978931427001,False,0.5,0.25,0.3333333333333333,16,16
1801,1801,GHC,15,1.1,2,100,0,0.0857279300689697,False,0.6666666666666666,0.25,0.3636363636363636,14,14
1802,1802,FCI,15,1.1,2,100,0,0.0070288181304931,False,0.0,0.0,0.0,0,0
1803,1803,MIIC,15,1.1,2,100,1,0.0080788135528564,False,0.75,0.5625,0.6428571428571429,10,14
1804,1804,GHC,15,1.1,2,100,1,0.0943171977996826,False,0.6666666666666666,0.625,0.6451612903225806,11,16
1805,1805,FCI,15,1.1,2,100,1,0.0084359645843505,False,0.0,0.0,0.0,0,0
1806,1806,MIIC,15,1.1,2,100,2,0.0077021121978759,False,0.4545454545454545,0.3125,0.3703703703703703,17,19
1807,1807,GHC,15,1.1,2,100,2,0.09222412109375,False,0.4444444444444444,0.25,0.32,17,18
1808,1808,FCI,15,1.1,2,100,2,0.0073847770690917,False,0.0,0.0,0.0,0,0
1809,1809,MIIC,15,1.1,2,100,3,0.0063159465789794,False,0.5,0.25,0.3333333333333333,16,18
1810,1810,GHC,15,1.1,2,100,3,0.0927810668945312,False,0.4,0.25,0.3076923076923077,18,22
1811,1811,FCI,15,1.1,2,100,3,0.0066168308258056,False,0.0,0.0,0.0,0,0
1812,1812,MIIC,15,1.1,2,100,4,0.0070388317108154,False,0.6666666666666666,0.375,0.4800000000000001,13,16
1813,1813,GHC,15,1.1,2,100,4,0.0871119499206543,False,0.5555555555555556,0.3125,0.3999999999999999,15,18
1814,1814,FCI,15,1.1,2,100,4,0.0077350139617919,False,0.0,0.0,0.0,0,0
1815,1815,MIIC,15,1.1,2,250,0,0.0094211101531982,False,0.7692307692307693,0.625,0.6896551724137931,9,13
1816,1816,GHC,15,1.1,2,250,0,0.1875488758087158,False,0.8333333333333334,0.625,0.7142857142857143,8,15
1817,1817,FCI,15,1.1,2,250,0,0.0118911266326904,False,0.0,0.0,0.0,0,0
1818,1818,MIIC,15,1.1,2,250,1,0.0086572170257568,False,0.5833333333333334,0.4666666666666667,0.5185185185185186,13,15
1819,1819,GHC,15,1.1,2,250,1,0.087001085281372,False,0.7777777777777778,0.4666666666666667,0.5833333333333334,10,14
1820,1820,FCI,15,1.1,2,250,1,0.0069122314453125,False,0.0,0.0,0.0,0,0
1821,1821,MIIC,15,1.1,2,250,2,0.0073950290679931,False,0.9,0.5625,0.6923076923076923,8,11
1822,1822,GHC,15,1.1,2,250,2,0.0880398750305175,False,0.8181818181818182,0.5625,0.6666666666666666,9,15
1823,1823,FCI,15,1.1,2,250,2,0.0093441009521484,False,0.0,0.0,0.0,0,0
1824,1824,MIIC,15,1.1,2,250,3,0.0111057758331298,False,1.0,0.6875,0.8148148148148148,5,11
1825,1825,GHC,15,1.1,2,250,3,0.0903608798980712,False,1.0,0.6875,0.8148148148148148,5,11
1826,1826,FCI,15,1.1,2,250,3,0.0103559494018554,False,0.0,0.0,0.0,0,0
1827,1827,MIIC,15,1.1,2,250,4,0.0080111026763916,False,0.5555555555555556,0.3125,0.3999999999999999,15,18
1828,1828,GHC,15,1.1,2,250,4,0.0888152122497558,False,0.6,0.375,0.4615384615384615,14,18
1829,1829,FCI,15,1.1,2,250,4,0.0069618225097656,False,0.0,0.0,0.0,0,0
1830,1830,MIIC,15,1.1,2,500,0,0.0072238445281982,False,1.0,0.5,0.6666666666666666,8,12
1831,1831,GHC,15,1.1,2,500,0,0.083392858505249,False,1.0,0.5,0.6666666666666666,8,10
1832,1832,FCI,15,1.1,2,500,0,0.012538194656372,False,0.0,0.0,0.0,0,0
1833,1833,MIIC,15,1.1,2,500,1,0.0091698169708251,False,1.0,0.625,0.7692307692307693,6,7
1834,1834,GHC,15,1.1,2,500,1,0.0875089168548584,False,1.0,0.625,0.7692307692307693,6,7
1835,1835,FCI,15,1.1,2,500,1,0.0100579261779785,False,0.0,0.0,0.0,0,0
1836,1836,MIIC,15,1.1,2,500,2,0.0090558528900146,False,0.75,0.5625,0.6428571428571429,10,15
1837,1837,GHC,15,1.1,2,500,2,0.0949640274047851,False,0.6923076923076923,0.5625,0.6206896551724138,11,19
1838,1838,FCI,15,1.1,2,500,2,0.0160310268402099,False,0.0,0.0,0.0,0,0
1839,1839,MIIC,15,1.1,2,500,3,0.0103306770324707,False,0.8461538461538461,0.6875,0.7586206896551724,7,16
1840,1840,GHC,15,1.1,2,500,3,0.0911910533905029,False,1.0,0.6875,0.8148148148148148,5,9
1841,1841,FCI,15,1.1,2,500,3,0.0129859447479248,False,0.0,0.0,0.0,0,0
1842,1842,MIIC,15,1.1,2,500,4,0.0102450847625732,False,0.8333333333333334,0.625,0.7142857142857143,8,15
1843,1843,GHC,15,1.1,2,500,4,0.0949928760528564,False,0.6666666666666666,0.625,0.6451612903225806,11,18
1844,1844,FCI,15,1.1,2,500,4,0.013016939163208,False,0.0,0.0,0.0,0,0
1845,1845,MIIC,15,1.1,2,1000,0,0.0132040977478027,False,0.9285714285714286,0.8125,0.8666666666666666,4,4
1846,1846,GHC,15,1.1,2,1000,0,0.0995740890502929,False,0.8571428571428571,0.75,0.7999999999999999,6,8
1847,1847,FCI,15,1.1,2,1000,0,0.0418910980224609,False,0.0,0.0,0.0,0,0
1848,1848,MIIC,15,1.1,2,1000,1,0.0105631351470947,False,1.0,0.5625,0.72,7,15
1849,1849,GHC,15,1.1,2,1000,1,0.0936152935028076,False,1.0,0.75,0.8571428571428571,4,9
1850,1850,FCI,15,1.1,2,1000,1,0.0123562812805175,False,0.0,0.0,0.0,0,0
1851,1851,MIIC,15,1.1,2,1000,2,0.0124480724334716,False,1.0,0.875,0.9333333333333332,2,6
1852,1852,GHC,15,1.1,2,1000,2,0.113765001296997,False,0.7894736842105263,0.9375,0.8571428571428572,5,9
1853,1853,FCI,15,1.1,2,1000,2,0.0327560901641845,False,0.0,0.0,0.0,0,0
1854,1854,MIIC,15,1.1,2,1000,3,0.0137751102447509,False,1.0,0.9375,0.967741935483871,1,4
1855,1855,GHC,15,1.1,2,1000,3,0.1089341640472412,False,0.8333333333333334,0.9375,0.8823529411764706,4,15
1856,1856,FCI,15,1.1,2,1000,3,0.0195310115814209,False,0.0,0.0,0.0,0,0
1857,1857,MIIC,15,1.1,2,1000,4,0.0088598728179931,False,0.9,0.5625,0.6923076923076923,8,12
1858,1858,GHC,15,1.1,2,1000,4,0.0902490615844726,False,0.9090909090909092,0.625,0.7407407407407406,7,10
1859,1859,FCI,15,1.1,2,1000,4,0.0115823745727539,False,0.0,0.0,0.0,0,0
1860,1860,MIIC,15,1.1,3,100,0,0.0060710906982421,False,0.7142857142857143,0.3125,0.4347826086956521,13,17
1861,1861,GHC,15,1.1,3,100,0,0.0825238227844238,False,0.8,0.25,0.3809523809523809,13,16
1862,1862,FCI,15,1.1,3,100,0,0.0080409049987792,False,0.0,0.0,0.0,0,0
1863,1863,MIIC,15,1.1,3,100,1,0.0057249069213867,False,0.8333333333333334,0.3125,0.4545454545454545,12,17
1864,1864,GHC,15,1.1,3,100,1,0.0854878425598144,False,0.7142857142857143,0.3125,0.4347826086956521,13,18
1865,1865,FCI,15,1.1,3,100,1,0.0082058906555175,False,0.0,0.0,0.0,0,0
1866,1866,MIIC,15,1.1,3,100,2,0.0082430839538574,False,0.8181818181818182,0.5625,0.6666666666666666,9,17
1867,1867,GHC,15,1.1,3,100,2,0.092160940170288,False,0.8,0.5,0.6153846153846154,10,18
1868,1868,FCI,15,1.1,3,100,2,0.007059097290039,False,0.0,0.0,0.0,0,0
1869,1869,MIIC,15,1.1,3,100,3,0.0067226886749267,False,0.8888888888888888,0.5,0.64,9,15
1870,1870,GHC,15,1.1,3,100,3,0.0912892818450927,False,0.5384615384615384,0.4375,0.4827586206896552,15,22
1871,1871,FCI,15,1.1,3,100,3,0.0060889720916748,False,0.0,0.0,0.0,0,0
1872,1872,MIIC,15,1.1,3,100,4,0.006721019744873,False,0.75,0.375,0.5,12,15
1873,1873,GHC,15,1.1,3,100,4,0.0829379558563232,False,1.0,0.3125,0.4761904761904761,11,14
1874,1874,FCI,15,1.1,3,100,4,0.0073180198669433,False,0.0,0.0,0.0,0,0
1875,1875,MIIC,15,1.1,3,250,0,0.0056467056274414,False,1.0,0.3125,0.4761904761904761,11,15
1876,1876,GHC,15,1.1,3,250,0,0.081244945526123,False,1.0,0.375,0.5454545454545454,10,13
1877,1877,FCI,15,1.1,3,250,0,0.0069959163665771,False,0.0,0.0,0.0,0,0
1878,1878,MIIC,15,1.1,3,250,1,0.005544900894165,False,0.8,0.25,0.3809523809523809,13,14
1879,1879,GHC,15,1.1,3,250,1,0.0790579319000244,False,1.0,0.25,0.4,12,13
1880,1880,FCI,15,1.1,3,250,1,0.0062377452850341,False,0.0,0.0,0.0,0,0
1881,1881,MIIC,15,1.1,3,250,2,0.0075891017913818,False,0.8,0.5,0.6153846153846154,10,11
1882,1882,GHC,15,1.1,3,250,2,0.0894811153411865,False,0.8,0.5,0.6153846153846154,10,13
1883,1883,FCI,15,1.1,3,250,2,0.0101308822631835,False,0.0,0.0,0.0,0,0
1884,1884,MIIC,15,1.1,3,250,3,0.0081028938293457,False,0.9090909090909092,0.625,0.7407407407407406,7,13
1885,1885,GHC,15,1.1,3,250,3,0.0936908721923828,False,0.9166666666666666,0.6875,0.7857142857142857,6,9
1886,1886,FCI,15,1.1,3,250,3,0.0081429481506347,False,0.0,0.0,0.0,0,0
1887,1887,MIIC,15,1.1,3,250,4,0.0080089569091796,False,0.9,0.5625,0.6923076923076923,8,11
1888,1888,GHC,15,1.1,3,250,4,0.0919940471649169,False,0.6923076923076923,0.5625,0.6206896551724138,11,17
1889,1889,FCI,15,1.1,3,250,4,0.0083258152008056,False,0.0,0.0,0.0,0,0
1890,1890,MIIC,15,1.1,3,500,0,0.0090119838714599,False,0.9,0.5625,0.6923076923076923,8,12
1891,1891,GHC,15,1.1,3,500,0,0.093602180480957,False,0.8181818181818182,0.5625,0.6666666666666666,9,16
1892,1892,FCI,15,1.1,3,500,0,0.0152657032012939,False,0.0,0.0,0.0,0,0
1893,1893,MIIC,15,1.1,3,500,1,0.0091912746429443,False,1.0,0.6875,0.8148148148148148,5,6
1894,1894,GHC,15,1.1,3,500,1,0.0928540229797363,False,0.8461538461538461,0.6875,0.7586206896551724,7,13
1895,1895,FCI,15,1.1,3,500,1,0.0281620025634765,False,0.0,0.0,0.0,0,0
1896,1896,MIIC,15,1.1,3,500,2,0.0088198184967041,False,1.0,0.6875,0.8148148148148148,5,10
1897,1897,GHC,15,1.1,3,500,2,0.0931301116943359,False,0.9166666666666666,0.6875,0.7857142857142857,6,11
1898,1898,FCI,15,1.1,3,500,2,0.0145201683044433,False,0.0,0.0,0.0,0,0
1899,1899,MIIC,15,1.1,3,500,3,0.0100588798522949,False,1.0,0.75,0.8571428571428571,4,8
1900,1900,GHC,15,1.1,3,500,3,0.0969910621643066,False,0.9375,0.9375,0.9375,2,3
1901,1901,FCI,15,1.1,3,500,3,0.0401480197906494,False,0.0,0.0,0.0,0,0
1902,1902,MIIC,15,1.1,3,500,4,0.0091369152069091,False,1.0,0.75,0.8571428571428571,4,9
1903,1903,GHC,15,1.1,3,500,4,0.0996150970458984,False,0.9375,0.9375,0.9375,2,2
1904,1904,FCI,15,1.1,3,500,4,0.014510154724121,False,0.0,0.0,0.0,0,0
1905,1905,MIIC,15,1.1,3,1000,0,0.0126678943634033,False,0.9166666666666666,0.6875,0.7857142857142857,6,9
1906,1906,GHC,15,1.1,3,1000,0,0.0967521667480468,False,0.8461538461538461,0.6875,0.7586206896551724,7,10
1907,1907,FCI,15,1.1,3,1000,0,0.0702190399169921,False,0.0,0.0,0.0,0,0
1908,1908,MIIC,15,1.1,3,1000,1,0.0131731033325195,False,0.9333333333333332,0.875,0.9032258064516128,3,6
1909,1909,GHC,15,1.1,3,1000,1,0.1000711917877197,False,0.8235294117647058,0.875,0.8484848484848485,5,11
1910,1910,FCI,15,1.1,3,1000,1,0.0625038146972656,False,0.0,0.0,0.0,0,0
1911,1911,MIIC,15,1.1,3,1000,2,0.010265827178955,False,0.9230769230769232,0.75,0.8275862068965517,5,5
1912,1912,GHC,15,1.1,3,1000,2,0.0937228202819824,False,0.8571428571428571,0.75,0.7999999999999999,6,10
1913,1913,FCI,15,1.1,3,1000,2,0.0160601139068603,False,0.0,0.0,0.0,0,0
1914,1914,MIIC,15,1.1,3,1000,3,0.0125932693481445,False,1.0,0.8125,0.896551724137931,3,7
1915,1915,GHC,15,1.1,3,1000,3,0.0955870151519775,False,0.9285714285714286,0.8125,0.8666666666666666,4,7
1916,1916,FCI,15,1.1,3,1000,3,0.0401721000671386,False,0.0,0.0,0.0,0,0
1917,1917,MIIC,15,1.1,3,1000,4,0.0114626884460449,False,0.9285714285714286,0.8125,0.8666666666666666,4,5
1918,1918,GHC,15,1.1,3,1000,4,0.1051959991455078,False,0.8125,0.8125,0.8125,6,13
1919,1919,FCI,15,1.1,3,1000,4,0.0159988403320312,False,0.0,0.0,0.0,0,0
1920,1920,MIIC,15,1.1,4,100,0,0.0050880908966064,False,1.0,0.1875,0.3157894736842105,13,14
1921,1921,GHC,15,1.1,4,100,0,0.0797309875488281,False,1.0,0.1875,0.3157894736842105,13,14
1922,1922,FCI,15,1.1,4,100,0,0.0054898262023925,False,0.0,0.0,0.0,0,0
1923,1923,MIIC,15,1.1,4,100,1,0.0074021816253662,False,0.6,0.1875,0.2857142857142857,15,16
1924,1924,GHC,15,1.1,4,100,1,0.0811488628387451,False,0.4,0.125,0.1904761904761904,17,17
1925,1925,FCI,15,1.1,4,100,1,0.0058410167694091,False,0.75,0.1875,0.3,14,14
1926,1926,MIIC,15,1.1,4,100,2,0.004889965057373,False,0.75,0.1875,0.3,14,15
1927,1927,GHC,15,1.1,4,100,2,0.0805208683013916,False,1.0,0.25,0.4,12,12
1928,1928,FCI,15,1.1,4,100,2,0.0058469772338867,False,0.0,0.0,0.0,0,0
1929,1929,MIIC,15,1.1,4,100,3,0.0049240589141845,False,0.75,0.1875,0.3,14,15
1930,1930,GHC,15,1.1,4,100,3,0.0822100639343261,False,0.6,0.1875,0.2857142857142857,15,16
1931,1931,FCI,15,1.1,4,100,3,0.0079729557037353,False,0.0,0.0,0.0,0,0
1932,1932,MIIC,15,1.1,4,100,4,0.0065999031066894,False,0.8333333333333334,0.3125,0.4545454545454545,12,13
1933,1933,GHC,15,1.1,4,100,4,0.0853266716003418,False,0.8333333333333334,0.3125,0.4545454545454545,12,13
1934,1934,FCI,15,1.1,4,100,4,0.006901741027832,False,0.0,0.0,0.0,0,0
1935,1935,MIIC,15,1.1,4,250,0,0.0067899227142333,False,1.0,0.5,0.6666666666666666,8,15
1936,1936,GHC,15,1.1,4,250,0,0.0820538997650146,False,1.0,0.375,0.5454545454545454,10,15
1937,1937,FCI,15,1.1,4,250,0,0.0080208778381347,False,0.0,0.0,0.0,0,0
1938,1938,MIIC,15,1.1,4,250,1,0.0069441795349121,False,0.75,0.375,0.5,12,14
1939,1939,GHC,15,1.1,4,250,1,0.0847947597503662,False,0.6666666666666666,0.375,0.4800000000000001,13,17
1940,1940,FCI,15,1.1,4,250,1,0.0073800086975097,False,0.0,0.0,0.0,0,0
1941,1941,MIIC,15,1.1,4,250,2,0.0073671340942382,False,0.875,0.4375,0.5833333333333334,10,14
1942,1942,GHC,15,1.1,4,250,2,0.0841469764709472,False,1.0,0.3125,0.4761904761904761,11,13
1943,1943,FCI,15,1.1,4,250,2,0.0080969333648681,False,0.0,0.0,0.0,0,0
1944,1944,MIIC,15,1.1,4,250,3,0.0082840919494628,False,1.0,0.6875,0.8148148148148148,5,6
1945,1945,GHC,15,1.1,4,250,3,0.086184024810791,False,1.0,0.5625,0.72,7,11
1946,1946,FCI,15,1.1,4,250,3,0.0109970569610595,False,0.0,0.0,0.0,0,0
1947,1947,MIIC,15,1.1,4,250,4,0.0072178840637207,False,1.0,0.5625,0.72,7,12
1948,1948,GHC,15,1.1,4,250,4,0.0874111652374267,False,1.0,0.5,0.6666666666666666,8,12
1949,1949,FCI,15,1.1,4,250,4,0.0098879337310791,False,0.0,0.0,0.0,0,0
1950,1950,MIIC,15,1.1,4,500,0,0.008544921875,False,1.0,0.5625,0.72,7,8
1951,1951,GHC,15,1.1,4,500,0,0.083475112915039,False,1.0,0.375,0.5454545454545454,10,12
1952,1952,FCI,15,1.1,4,500,0,0.0115063190460205,False,0.0,0.0,0.0,0,0
1953,1953,MIIC,15,1.1,4,500,1,0.006376028060913,False,1.0,0.375,0.5454545454545454,10,11
1954,1954,GHC,15,1.1,4,500,1,0.080298900604248,False,1.0,0.3125,0.4761904761904761,11,13
1955,1955,FCI,15,1.1,4,500,1,0.0087888240814208,False,0.0,0.0,0.0,0,0
1956,1956,MIIC,15,1.1,4,500,2,0.0088059902191162,False,0.9166666666666666,0.6875,0.7857142857142857,6,8
1957,1957,GHC,15,1.1,4,500,2,0.0972120761871337,False,0.8461538461538461,0.6875,0.7586206896551724,7,11
1958,1958,FCI,15,1.1,4,500,2,0.0092289447784423,False,0.0,0.0,0.0,0,0
1959,1959,MIIC,15,1.1,4,500,3,0.0093121528625488,False,1.0,0.6875,0.8148148148148148,5,11
1960,1960,GHC,15,1.1,4,500,3,0.0876250267028808,False,1.0,0.625,0.7692307692307693,6,11
1961,1961,FCI,15,1.1,4,500,3,0.010848045349121,False,0.0,0.0,0.0,0,0
1962,1962,MIIC,15,1.1,4,500,4,0.007843017578125,False,1.0,0.5,0.6666666666666666,8,10
1963,1963,GHC,15,1.1,4,500,4,0.0909287929534912,False,1.0,0.5,0.6666666666666666,8,10
1964,1964,FCI,15,1.1,4,500,4,0.0115227699279785,False,0.0,0.0,0.0,0,0
1965,1965,MIIC,15,1.1,4,1000,0,0.0136830806732177,False,1.0,1.0,1.0,0,0
1966,1966,GHC,15,1.1,4,1000,0,0.0990958213806152,False,1.0,0.9375,0.967741935483871,1,4
1967,1967,FCI,15,1.1,4,1000,0,0.0362617969512939,False,1.0,0.1875,0.3157894736842105,13,15
1968,1968,MIIC,15,1.1,4,1000,1,0.0111458301544189,False,1.0,0.75,0.8571428571428571,4,7
1969,1969,GHC,15,1.1,4,1000,1,0.091149091720581,False,0.9230769230769232,0.75,0.8275862068965517,5,11
1970,1970,FCI,15,1.1,4,1000,1,0.0201871395111084,False,0.0,0.0,0.0,0,0
1971,1971,MIIC,15,1.1,4,1000,2,0.0098538398742675,False,0.9090909090909092,0.625,0.7407407407407406,7,8
1972,1972,GHC,15,1.1,4,1000,2,0.0875880718231201,False,1.0,0.5625,0.72,7,8
1973,1973,FCI,15,1.1,4,1000,2,0.0143961906433105,False,0.0,0.0,0.0,0,0
1974,1974,MIIC,15,1.1,4,1000,3,0.0106182098388671,False,1.0,0.6875,0.8148148148148148,5,10
1975,1975,GHC,15,1.1,4,1000,3,0.0899100303649902,False,1.0,0.625,0.7692307692307693,6,10
1976,1976,FCI,15,1.1,4,1000,3,0.0164568424224853,False,0.0,0.0,0.0,0,0
1977,1977,MIIC,15,1.1,4,1000,4,0.0087959766387939,False,1.0,0.5625,0.72,7,14
1978,1978,GHC,15,1.1,4,1000,4,0.0819809436798095,False,1.0,0.375,0.5454545454545454,10,15
1979,1979,FCI,15,1.1,4,1000,4,0.0113089084625244,False,0.0,0.0,0.0,0,0
1980,1980,MIIC,15,1.3,2,100,0,0.0084118843078613,False,0.7,0.3684210526315789,0.4827586206896551,15,20
1981,1981,GHC,15,1.3,2,100,0,0.0957798957824707,False,0.6428571428571429,0.4736842105263157,0.5454545454545454,15,18
1982,1982,FCI,15,1.3,2,100,0,0.007908821105957,False,0.0,0.0,0.0,0,0
1983,1983,MIIC,15,1.3,2,100,1,0.007037878036499,False,0.7777777777777778,0.3684210526315789,0.5,14,18
1984,1984,GHC,15,1.3,2,100,1,0.0897688865661621,False,0.6,0.3157894736842105,0.4137931034482758,17,20
1985,1985,FCI,15,1.3,2,100,1,0.006385326385498,False,0.0,0.0,0.0,0,0
1986,1986,MIIC,15,1.3,2,100,2,0.0066211223602294,False,0.75,0.3157894736842105,0.4444444444444443,15,18
1987,1987,GHC,15,1.3,2,100,2,0.0871722698211669,False,0.6666666666666666,0.3157894736842105,0.4285714285714285,16,21
1988,1988,FCI,15,1.3,2,100,2,0.0061051845550537,False,1.0,0.2631578947368421,0.4166666666666667,14,16
1989,1989,MIIC,15,1.3,2,100,3,0.0074400901794433,False,0.6666666666666666,0.3157894736842105,0.4285714285714285,16,19
1990,1990,GHC,15,1.3,2,100,3,0.0881462097167968,False,0.6,0.3157894736842105,0.4137931034482758,17,21
1991,1991,FCI,15,1.3,2,100,3,0.0080111026763916,False,0.0,0.0,0.0,0,0
1992,1992,MIIC,15,1.3,2,100,4,0.009516954421997,False,0.8181818181818182,0.5,0.6206896551724137,11,16
1993,1993,GHC,15,1.3,2,100,4,0.0896058082580566,False,0.9,0.5,0.6428571428571429,10,14
1994,1994,FCI,15,1.3,2,100,4,0.0079569816589355,False,0.0,0.0,0.0,0,0
1995,1995,MIIC,15,1.3,2,250,0,0.0076620578765869,False,0.9,0.4736842105263157,0.6206896551724138,11,15
1996,1996,GHC,15,1.3,2,250,0,0.0971877574920654,False,0.7857142857142857,0.5789473684210527,0.6666666666666667,11,18
1997,1997,FCI,15,1.3,2,250,0,0.0093100070953369,False,0.0,0.0,0.0,0,0
1998,1998,MIIC,15,1.3,2,250,1,0.0096850395202636,False,0.75,0.4736842105263157,0.5806451612903226,13,18
1999,1999,GHC,15,1.3,2,250,1,0.097614049911499,False,0.7692307692307693,0.5263157894736842,0.625,12,17
2000,2000,FCI,15,1.3,2,250,1,0.0113430023193359,False,0.0,0.0,0.0,0,0
2001,2001,MIIC,15,1.3,2,250,2,0.009009838104248,False,0.8461538461538461,0.5789473684210527,0.6875,10,13
2002,2002,GHC,15,1.3,2,250,2,0.096696138381958,False,0.7058823529411765,0.631578947368421,0.6666666666666667,12,17
2003,2003,FCI,15,1.3,2,250,2,0.0125989913940429,False,0.0,0.0,0.0,0,0
2004,2004,MIIC,15,1.3,2,250,3,0.0088238716125488,False,0.8181818181818182,0.4736842105263157,0.6,12,19
2005,2005,GHC,15,1.3,2,250,3,0.0952179431915283,False,0.8571428571428571,0.631578947368421,0.7272727272727273,9,13
2006,2006,FCI,15,1.3,2,250,3,0.0117239952087402,False,0.0,0.0,0.0,0,0
2007,2007,MIIC,15,1.3,2,250,4,0.0091640949249267,False,0.9166666666666666,0.5789473684210527,0.7096774193548387,9,18
2008,2008,GHC,15,1.3,2,250,4,0.0925879478454589,False,1.0,0.631578947368421,0.7741935483870968,7,19
2009,2009,FCI,15,1.3,2,250,4,0.0109109878540039,False,0.0,0.0,0.0,0,0
2010,2010,MIIC,15,1.3,2,500,0,0.0096650123596191,False,0.9230769230769232,0.6666666666666666,0.7741935483870968,7,9
2011,2011,GHC,15,1.3,2,500,0,0.0954000949859619,False,0.8333333333333334,0.5555555555555556,0.6666666666666667,10,11
2012,2012,FCI,15,1.3,2,500,0,0.0129599571228027,False,0.0,0.0,0.0,0,0
2013,2013,MIIC,15,1.3,2,500,1,0.0080330371856689,False,1.0,0.4736842105263157,0.6428571428571429,10,13
2014,2014,GHC,15,1.3,2,500,1,0.0918540954589843,False,1.0,0.5789473684210527,0.7333333333333334,8,8
2015,2015,FCI,15,1.3,2,500,1,0.0080738067626953,False,0.0,0.0,0.0,0,0
2016,2016,MIIC,15,1.3,2,500,2,0.0096960067749023,False,0.9230769230769232,0.631578947368421,0.7499999999999999,8,18
2017,2017,GHC,15,1.3,2,500,2,0.0950720310211181,False,1.0,0.7368421052631579,0.8484848484848484,5,10
2018,2018,FCI,15,1.3,2,500,2,0.0112750530242919,False,0.0,0.0,0.0,0,0
2019,2019,MIIC,15,1.3,2,500,3,0.0078909397125244,False,1.0,0.4736842105263157,0.6428571428571429,10,15
2020,2020,GHC,15,1.3,2,500,3,0.0889120101928711,False,0.7272727272727273,0.4210526315789473,0.5333333333333333,14,21
2021,2021,FCI,15,1.3,2,500,3,0.0092089176177978,False,0.0,0.0,0.0,0,0
2022,2022,MIIC,15,1.3,2,500,4,0.0093729496002197,False,0.8333333333333334,0.5263157894736842,0.6451612903225806,11,19
2023,2023,GHC,15,1.3,2,500,4,0.0919170379638671,False,0.6923076923076923,0.4736842105263157,0.5625,14,22
2024,2024,FCI,15,1.3,2,500,4,0.0141310691833496,False,0.0,0.0,0.0,0,0
2025,2025,MIIC,15,1.3,2,1000,0,0.0110137462615966,False,1.0,0.7368421052631579,0.8484848484848484,5,15
2026,2026,GHC,15,1.3,2,1000,0,0.0977129936218261,False,0.8125,0.6842105263157895,0.742857142857143,9,19
2027,2027,FCI,15,1.3,2,1000,0,0.017615795135498,False,0.0,0.0,0.0,0,0
2028,2028,MIIC,15,1.3,2,1000,1,0.0168280601501464,False,0.8823529411764706,0.7894736842105263,0.8333333333333333,6,13
2029,2029,GHC,15,1.3,2,1000,1,0.1045780181884765,False,0.8333333333333334,0.7894736842105263,0.8108108108108109,7,14
2030,2030,FCI,15,1.3,2,1000,1,0.0485780239105224,False,0.0,0.0,0.0,0,0
2031,2031,MIIC,15,1.3,2,1000,2,0.0131487846374511,False,1.0,0.7368421052631579,0.8484848484848484,5,8
2032,2032,GHC,15,1.3,2,1000,2,0.1091620922088623,False,0.8823529411764706,0.7894736842105263,0.8333333333333333,6,6
2033,2033,FCI,15,1.3,2,1000,2,0.1025228500366211,False,0.0,0.0,0.0,0,0
2034,2034,MIIC,15,1.3,2,1000,3,0.0178561210632324,False,1.0,0.8947368421052632,0.9444444444444444,2,6
2035,2035,GHC,15,1.3,2,1000,3,0.10506272315979,False,1.0,0.9473684210526316,0.972972972972973,1,3
2036,2036,FCI,15,1.3,2,1000,3,0.331864595413208,False,0.0,0.0,0.0,0,0
2037,2037,MIIC,15,1.3,2,1000,4,0.0100390911102294,False,1.0,0.7222222222222222,0.8387096774193548,5,7
2038,2038,GHC,15,1.3,2,1000,4,0.1009128093719482,False,0.7777777777777778,0.7777777777777778,0.7777777777777778,8,14
2039,2039,FCI,15,1.3,2,1000,4,0.0239920616149902,False,0.0,0.0,0.0,0,0
2040,2040,MIIC,15,1.3,3,100,0,0.0074419975280761,False,0.6363636363636364,0.3684210526315789,0.4666666666666667,16,21
2041,2041,GHC,15,1.3,3,100,0,0.0830447673797607,False,0.8333333333333334,0.2631578947368421,0.3999999999999999,15,17
2042,2042,FCI,15,1.3,3,100,0,0.0063738822937011,False,0.0,0.0,0.0,0,0
2043,2043,MIIC,15,1.3,3,100,1,0.0063869953155517,False,0.75,0.3157894736842105,0.4444444444444443,15,19
2044,2044,GHC,15,1.3,3,100,1,0.0862510204315185,False,0.75,0.3157894736842105,0.4444444444444443,15,17
2045,2045,FCI,15,1.3,3,100,1,0.0071156024932861,False,0.0,0.0,0.0,0,0
2046,2046,MIIC,15,1.3,3,100,2,0.006242036819458,False,0.4285714285714285,0.1578947368421052,0.2307692307692307,20,22
2047,2047,GHC,15,1.3,3,100,2,0.0884070396423339,False,0.4,0.2105263157894736,0.2758620689655172,21,25
2048,2048,FCI,15,1.3,3,100,2,0.0084497928619384,False,0.0,0.0,0.0,0,0
2049,2049,MIIC,15,1.3,3,100,3,0.0058879852294921,False,0.8571428571428571,0.3157894736842105,0.4615384615384615,14,19
2050,2050,GHC,15,1.3,3,100,3,0.0824902057647705,False,0.8333333333333334,0.2631578947368421,0.3999999999999999,15,20
2051,2051,FCI,15,1.3,3,100,3,0.0066020488739013,False,0.0,0.0,0.0,0,0
2052,2052,MIIC,15,1.3,3,100,4,0.0061697959899902,False,0.8571428571428571,0.3157894736842105,0.4615384615384615,14,19
2053,2053,GHC,15,1.3,3,100,4,0.0838041305541992,False,0.8333333333333334,0.2631578947368421,0.3999999999999999,15,19
2054,2054,FCI,15,1.3,3,100,4,0.0073099136352539,False,0.0,0.0,0.0,0,0
2055,2055,MIIC,15,1.3,3,250,0,0.0074570178985595,False,0.9,0.5,0.6428571428571429,10,17
2056,2056,GHC,15,1.3,3,250,0,0.0831148624420166,False,1.0,0.3888888888888889,0.56,11,16
2057,2057,FCI,15,1.3,3,250,0,0.0073659420013427,False,0.0,0.0,0.0,0,0
2058,2058,MIIC,15,1.3,3,250,1,0.0068600177764892,False,0.75,0.3157894736842105,0.4444444444444443,15,19
2059,2059,GHC,15,1.3,3,250,1,0.0817437171936035,False,0.6666666666666666,0.2105263157894736,0.32,17,19
2060,2060,FCI,15,1.3,3,250,1,0.0072729587554931,False,0.0,0.0,0.0,0,0
2061,2061,MIIC,15,1.3,3,250,2,0.0101218223571777,False,0.8461538461538461,0.6111111111111112,0.7096774193548387,9,12
2062,2062,GHC,15,1.3,3,250,2,0.0921547412872314,False,0.75,0.5,0.6,12,19
2063,2063,FCI,15,1.3,3,250,2,0.0317761898040771,False,0.0,0.0,0.0,0,0
2064,2064,MIIC,15,1.3,3,250,3,0.0070619583129882,False,0.8888888888888888,0.4210526315789473,0.5714285714285714,12,20
2065,2065,GHC,15,1.3,3,250,3,0.0884218215942382,False,0.8,0.4210526315789473,0.5517241379310345,13,21
2066,2066,FCI,15,1.3,3,250,3,0.0093469619750976,False,0.0,0.0,0.0,0,0
2067,2067,MIIC,15,1.3,3,250,4,0.0062670707702636,False,1.0,0.3157894736842105,0.4799999999999999,13,16
2068,2068,GHC,15,1.3,3,250,4,0.0823800563812255,False,0.8333333333333334,0.2631578947368421,0.3999999999999999,15,19
2069,2069,FCI,15,1.3,3,250,4,0.0073659420013427,False,0.0,0.0,0.0,0,0
2070,2070,MIIC,15,1.3,3,500,0,0.0112128257751464,False,1.0,0.7368421052631579,0.8484848484848484,5,11
2071,2071,GHC,15,1.3,3,500,0,0.0997171401977539,False,0.9411764705882352,0.8421052631578947,0.8888888888888888,4,9
2072,2072,FCI,15,1.3,3,500,0,0.0181310176849365,False,0.0,0.0,0.0,0,0
2073,2073,MIIC,15,1.3,3,500,1,0.0124990940093994,False,1.0,0.7368421052631579,0.8484848484848484,5,10
2074,2074,GHC,15,1.3,3,500,1,0.0997648239135742,False,0.9375,0.7894736842105263,0.8571428571428572,5,9
2075,2075,FCI,15,1.3,3,500,1,0.0167670249938964,False,0.0,0.0,0.0,0,0
2076,2076,MIIC,15,1.3,3,500,2,0.0081679821014404,False,1.0,0.4736842105263157,0.6428571428571429,10,16
2077,2077,GHC,15,1.3,3,500,2,0.093400239944458,False,0.9090909090909092,0.5263157894736842,0.6666666666666666,10,14
2078,2078,FCI,15,1.3,3,500,2,0.0140450000762939,False,0.0,0.0,0.0,0,0
2079,2079,MIIC,15,1.3,3,500,3,0.0106770992279052,False,0.7857142857142857,0.5789473684210527,0.6666666666666667,11,15
2080,2080,GHC,15,1.3,3,500,3,0.0929086208343505,False,0.8461538461538461,0.5789473684210527,0.6875,10,21
2081,2081,FCI,15,1.3,3,500,3,0.0134179592132568,False,0.0,0.0,0.0,0,0
2082,2082,MIIC,15,1.3,3,500,4,0.0092251300811767,False,0.9166666666666666,0.5789473684210527,0.7096774193548387,9,13
2083,2083,GHC,15,1.3,3,500,4,0.0925078392028808,False,0.7692307692307693,0.5263157894736842,0.625,12,16
2084,2084,FCI,15,1.3,3,500,4,0.0141479969024658,False,0.0,0.0,0.0,0,0
2085,2085,MIIC,15,1.3,3,1000,0,0.0133767127990722,False,0.9375,0.7894736842105263,0.8571428571428572,5,13
2086,2086,GHC,15,1.3,3,1000,0,0.0983047485351562,False,0.8666666666666667,0.6842105263157895,0.7647058823529413,8,16
2087,2087,FCI,15,1.3,3,1000,0,0.0175971984863281,False,0.0,0.0,0.0,0,0
2088,2088,MIIC,15,1.3,3,1000,1,0.011667251586914,False,0.9166666666666666,0.5789473684210527,0.7096774193548387,9,11
2089,2089,GHC,15,1.3,3,1000,1,0.0969040393829345,False,0.9090909090909092,0.5263157894736842,0.6666666666666666,10,17
2090,2090,FCI,15,1.3,3,1000,1,0.0170152187347412,False,0.0,0.0,0.0,0,0
2091,2091,MIIC,15,1.3,3,1000,2,0.0157020092010498,False,1.0,0.8947368421052632,0.9444444444444444,2,8
2092,2092,GHC,15,1.3,3,1000,2,0.1002700328826904,False,0.8947368421052632,0.8947368421052632,0.8947368421052632,4,13
2093,2093,FCI,15,1.3,3,1000,2,0.1038877964019775,False,0.0,0.0,0.0,0,0
2094,2094,MIIC,15,1.3,3,1000,3,0.0143408775329589,False,1.0,1.0,1.0,0,4
2095,2095,GHC,15,1.3,3,1000,3,0.10919189453125,False,0.75,0.8333333333333334,0.7894736842105262,8,18
2096,2096,FCI,15,1.3,3,1000,3,0.0623660087585449,False,0.0,0.0,0.0,0,0
2097,2097,MIIC,15,1.3,3,1000,4,0.011625051498413,False,1.0,0.6842105263157895,0.8125000000000001,6,12
2098,2098,GHC,15,1.3,3,1000,4,0.103320837020874,False,0.9444444444444444,0.8947368421052632,0.918918918918919,3,6
2099,2099,FCI,15,1.3,3,1000,4,0.018805980682373,False,0.0,0.0,0.0,0,0
2100,2100,MIIC,15,1.3,4,100,0,0.0058610439300537,False,0.8571428571428571,0.3157894736842105,0.4615384615384615,14,17
2101,2101,GHC,15,1.3,4,100,0,0.0897042751312255,False,0.875,0.3684210526315789,0.5185185185185185,13,14
2102,2102,FCI,15,1.3,4,100,0,0.0083918571472167,False,1.0,0.2105263157894736,0.3478260869565217,15,18
2103,2103,MIIC,15,1.3,4,100,1,0.0050587654113769,False,1.0,0.2105263157894736,0.3478260869565217,15,18
2104,2104,GHC,15,1.3,4,100,1,0.0764670372009277,False,1.0,0.1052631578947368,0.1904761904761905,17,19
2105,2105,FCI,15,1.3,4,100,1,0.0056278705596923,False,0.0,0.0,0.0,0,0
2106,2106,MIIC,15,1.3,4,100,2,0.0068120956420898,False,0.875,0.3684210526315789,0.5185185185185185,13,15
2107,2107,GHC,15,1.3,4,100,2,0.0879769325256347,False,0.875,0.3684210526315789,0.5185185185185185,13,15
2108,2108,FCI,15,1.3,4,100,2,0.0072822570800781,False,0.0,0.0,0.0,0,0
2109,2109,MIIC,15,1.3,4,100,3,0.0058968067169189,False,1.0,0.3684210526315789,0.5384615384615384,12,15
2110,2110,GHC,15,1.3,4,100,3,0.0857610702514648,False,1.0,0.3684210526315789,0.5384615384615384,12,14
2111,2111,FCI,15,1.3,4,100,3,0.0073301792144775,False,0.0,0.0,0.0,0,0
2112,2112,MIIC,15,1.3,4,100,4,0.0065028667449951,False,0.6666666666666666,0.2105263157894736,0.32,17,20
2113,2113,GHC,15,1.3,4,100,4,0.0835709571838378,False,0.8333333333333334,0.2631578947368421,0.3999999999999999,15,19
2114,2114,FCI,15,1.3,4,100,4,0.0066480636596679,False,0.0,0.0,0.0,0,0
2115,2115,MIIC,15,1.3,4,250,0,0.0076122283935546,False,1.0,0.3684210526315789,0.5384615384615384,12,17
2116,2116,GHC,15,1.3,4,250,0,0.0849158763885498,False,1.0,0.3157894736842105,0.4799999999999999,13,17
2117,2117,FCI,15,1.3,4,250,0,0.0071818828582763,False,0.0,0.0,0.0,0,0
2118,2118,MIIC,15,1.3,4,250,1,0.0072529315948486,False,0.6666666666666666,0.3157894736842105,0.4285714285714285,16,18
2119,2119,GHC,15,1.3,4,250,1,0.0892598628997802,False,0.7777777777777778,0.3684210526315789,0.5,14,17
2120,2120,FCI,15,1.3,4,250,1,0.0101051330566406,False,0.0,0.0,0.0,0,0
2121,2121,MIIC,15,1.3,4,250,2,0.0125269889831542,False,1.0,0.631578947368421,0.7741935483870968,7,19
2122,2122,GHC,15,1.3,4,250,2,0.0960938930511474,False,0.9230769230769232,0.631578947368421,0.7499999999999999,8,20
2123,2123,FCI,15,1.3,4,250,2,0.0125417709350585,False,1.0,0.4736842105263157,0.6428571428571429,10,19
2124,2124,MIIC,15,1.3,4,250,3,0.0063591003417968,False,1.0,0.3684210526315789,0.5384615384615384,12,14
2125,2125,GHC,15,1.3,4,250,3,0.0777320861816406,False,1.0,0.1578947368421052,0.2727272727272727,16,17
2126,2126,FCI,15,1.3,4,250,3,0.0077371597290039,False,0.0,0.0,0.0,0,0
2127,2127,MIIC,15,1.3,4,250,4,0.0055890083312988,False,1.0,0.2105263157894736,0.3478260869565217,15,15
2128,2128,GHC,15,1.3,4,250,4,0.0802209377288818,False,1.0,0.2105263157894736,0.3478260869565217,15,15
2129,2129,FCI,15,1.3,4,250,4,0.0076520442962646,False,0.0,0.0,0.0,0,0
2130,2130,MIIC,15,1.3,4,500,0,0.0080456733703613,False,1.0,0.4736842105263157,0.6428571428571429,10,17
2131,2131,GHC,15,1.3,4,500,0,0.0884661674499511,False,1.0,0.5789473684210527,0.7333333333333334,8,13
2132,2132,FCI,15,1.3,4,500,0,0.0105538368225097,False,0.0,0.0,0.0,0,0
2133,2133,MIIC,15,1.3,4,500,1,0.0074019432067871,False,1.0,0.4736842105263157,0.6428571428571429,10,13
2134,2134,GHC,15,1.3,4,500,1,0.0909340381622314,False,1.0,0.5263157894736842,0.6896551724137931,9,14
2135,2135,FCI,15,1.3,4,500,1,0.0107948780059814,False,0.0,0.0,0.0,0,0
2136,2136,MIIC,15,1.3,4,500,2,0.00978684425354,False,1.0,0.6842105263157895,0.8125000000000001,6,13
2137,2137,GHC,15,1.3,4,500,2,0.0977990627288818,False,0.8666666666666667,0.6842105263157895,0.7647058823529413,8,13
2138,2138,FCI,15,1.3,4,500,2,0.017021894454956,False,0.0,0.0,0.0,0,0
2139,2139,MIIC,15,1.3,4,500,3,0.0077340602874755,False,1.0,0.4736842105263157,0.6428571428571429,10,13
2140,2140,GHC,15,1.3,4,500,3,0.0894708633422851,False,1.0,0.5263157894736842,0.6896551724137931,9,11
2141,2141,FCI,15,1.3,4,500,3,0.0092589855194091,False,1.0,0.3684210526315789,0.5384615384615384,12,15
2142,2142,MIIC,15,1.3,4,500,4,0.008091926574707,False,1.0,0.4736842105263157,0.6428571428571429,10,15
2143,2143,GHC,15,1.3,4,500,4,0.0822880268096923,False,0.8333333333333334,0.2631578947368421,0.3999999999999999,15,18
2144,2144,FCI,15,1.3,4,500,4,0.0138919353485107,False,1.0,0.1578947368421052,0.2727272727272727,16,18
2145,2145,MIIC,15,1.3,4,1000,0,0.0114271640777587,False,1.0,0.631578947368421,0.7741935483870968,7,13
2146,2146,GHC,15,1.3,4,1000,0,0.090005874633789,False,1.0,0.631578947368421,0.7741935483870968,7,13
2147,2147,FCI,15,1.3,4,1000,0,0.0186529159545898,False,0.0,0.0,0.0,0,0
2148,2148,MIIC,15,1.3,4,1000,1,0.0140469074249267,False,1.0,0.7894736842105263,0.8823529411764706,4,5
2149,2149,GHC,15,1.3,4,1000,1,0.1039402484893798,False,0.9375,0.7894736842105263,0.8571428571428572,5,9
2150,2150,FCI,15,1.3,4,1000,1,0.0489599704742431,False,0.0,0.0,0.0,0,0
2151,2151,MIIC,15,1.3,4,1000,2,0.0116009712219238,False,1.0,0.7894736842105263,0.8823529411764706,4,11
2152,2152,GHC,15,1.3,4,1000,2,0.0981271266937255,False,0.875,0.7368421052631579,0.7999999999999999,7,15
2153,2153,FCI,15,1.3,4,1000,2,0.0218093395233154,False,0.0,0.0,0.0,0,0
2154,2154,MIIC,15,1.3,4,1000,3,0.0136308670043945,False,1.0,0.7894736842105263,0.8823529411764706,4,8
2155,2155,GHC,15,1.3,4,1000,3,0.0989458560943603,False,0.8235294117647058,0.7368421052631579,0.7777777777777778,8,16
2156,2156,FCI,15,1.3,4,1000,3,0.0259661674499511,False,0.0,0.0,0.0,0,0
2157,2157,MIIC,15,1.3,4,1000,4,0.0120141506195068,False,1.0,0.6666666666666666,0.8,6,6
2158,2158,GHC,15,1.3,4,1000,4,0.0963640213012695,False,0.7857142857142857,0.6111111111111112,0.6875000000000001,10,14
2159,2159,FCI,15,1.3,4,1000,4,0.0164291858673095,False,0.0,0.0,0.0,0,0
2160,2160,MIIC,15,1.5,2,100,0,0.0062630176544189,False,0.875,0.3181818181818182,0.4666666666666667,16,22
2161,2161,GHC,15,1.5,2,100,0,0.0882391929626464,False,0.8,0.3636363636363636,0.5000000000000001,16,19
2162,2162,FCI,15,1.5,2,100,0,0.0069830417633056,False,0.0,0.0,0.0,0,0
2163,2163,MIIC,15,1.5,2,100,1,0.0093812942504882,False,0.6,0.4090909090909091,0.4864864864864865,19,26
2164,2164,GHC,15,1.5,2,100,1,0.0905280113220214,False,0.8333333333333334,0.4545454545454545,0.5882352941176471,14,18
2165,2165,FCI,15,1.5,2,100,1,0.0086350440979003,False,0.0,0.0,0.0,0,0
2166,2166,MIIC,15,1.5,2,100,2,0.0088732242584228,False,0.8461538461538461,0.5,0.6285714285714286,13,19
2167,2167,GHC,15,1.5,2,100,2,0.0927259922027587,False,0.75,0.5454545454545454,0.631578947368421,14,20
2168,2168,FCI,15,1.5,2,100,2,0.008131980895996,False,0.0,0.0,0.0,0,0
2169,2169,MIIC,15,1.5,2,100,3,0.0079321861267089,False,0.8181818181818182,0.45,0.5806451612903226,13,18
2170,2170,GHC,15,1.5,2,100,3,0.0980589389801025,False,0.4705882352941176,0.4,0.4324324324324324,21,25
2171,2171,FCI,15,1.5,2,100,3,0.0089778900146484,False,0.0,0.0,0.0,0,0
2172,2172,MIIC,15,1.5,2,100,4,0.006983995437622,False,0.625,0.238095238095238,0.3448275862068965,19,24
2173,2173,GHC,15,1.5,2,100,4,0.0855088233947753,False,0.625,0.238095238095238,0.3448275862068965,19,23
2174,2174,FCI,15,1.5,2,100,4,0.0062141418457031,False,0.0,0.0,0.0,0,0
2175,2175,MIIC,15,1.5,2,250,0,0.009660005569458,False,0.8461538461538461,0.5,0.6285714285714286,13,15
2176,2176,GHC,15,1.5,2,250,0,0.0915617942810058,False,0.8333333333333334,0.4545454545454545,0.5882352941176471,14,17
2177,2177,FCI,15,1.5,2,250,0,0.0103011131286621,False,0.0,0.0,0.0,0,0
2178,2178,MIIC,15,1.5,2,250,1,0.0082221031188964,False,0.7272727272727273,0.3636363636363636,0.4848484848484849,17,20
2179,2179,GHC,15,1.5,2,250,1,0.0924611091613769,False,0.8333333333333334,0.4545454545454545,0.5882352941176471,14,19
2180,2180,FCI,15,1.5,2,250,1,0.0084190368652343,False,0.0,0.0,0.0,0,0
2181,2181,MIIC,15,1.5,2,250,2,0.0106420516967773,False,1.0,0.6666666666666666,0.8,7,10
2182,2182,GHC,15,1.5,2,250,2,0.0950798988342285,False,0.9285714285714286,0.6190476190476191,0.742857142857143,9,12
2183,2183,FCI,15,1.5,2,250,2,0.0139350891113281,False,0.0,0.0,0.0,0,0
2184,2184,MIIC,15,1.5,2,250,3,0.0096321105957031,False,0.8571428571428571,0.5454545454545454,0.6666666666666665,12,20
2185,2185,GHC,15,1.5,2,250,3,0.0965039730072021,False,0.875,0.6363636363636364,0.7368421052631579,10,20
2186,2186,FCI,15,1.5,2,250,3,0.0153520107269287,False,0.0,0.0,0.0,0,0
2187,2187,MIIC,15,1.5,2,250,4,0.010477066040039,False,0.8571428571428571,0.6,0.7058823529411764,10,13
2188,2188,GHC,15,1.5,2,250,4,0.0946919918060302,False,0.8,0.6,0.6857142857142857,11,13
2189,2189,FCI,15,1.5,2,250,4,0.0257117748260498,False,0.0,0.0,0.0,0,0
2190,2190,MIIC,15,1.5,2,500,0,0.0109860897064208,False,0.9230769230769232,0.5454545454545454,0.6857142857142856,11,16
2191,2191,GHC,15,1.5,2,500,0,0.0981950759887695,False,0.875,0.6363636363636364,0.7368421052631579,10,17
2192,2192,FCI,15,1.5,2,500,0,0.0114860534667968,False,0.0,0.0,0.0,0,0
2193,2193,MIIC,15,1.5,2,500,1,0.0115702152252197,False,0.8125,0.5909090909090909,0.6842105263157896,12,17
2194,2194,GHC,15,1.5,2,500,1,0.0951650142669677,False,0.9333333333333332,0.6363636363636364,0.7567567567567568,9,13
2195,2195,FCI,15,1.5,2,500,1,0.0276987552642822,False,0.0,0.0,0.0,0,0
2196,2196,MIIC,15,1.5,2,500,2,0.0092909336090087,False,1.0,0.5,0.6666666666666666,11,14
2197,2197,GHC,15,1.5,2,500,2,0.0923080444335937,False,1.0,0.5909090909090909,0.7428571428571429,9,14
2198,2198,FCI,15,1.5,2,500,2,0.016061782836914,False,0.0,0.0,0.0,0,0
2199,2199,MIIC,15,1.5,2,500,3,0.0112738609313964,False,0.9285714285714286,0.5909090909090909,0.7222222222222223,10,17
2200,2200,GHC,15,1.5,2,500,3,0.1013779640197753,False,0.8125,0.5909090909090909,0.6842105263157896,12,21
2201,2201,FCI,15,1.5,2,500,3,0.0235230922698974,False,0.0,0.0,0.0,0,0
2202,2202,MIIC,15,1.5,2,500,4,0.0112462043762207,False,0.9285714285714286,0.5909090909090909,0.7222222222222223,10,18
2203,2203,GHC,15,1.5,2,500,4,0.0954260826110839,False,0.8,0.5454545454545454,0.6486486486486486,13,22
2204,2204,FCI,15,1.5,2,500,4,0.0303452014923095,False,0.0,0.0,0.0,0,0
2205,2205,MIIC,15,1.5,2,1000,0,0.0110411643981933,False,0.9166666666666666,0.5,0.6470588235294118,12,19
2206,2206,GHC,15,1.5,2,1000,0,0.0978507995605468,False,0.7857142857142857,0.5,0.6111111111111112,14,21
2207,2207,FCI,15,1.5,2,1000,0,0.0332968235015869,False,0.0,0.0,0.0,0,0
2208,2208,MIIC,15,1.5,2,1000,1,0.0126593112945556,False,0.9285714285714286,0.6190476190476191,0.742857142857143,9,12
2209,2209,GHC,15,1.5,2,1000,1,0.099881887435913,False,0.9333333333333332,0.6666666666666666,0.7777777777777778,8,10
2210,2210,FCI,15,1.5,2,1000,1,0.0260169506072998,False,0.0,0.0,0.0,0,0
2211,2211,MIIC,15,1.5,2,1000,2,0.0126769542694091,False,1.0,0.6363636363636364,0.7777777777777778,8,12
2212,2212,GHC,15,1.5,2,1000,2,0.1033031940460205,False,0.9523809523809524,0.9090909090909092,0.9302325581395348,3,5
2213,2213,FCI,15,1.5,2,1000,2,0.0556650161743164,False,0.0,0.0,0.0,0,0
2214,2214,MIIC,15,1.5,2,1000,3,0.0134017467498779,False,0.8666666666666667,0.5909090909090909,0.7027027027027029,11,13
2215,2215,GHC,15,1.5,2,1000,3,0.1111478805541992,False,0.75,0.6818181818181818,0.7142857142857143,12,17
2216,2216,FCI,15,1.5,2,1000,3,0.0359199047088623,False,0.0,0.0,0.0,0,0
2217,2217,MIIC,15,1.5,2,1000,4,0.0168678760528564,False,0.8333333333333334,0.7142857142857143,0.7692307692307692,9,17
2218,2218,GHC,15,1.5,2,1000,4,0.1159539222717285,False,0.75,0.8571428571428571,0.7999999999999999,9,19
2219,2219,FCI,15,1.5,2,1000,4,0.2775418758392334,False,0.0,0.0,0.0,0,0
2220,2220,MIIC,15,1.5,3,100,0,0.0060868263244628,False,0.8571428571428571,0.2727272727272727,0.4137931034482758,17,20
2221,2221,GHC,15,1.5,3,100,0,0.0808367729187011,False,0.8,0.1818181818181818,0.2962962962962963,19,21
2222,2222,FCI,15,1.5,3,100,0,0.0080208778381347,False,0.0,0.0,0.0,0,0
2223,2223,MIIC,15,1.5,3,100,1,0.0060410499572753,False,0.8333333333333334,0.2272727272727272,0.3571428571428571,18,20
2224,2224,GHC,15,1.5,3,100,1,0.0812618732452392,False,0.8,0.1818181818181818,0.2962962962962963,19,19
2225,2225,FCI,15,1.5,3,100,1,0.0080399513244628,False,0.0,0.0,0.0,0,0
2226,2226,MIIC,15,1.5,3,100,2,0.005537986755371,False,0.8333333333333334,0.2272727272727272,0.3571428571428571,18,22
2227,2227,GHC,15,1.5,3,100,2,0.0795991420745849,False,1.0,0.1818181818181818,0.3076923076923077,18,21
2228,2228,FCI,15,1.5,3,100,2,0.0069079399108886,False,0.0,0.0,0.0,0,0
2229,2229,MIIC,15,1.5,3,100,3,0.0073919296264648,False,0.7272727272727273,0.3636363636363636,0.4848484848484849,17,21
2230,2230,GHC,15,1.5,3,100,3,0.089465856552124,False,0.7,0.3181818181818182,0.4375,18,21
2231,2231,FCI,15,1.5,3,100,3,0.0085186958312988,False,0.0,0.0,0.0,0,0
2232,2232,MIIC,15,1.5,3,100,4,0.0062336921691894,False,0.8571428571428571,0.2727272727272727,0.4137931034482758,17,21
2233,2233,GHC,15,1.5,3,100,4,0.0840370655059814,False,1.0,0.2727272727272727,0.4285714285714285,16,19
2234,2234,FCI,15,1.5,3,100,4,0.0063750743865966,False,0.0,0.0,0.0,0,0
2235,2235,MIIC,15,1.5,3,250,0,0.0061140060424804,False,1.0,0.3181818181818182,0.4827586206896552,15,21
2236,2236,GHC,15,1.5,3,250,0,0.0846059322357177,False,0.875,0.3181818181818182,0.4666666666666667,16,21
2237,2237,FCI,15,1.5,3,250,0,0.0082571506500244,False,0.0,0.0,0.0,0,0
2238,2238,MIIC,15,1.5,3,250,1,0.006174087524414,False,1.0,0.2727272727272727,0.4285714285714285,16,22
2239,2239,GHC,15,1.5,3,250,1,0.0809872150421142,False,1.0,0.2727272727272727,0.4285714285714285,16,22
2240,2240,FCI,15,1.5,3,250,1,0.0103778839111328,False,0.0,0.0,0.0,0,0
2241,2241,MIIC,15,1.5,3,250,2,0.0106277465820312,False,0.9230769230769232,0.5454545454545454,0.6857142857142856,11,17
2242,2242,GHC,15,1.5,3,250,2,0.0963547229766845,False,0.8666666666666667,0.5909090909090909,0.7027027027027029,11,16
2243,2243,FCI,15,1.5,3,250,2,0.0127809047698974,False,0.0,0.0,0.0,0,0
2244,2244,MIIC,15,1.5,3,250,3,0.008354902267456,False,0.9166666666666666,0.5,0.6470588235294118,12,18
2245,2245,GHC,15,1.5,3,250,3,0.0875813961029052,False,1.0,0.4545454545454545,0.625,12,19
2246,2246,FCI,15,1.5,3,250,3,0.0097548961639404,False,0.0,0.0,0.0,0,0
2247,2247,MIIC,15,1.5,3,250,4,0.0076420307159423,False,1.0,0.4545454545454545,0.625,12,20
2248,2248,GHC,15,1.5,3,250,4,0.0860610008239746,False,1.0,0.4090909090909091,0.5806451612903226,13,21
2249,2249,FCI,15,1.5,3,250,4,0.0104479789733886,False,0.0,0.0,0.0,0,0
2250,2250,MIIC,15,1.5,3,500,0,0.0125651359558105,False,0.9285714285714286,0.5909090909090909,0.7222222222222223,10,14
2251,2251,GHC,15,1.5,3,500,0,0.0981900691986084,False,0.8666666666666667,0.5909090909090909,0.7027027027027029,11,16
2252,2252,FCI,15,1.5,3,500,0,0.0965149402618408,False,0.0,0.0,0.0,0,0
2253,2253,MIIC,15,1.5,3,500,1,0.010923147201538,False,0.9285714285714286,0.5909090909090909,0.7222222222222223,10,19
2254,2254,GHC,15,1.5,3,500,1,0.0957248210906982,False,1.0,0.7272727272727273,0.8421052631578948,6,14
2255,2255,FCI,15,1.5,3,500,1,0.0278851985931396,False,0.0,0.0,0.0,0,0
2256,2256,MIIC,15,1.5,3,500,2,0.0103712081909179,False,1.0,0.5909090909090909,0.7428571428571429,9,17
2257,2257,GHC,15,1.5,3,500,2,0.0909440517425537,False,0.9166666666666666,0.5,0.6470588235294118,12,22
2258,2258,FCI,15,1.5,3,500,2,0.0198628902435302,False,0.0,0.0,0.0,0,0
2259,2259,MIIC,15,1.5,3,500,3,0.0094861984252929,False,0.9090909090909092,0.4545454545454545,0.6060606060606061,13,19
2260,2260,GHC,15,1.5,3,500,3,0.0939338207244873,False,0.9230769230769232,0.5454545454545454,0.6857142857142856,11,16
2261,2261,FCI,15,1.5,3,500,3,0.0123472213745117,False,0.0,0.0,0.0,0,0
2262,2262,MIIC,15,1.5,3,500,4,0.0137190818786621,False,1.0,0.8636363636363636,0.9268292682926828,3,13
2263,2263,GHC,15,1.5,3,500,4,0.1058189868927002,False,1.0,0.7727272727272727,0.8717948717948718,5,11
2264,2264,FCI,15,1.5,3,500,4,0.0478792190551757,False,0.0,0.0,0.0,0,0
2265,2265,MIIC,15,1.5,3,1000,0,0.0154922008514404,False,1.0,0.8181818181818182,0.9,4,6
2266,2266,GHC,15,1.5,3,1000,0,0.0985300540924072,False,0.8333333333333334,0.6818181818181818,0.7499999999999999,10,19
2267,2267,FCI,15,1.5,3,1000,0,0.0591890811920166,False,0.0,0.0,0.0,0,0
2268,2268,MIIC,15,1.5,3,1000,1,0.0140371322631835,False,1.0,0.6818181818181818,0.8108108108108109,7,17
2269,2269,GHC,15,1.5,3,1000,1,0.1049273014068603,False,0.9375,0.6818181818181818,0.7894736842105263,8,15
2270,2270,FCI,15,1.5,3,1000,1,0.073725938796997,False,0.0,0.0,0.0,0,0
2271,2271,MIIC,15,1.5,3,1000,2,0.012690782546997,False,1.0,0.6818181818181818,0.8108108108108109,7,10
2272,2272,GHC,15,1.5,3,1000,2,0.1047542095184326,False,0.8823529411764706,0.6818181818181818,0.7692307692307693,9,19
2273,2273,FCI,15,1.5,3,1000,2,0.0998499393463134,False,0.0,0.0,0.0,0,0
2274,2274,MIIC,15,1.5,3,1000,3,0.0147418975830078,False,0.9411764705882352,0.7272727272727273,0.8205128205128205,7,7
2275,2275,GHC,15,1.5,3,1000,3,0.1018643379211425,False,0.8888888888888888,0.7272727272727273,0.7999999999999999,8,10
2276,2276,FCI,15,1.5,3,1000,3,0.0864841938018798,False,0.0,0.0,0.0,0,0
2277,2277,MIIC,15,1.5,3,1000,4,0.0108699798583984,False,1.0,0.5454545454545454,0.7058823529411764,10,17
2278,2278,GHC,15,1.5,3,1000,4,0.0988879203796386,False,0.8125,0.5909090909090909,0.6842105263157896,12,19
2279,2279,FCI,15,1.5,3,1000,4,0.0406477451324462,False,0.0,0.0,0.0,0,0
2280,2280,MIIC,15,1.5,4,100,0,0.0054171085357666,False,1.0,0.2272727272727272,0.3703703703703703,17,20
2281,2281,GHC,15,1.5,4,100,0,0.0783307552337646,False,0.6666666666666666,0.0909090909090909,0.16,21,22
2282,2282,FCI,15,1.5,4,100,0,0.0055739879608154,False,0.75,0.1363636363636363,0.2307692307692307,20,21
2283,2283,MIIC,15,1.5,4,100,1,0.0042710304260253,False,1.0,0.0909090909090909,0.1666666666666666,20,22
2284,2284,GHC,15,1.5,4,100,1,0.0753657817840576,False,1.0,0.0454545454545454,0.0869565217391304,21,22
2285,2285,FCI,15,1.5,4,100,1,0.0076980590820312,False,0.0,0.0,0.0,0,0
2286,2286,MIIC,15,1.5,4,100,2,0.0076260566711425,False,0.9,0.4090909090909091,0.5625000000000001,14,21
2287,2287,GHC,15,1.5,4,100,2,0.0844650268554687,False,1.0,0.3636363636363636,0.5333333333333333,14,21
2288,2288,FCI,15,1.5,4,100,2,0.0098979473114013,False,0.0,0.0,0.0,0,0
2289,2289,MIIC,15,1.5,4,100,3,0.006659984588623,False,0.8888888888888888,0.3636363636363636,0.5161290322580644,15,21
2290,2290,GHC,15,1.5,4,100,3,0.0852489471435546,False,0.875,0.3181818181818182,0.4666666666666667,16,22
2291,2291,FCI,15,1.5,4,100,3,0.0068528652191162,False,0.0,0.0,0.0,0,0
2292,2292,MIIC,15,1.5,4,100,4,0.0044989585876464,False,1.0,0.1363636363636363,0.24,19,21
2293,2293,GHC,15,1.5,4,100,4,0.0781538486480712,False,1.0,0.1363636363636363,0.24,19,21
2294,2294,FCI,15,1.5,4,100,4,0.0050764083862304,False,0.75,0.1363636363636363,0.2307692307692307,20,22
2295,2295,MIIC,15,1.5,4,250,0,0.0079181194305419,False,0.9,0.4090909090909091,0.5625000000000001,14,20
2296,2296,GHC,15,1.5,4,250,0,0.0902018547058105,False,0.7272727272727273,0.3636363636363636,0.4848484848484849,17,24
2297,2297,FCI,15,1.5,4,250,0,0.0080630779266357,False,0.0,0.0,0.0,0,0
2298,2298,MIIC,15,1.5,4,250,1,0.0081799030303955,False,1.0,0.5,0.6666666666666666,11,17
2299,2299,GHC,15,1.5,4,250,1,0.0872001647949218,False,1.0,0.3636363636363636,0.5333333333333333,14,18
2300,2300,FCI,15,1.5,4,250,1,0.0084879398345947,False,0.0,0.0,0.0,0,0
2301,2301,MIIC,15,1.5,4,250,2,0.0077621936798095,False,1.0,0.4545454545454545,0.625,12,20
2302,2302,GHC,15,1.5,4,250,2,0.0848729610443115,False,0.875,0.3181818181818182,0.4666666666666667,16,17
2303,2303,FCI,15,1.5,4,250,2,0.0092768669128417,False,0.0,0.0,0.0,0,0
2304,2304,MIIC,15,1.5,4,250,3,0.0098721981048583,False,1.0,0.5,0.6666666666666666,11,19
2305,2305,GHC,15,1.5,4,250,3,0.0856590270996093,False,0.8888888888888888,0.3636363636363636,0.5161290322580644,15,19
2306,2306,FCI,15,1.5,4,250,3,0.0117747783660888,False,0.0,0.0,0.0,0,0
2307,2307,MIIC,15,1.5,4,250,4,0.0074870586395263,False,0.8888888888888888,0.3636363636363636,0.5161290322580644,15,21
2308,2308,GHC,15,1.5,4,250,4,0.0869100093841552,False,1.0,0.4090909090909091,0.5806451612903226,13,21
2309,2309,FCI,15,1.5,4,250,4,0.0092990398406982,False,0.0,0.0,0.0,0,0
2310,2310,MIIC,15,1.5,4,500,0,0.0086128711700439,False,0.9166666666666666,0.5,0.6470588235294118,12,19
2311,2311,GHC,15,1.5,4,500,0,0.085447072982788,False,1.0,0.3181818181818182,0.4827586206896552,15,21
2312,2312,FCI,15,1.5,4,500,0,0.0130701065063476,False,0.0,0.0,0.0,0,0
2313,2313,MIIC,15,1.5,4,500,1,0.0087480545043945,False,1.0,0.5,0.6666666666666666,11,15
2314,2314,GHC,15,1.5,4,500,1,0.0894510746002197,False,1.0,0.4545454545454545,0.625,12,18
2315,2315,FCI,15,1.5,4,500,1,0.0094580650329589,False,0.0,0.0,0.0,0,0
2316,2316,MIIC,15,1.5,4,500,2,0.0081768035888671,False,1.0,0.4090909090909091,0.5806451612903226,13,19
2317,2317,GHC,15,1.5,4,500,2,0.0890920162200927,False,0.8888888888888888,0.3636363636363636,0.5161290322580644,15,22
2318,2318,FCI,15,1.5,4,500,2,0.0129449367523193,False,0.0,0.0,0.0,0,0
2319,2319,MIIC,15,1.5,4,500,3,0.0087518692016601,False,1.0,0.5,0.6666666666666666,11,15
2320,2320,GHC,15,1.5,4,500,3,0.0917260646820068,False,0.9166666666666666,0.5,0.6470588235294118,12,16
2321,2321,FCI,15,1.5,4,500,3,0.0121951103210449,False,0.0,0.0,0.0,0,0
2322,2322,MIIC,15,1.5,4,500,4,0.0091719627380371,False,1.0,0.5454545454545454,0.7058823529411764,10,15
2323,2323,GHC,15,1.5,4,500,4,0.088663101196289,False,1.0,0.5,0.6666666666666666,11,14
2324,2324,FCI,15,1.5,4,500,4,0.0125329494476318,False,0.0,0.0,0.0,0,0
2325,2325,MIIC,15,1.5,4,1000,0,0.0116708278656005,False,1.0,0.6363636363636364,0.7777777777777778,8,11
2326,2326,GHC,15,1.5,4,1000,0,0.0994079113006591,False,0.9333333333333332,0.6363636363636364,0.7567567567567568,9,13
2327,2327,FCI,15,1.5,4,1000,0,0.0309171676635742,False,0.0,0.0,0.0,0,0
2328,2328,MIIC,15,1.5,4,1000,1,0.0123710632324218,False,1.0,0.5714285714285714,0.7272727272727273,9,12
2329,2329,GHC,15,1.5,4,1000,1,0.0947251319885253,False,1.0,0.5714285714285714,0.7272727272727273,9,10
2330,2330,FCI,15,1.5,4,1000,1,0.0172641277313232,False,0.0,0.0,0.0,0,0
2331,2331,MIIC,15,1.5,4,1000,2,0.0164949893951416,False,0.9523809523809524,0.9090909090909092,0.9302325581395348,3,6
2332,2332,GHC,15,1.5,4,1000,2,0.0984129905700683,False,0.8333333333333334,0.6818181818181818,0.7499999999999999,10,17
2333,2333,FCI,15,1.5,4,1000,2,0.0782380104064941,False,0.0,0.0,0.0,0,0
2334,2334,MIIC,15,1.5,4,1000,3,0.00978684425354,False,0.9090909090909092,0.4545454545454545,0.6060606060606061,13,15
2335,2335,GHC,15,1.5,4,1000,3,0.0938491821289062,False,1.0,0.4545454545454545,0.625,12,14
2336,2336,FCI,15,1.5,4,1000,3,0.0169239044189453,False,0.0,0.0,0.0,0,0
2337,2337,MIIC,15,1.5,4,1000,4,0.0129399299621582,False,1.0,0.7142857142857143,0.8333333333333333,6,9
2338,2338,GHC,15,1.5,4,1000,4,0.0963480472564697,False,1.0,0.6666666666666666,0.8,7,11
2339,2339,FCI,15,1.5,4,1000,4,0.0207092761993408,False,0.0,0.0,0.0,0,0
2340,2340,MIIC,15,1.7,2,100,0,0.0109760761260986,False,0.6666666666666666,0.32,0.4324324324324324,21,27
2341,2341,GHC,15,1.7,2,100,0,0.0931520462036132,False,0.7142857142857143,0.4,0.5128205128205129,19,26
2342,2342,FCI,15,1.7,2,100,0,0.0084681510925292,False,0.0,0.0,0.0,0,0
2343,2343,MIIC,15,1.7,2,100,1,0.0083019733428955,False,0.7272727272727273,0.32,0.4444444444444444,20,28
2344,2344,GHC,15,1.7,2,100,1,0.0889880657196044,False,0.7272727272727273,0.32,0.4444444444444444,20,24
2345,2345,FCI,15,1.7,2,100,1,0.0070240497589111,False,0.0,0.0,0.0,0,0
2346,2346,MIIC,15,1.7,2,100,2,0.0091850757598876,False,0.8571428571428571,0.48,0.6153846153846153,15,23
2347,2347,GHC,15,1.7,2,100,2,0.0970938205718994,False,0.8666666666666667,0.52,0.65,14,22
2348,2348,FCI,15,1.7,2,100,2,0.0075461864471435,False,0.0,0.0,0.0,0,0
2349,2349,MIIC,15,1.7,2,100,3,0.0089750289916992,False,0.8333333333333334,0.4166666666666667,0.5555555555555556,16,24
2350,2350,GHC,15,1.7,2,100,3,0.092344045639038,False,0.8571428571428571,0.5,0.631578947368421,14,17
2351,2351,FCI,15,1.7,2,100,3,0.007620096206665,False,0.0,0.0,0.0,0,0
2352,2352,MIIC,15,1.7,2,100,4,0.0072691440582275,False,0.7777777777777778,0.28,0.4117647058823529,20,23
2353,2353,GHC,15,1.7,2,100,4,0.0857589244842529,False,0.7777777777777778,0.28,0.4117647058823529,20,25
2354,2354,FCI,15,1.7,2,100,4,0.0092658996582031,False,0.0,0.0,0.0,0,0
2355,2355,MIIC,15,1.7,2,250,0,0.0106177330017089,False,0.8333333333333334,0.4,0.5405405405405406,17,25
2356,2356,GHC,15,1.7,2,250,0,0.0874669551849365,False,0.8181818181818182,0.36,0.5,18,26
2357,2357,FCI,15,1.7,2,250,0,0.0094940662384033,False,0.0,0.0,0.0,0,0
2358,2358,MIIC,15,1.7,2,250,1,0.0091907978057861,False,0.9166666666666666,0.4782608695652174,0.6285714285714286,13,17
2359,2359,GHC,15,1.7,2,250,1,0.0929300785064697,False,0.9090909090909092,0.4347826086956521,0.5882352941176471,14,18
2360,2360,FCI,15,1.7,2,250,1,0.0097420215606689,False,0.0,0.0,0.0,0,0
2361,2361,MIIC,15,1.7,2,250,2,0.0073308944702148,False,1.0,0.4166666666666667,0.5882352941176471,14,20
2362,2362,GHC,15,1.7,2,250,2,0.0902340412139892,False,0.8333333333333334,0.4166666666666667,0.5555555555555556,16,22
2363,2363,FCI,15,1.7,2,250,2,0.0086090564727783,False,0.0,0.0,0.0,0,0
2364,2364,MIIC,15,1.7,2,250,3,0.0098989009857177,False,0.8571428571428571,0.48,0.6153846153846153,15,23
2365,2365,GHC,15,1.7,2,250,3,0.0958700180053711,False,0.8461538461538461,0.44,0.5789473684210525,16,25
2366,2366,FCI,15,1.7,2,250,3,0.0212197303771972,False,0.0,0.0,0.0,0,0
2367,2367,MIIC,15,1.7,2,250,4,0.0071191787719726,False,0.8888888888888888,0.32,0.4705882352941176,18,22
2368,2368,GHC,15,1.7,2,250,4,0.0942897796630859,False,0.8571428571428571,0.48,0.6153846153846153,15,16
2369,2369,FCI,15,1.7,2,250,4,0.0088498592376708,False,0.0,0.0,0.0,0,0
2370,2370,MIIC,15,1.7,2,500,0,0.0140650272369384,False,0.9285714285714286,0.52,0.6666666666666666,13,17
2371,2371,GHC,15,1.7,2,500,0,0.0992870330810546,False,0.9375,0.6,0.7317073170731707,11,14
2372,2372,FCI,15,1.7,2,500,0,0.0270099639892578,False,0.0,0.0,0.0,0,0
2373,2373,MIIC,15,1.7,2,500,1,0.0149450302124023,False,0.8947368421052632,0.68,0.7727272727272727,10,13
2374,2374,GHC,15,1.7,2,500,1,0.1059470176696777,False,0.8181818181818182,0.72,0.7659574468085107,11,18
2375,2375,FCI,15,1.7,2,500,1,0.0916981697082519,False,0.0,0.0,0.0,0,0
2376,2376,MIIC,15,1.7,2,500,2,0.0091981887817382,False,0.9090909090909092,0.4347826086956521,0.5882352941176471,14,15
2377,2377,GHC,15,1.7,2,500,2,0.1044769287109375,False,0.6875,0.4782608695652174,0.5641025641025642,17,21
2378,2378,FCI,15,1.7,2,500,2,0.0174520015716552,False,0.0,0.0,0.0,0,0
2379,2379,MIIC,15,1.7,2,500,3,0.012117862701416,False,0.8666666666666667,0.5416666666666666,0.6666666666666667,13,17
2380,2380,GHC,15,1.7,2,500,3,0.0957050323486328,False,0.7692307692307693,0.4166666666666667,0.5405405405405406,17,24
2381,2381,FCI,15,1.7,2,500,3,0.0663349628448486,False,0.0,0.0,0.0,0,0
2382,2382,MIIC,15,1.7,2,500,4,0.0167200565338134,False,0.9,0.72,0.7999999999999999,9,15
2383,2383,GHC,15,1.7,2,500,4,0.1035220623016357,False,0.9545454545454546,0.84,0.8936170212765958,5,12
2384,2384,FCI,15,1.7,2,500,4,0.1169278621673584,False,0.0,0.0,0.0,0,0
2385,2385,MIIC,15,1.7,2,1000,0,0.0118229389190673,False,1.0,0.5833333333333334,0.7368421052631579,10,16
2386,2386,GHC,15,1.7,2,1000,0,0.0989110469818115,False,0.875,0.5833333333333334,0.7000000000000001,12,20
2387,2387,FCI,15,1.7,2,1000,0,0.0407848358154296,False,0.0,0.0,0.0,0,0
2388,2388,MIIC,15,1.7,2,1000,1,0.0169999599456787,False,1.0,0.72,0.8372093023255813,7,13
2389,2389,GHC,15,1.7,2,1000,1,0.1059298515319824,False,1.0,0.8,0.888888888888889,5,8
2390,2390,FCI,15,1.7,2,1000,1,0.1059551239013671,False,0.0,0.0,0.0,0,0
2391,2391,MIIC,15,1.7,2,1000,2,0.0172510147094726,False,0.95,0.76,0.8444444444444444,7,14
2392,2392,GHC,15,1.7,2,1000,2,0.1067793369293212,False,0.9047619047619048,0.76,0.8260869565217391,8,11
2393,2393,FCI,15,1.7,2,1000,2,0.1019141674041748,False,0.0,0.0,0.0,0,0
2394,2394,MIIC,15,1.7,2,1000,3,0.0182230472564697,False,1.0,0.84,0.9130434782608696,4,7
2395,2395,GHC,15,1.7,2,1000,3,0.1140782833099365,False,0.84,0.84,0.8399999999999999,8,15
2396,2396,FCI,15,1.7,2,1000,3,0.4570679664611816,False,0.0,0.0,0.0,0,0
2397,2397,MIIC,15,1.7,2,1000,4,0.0215899944305419,False,1.0,0.7916666666666666,0.8837209302325582,5,12
2398,2398,GHC,15,1.7,2,1000,4,0.1020140647888183,False,0.95,0.7916666666666666,0.8636363636363635,6,8
2399,2399,FCI,15,1.7,2,1000,4,0.2513930797576904,False,0.0,0.0,0.0,0,0
2400,2400,MIIC,15,1.7,3,100,0,0.0070729255676269,False,1.0,0.4,0.5714285714285715,15,24
2401,2401,GHC,15,1.7,3,100,0,0.0936989784240722,False,1.0,0.36,0.5294117647058824,16,24
2402,2402,FCI,15,1.7,3,100,0,0.0074770450592041,False,0.8,0.16,0.2666666666666666,22,25
2403,2403,MIIC,15,1.7,3,100,1,0.0079410076141357,False,1.0,0.5217391304347826,0.6857142857142856,11,17
2404,2404,GHC,15,1.7,3,100,1,0.0892150402069091,False,1.0,0.4782608695652174,0.6470588235294118,12,14
2405,2405,FCI,15,1.7,3,100,1,0.0093641281127929,False,0.0,0.0,0.0,0,0
2406,2406,MIIC,15,1.7,3,100,2,0.0063600540161132,False,0.5714285714285714,0.1666666666666666,0.2580645161290322,23,25
2407,2407,GHC,15,1.7,3,100,2,0.0815882682800293,False,0.6666666666666666,0.1666666666666666,0.2666666666666666,22,26
2408,2408,FCI,15,1.7,3,100,2,0.0068528652191162,False,0.0,0.0,0.0,0,0
2409,2409,MIIC,15,1.7,3,100,3,0.0055968761444091,False,1.0,0.24,0.3870967741935484,19,23
2410,2410,GHC,15,1.7,3,100,3,0.0808098316192627,False,1.0,0.2,0.3333333333333333,20,24
2411,2411,FCI,15,1.7,3,100,3,0.0067420005798339,False,0.0,0.0,0.0,0,0
2412,2412,MIIC,15,1.7,3,100,4,0.0066912174224853,False,0.8571428571428571,0.24,0.375,20,23
2413,2413,GHC,15,1.7,3,100,4,0.0810670852661132,False,0.8333333333333334,0.2,0.3225806451612903,21,22
2414,2414,FCI,15,1.7,3,100,4,0.0068778991699218,False,0.0,0.0,0.0,0,0
2415,2415,MIIC,15,1.7,3,250,0,0.0056681632995605,False,0.8,0.1666666666666666,0.2758620689655172,21,25
2416,2416,GHC,15,1.7,3,250,0,0.0785989761352539,False,0.75,0.125,0.2142857142857142,22,25
2417,2417,FCI,15,1.7,3,250,0,0.0071802139282226,False,0.0,0.0,0.0,0,0
2418,2418,MIIC,15,1.7,3,250,1,0.0095071792602539,False,0.9230769230769232,0.5,0.6486486486486487,13,25
2419,2419,GHC,15,1.7,3,250,1,0.0921800136566162,False,0.8666666666666667,0.5416666666666666,0.6666666666666667,13,19
2420,2420,FCI,15,1.7,3,250,1,0.0158901214599609,False,0.0,0.0,0.0,0,0
2421,2421,MIIC,15,1.7,3,250,2,0.0074267387390136,False,1.0,0.36,0.5294117647058824,16,20
2422,2422,GHC,15,1.7,3,250,2,0.0831570625305175,False,1.0,0.32,0.4848484848484848,17,20
2423,2423,FCI,15,1.7,3,250,2,0.0116248130798339,False,0.0,0.0,0.0,0,0
2424,2424,MIIC,15,1.7,3,250,3,0.0083730220794677,False,0.8888888888888888,0.3333333333333333,0.4848484848484848,17,20
2425,2425,GHC,15,1.7,3,250,3,0.0849080085754394,False,0.875,0.2916666666666667,0.4375,18,20
2426,2426,FCI,15,1.7,3,250,3,0.0089530944824218,False,0.0,0.0,0.0,0,0
2427,2427,MIIC,15,1.7,3,250,4,0.0076351165771484,False,0.8888888888888888,0.32,0.4705882352941176,18,20
2428,2428,GHC,15,1.7,3,250,4,0.0851058959960937,False,0.8571428571428571,0.24,0.375,20,21
2429,2429,FCI,15,1.7,3,250,4,0.0081899166107177,False,0.0,0.0,0.0,0,0
2430,2430,MIIC,15,1.7,3,500,0,0.0112528800964355,False,1.0,0.56,0.717948717948718,11,18
2431,2431,GHC,15,1.7,3,500,0,0.1010317802429199,False,0.9333333333333332,0.56,0.7000000000000001,12,18
2432,2432,FCI,15,1.7,3,500,0,0.0164098739624023,False,0.0,0.0,0.0,0,0
2433,2433,MIIC,15,1.7,3,500,1,0.0087180137634277,False,1.0,0.44,0.6111111111111112,14,18
2434,2434,GHC,15,1.7,3,500,1,0.0982129573822021,False,0.9166666666666666,0.44,0.5945945945945945,15,20
2435,2435,FCI,15,1.7,3,500,1,0.0106699466705322,False,0.0,0.0,0.0,0,0
2436,2436,MIIC,15,1.7,3,500,2,0.0124800205230712,False,0.9444444444444444,0.68,0.7906976744186047,9,17
2437,2437,GHC,15,1.7,3,500,2,0.0957980155944824,False,1.0,0.64,0.7804878048780487,9,16
2438,2438,FCI,15,1.7,3,500,2,0.0375816822052001,False,0.0,0.0,0.0,0,0
2439,2439,MIIC,15,1.7,3,500,3,0.0078179836273193,False,0.7777777777777778,0.3043478260869565,0.4375,18,21
2440,2440,GHC,15,1.7,3,500,3,0.0885298252105712,False,1.0,0.391304347826087,0.5625,14,17
2441,2441,FCI,15,1.7,3,500,3,0.0093979835510253,False,0.0,0.0,0.0,0,0
2442,2442,MIIC,15,1.7,3,500,4,0.0100688934326171,False,0.8666666666666667,0.52,0.65,14,22
2443,2443,GHC,15,1.7,3,500,4,0.096182107925415,False,0.9166666666666666,0.44,0.5945945945945945,15,22
2444,2444,FCI,15,1.7,3,500,4,0.0166559219360351,False,0.0,0.0,0.0,0,0
2445,2445,MIIC,15,1.7,3,1000,0,0.0144209861755371,False,1.0,0.6,0.7499999999999999,10,17
2446,2446,GHC,15,1.7,3,1000,0,0.1005630493164062,False,1.0,0.56,0.717948717948718,11,16
2447,2447,FCI,15,1.7,3,1000,0,0.0320417881011962,False,0.0,0.0,0.0,0,0
2448,2448,MIIC,15,1.7,3,1000,1,0.0133140087127685,False,1.0,0.64,0.7804878048780487,9,13
2449,2449,GHC,15,1.7,3,1000,1,0.101046085357666,False,1.0,0.6,0.7499999999999999,10,14
2450,2450,FCI,15,1.7,3,1000,1,0.0611331462860107,False,0.0,0.0,0.0,0,0
2451,2451,MIIC,15,1.7,3,1000,2,0.0156450271606445,False,1.0,0.72,0.8372093023255813,7,14
2452,2452,GHC,15,1.7,3,1000,2,0.1084802150726318,False,0.8421052631578947,0.64,0.7272727272727272,12,19
2453,2453,FCI,15,1.7,3,1000,2,0.1500821113586425,False,0.0,0.0,0.0,0,0
2454,2454,MIIC,15,1.7,3,1000,3,0.0179479122161865,False,1.0,0.76,0.8636363636363636,6,10
2455,2455,GHC,15,1.7,3,1000,3,0.1095290184020996,False,0.95,0.76,0.8444444444444444,7,7
2456,2456,FCI,15,1.7,3,1000,3,0.0492720603942871,False,0.0,0.0,0.0,0,0
2457,2457,MIIC,15,1.7,3,1000,4,0.0140001773834228,False,1.0,0.6521739130434783,0.7894736842105263,8,11
2458,2458,GHC,15,1.7,3,1000,4,0.1023621559143066,False,0.9411764705882352,0.6956521739130435,0.7999999999999999,8,14
2459,2459,FCI,15,1.7,3,1000,4,0.0263638496398925,False,0.0,0.0,0.0,0,0
2460,2460,MIIC,15,1.7,4,100,0,0.0072948932647705,False,0.8571428571428571,0.24,0.375,20,25
2461,2461,GHC,15,1.7,4,100,0,0.0906479358673095,False,0.8571428571428571,0.24,0.375,20,23
2462,2462,FCI,15,1.7,4,100,0,0.0067052841186523,False,0.0,0.0,0.0,0,0
2463,2463,MIIC,15,1.7,4,100,1,0.0052690505981445,False,0.8,0.16,0.2666666666666666,22,24
2464,2464,GHC,15,1.7,4,100,1,0.0793817043304443,False,1.0,0.12,0.2142857142857142,22,23
2465,2465,FCI,15,1.7,4,100,1,0.0056238174438476,False,0.0,0.0,0.0,0,0
2466,2466,MIIC,15,1.7,4,100,2,0.0071587562561035,False,1.0,0.32,0.4848484848484848,17,19
2467,2467,GHC,15,1.7,4,100,2,0.0856578350067138,False,0.8571428571428571,0.24,0.375,20,20
2468,2468,FCI,15,1.7,4,100,2,0.0062298774719238,False,0.0,0.0,0.0,0,0
2469,2469,MIIC,15,1.7,4,100,3,0.0048439502716064,False,1.0,0.16,0.2758620689655173,21,24
2470,2470,GHC,15,1.7,4,100,3,0.0766646862030029,False,1.0,0.08,0.1481481481481481,23,24
2471,2471,FCI,15,1.7,4,100,3,0.0070888996124267,False,0.0,0.0,0.0,0,0
2472,2472,MIIC,15,1.7,4,100,4,0.0075080394744873,False,0.9,0.391304347826087,0.5454545454545454,15,23
2473,2473,GHC,15,1.7,4,100,4,0.0900659561157226,False,0.8888888888888888,0.3478260869565217,0.5,16,21
2474,2474,FCI,15,1.7,4,100,4,0.0075068473815917,False,1.0,0.1304347826086956,0.2307692307692307,20,22
2475,2475,MIIC,15,1.7,4,250,0,0.0060968399047851,False,0.8333333333333334,0.2,0.3225806451612903,21,24
2476,2476,GHC,15,1.7,4,250,0,0.0793261528015136,False,0.8,0.16,0.2666666666666666,22,24
2477,2477,FCI,15,1.7,4,250,0,0.0094869136810302,False,0.0,0.0,0.0,0,0
2478,2478,MIIC,15,1.7,4,250,1,0.006786823272705,False,0.875,0.2916666666666667,0.4375,18,23
2479,2479,GHC,15,1.7,4,250,1,0.0845470428466796,False,0.875,0.2916666666666667,0.4375,18,23
2480,2480,FCI,15,1.7,4,250,1,0.009192943572998,False,0.0,0.0,0.0,0,0
2481,2481,MIIC,15,1.7,4,250,2,0.0072071552276611,False,0.8888888888888888,0.32,0.4705882352941176,18,26
2482,2482,GHC,15,1.7,4,250,2,0.0817680358886718,False,1.0,0.28,0.4375,18,23
2483,2483,FCI,15,1.7,4,250,2,0.0115048885345458,False,0.0,0.0,0.0,0,0
2484,2484,MIIC,15,1.7,4,250,3,0.0049288272857666,False,1.0,0.125,0.2222222222222222,21,23
2485,2485,GHC,15,1.7,4,250,3,0.0748019218444824,False,1.0,0.0833333333333333,0.1538461538461538,22,23
2486,2486,FCI,15,1.7,4,250,3,0.0081961154937744,False,0.0,0.0,0.0,0,0
2487,2487,MIIC,15,1.7,4,250,4,0.0072698593139648,False,1.0,0.36,0.5294117647058824,16,20
2488,2488,GHC,15,1.7,4,250,4,0.0871469974517822,False,1.0,0.28,0.4375,18,20
2489,2489,FCI,15,1.7,4,250,4,0.0084409713745117,False,0.0,0.0,0.0,0,0
2490,2490,MIIC,15,1.7,4,500,0,0.0111949443817138,False,1.0,0.52,0.6842105263157895,12,14
2491,2491,GHC,15,1.7,4,500,0,0.0915198326110839,False,1.0,0.44,0.6111111111111112,14,15
2492,2492,FCI,15,1.7,4,500,0,0.017615795135498,False,0.0,0.0,0.0,0,0
2493,2493,MIIC,15,1.7,4,500,1,0.0096070766448974,False,1.0,0.52,0.6842105263157895,12,13
2494,2494,GHC,15,1.7,4,500,1,0.0999531745910644,False,0.7857142857142857,0.44,0.5641025641025641,17,23
2495,2495,FCI,15,1.7,4,500,1,0.0248739719390869,False,0.0,0.0,0.0,0,0
2496,2496,MIIC,15,1.7,4,500,2,0.0073227882385253,False,1.0,0.3333333333333333,0.5,16,18
2497,2497,GHC,15,1.7,4,500,2,0.0931980609893798,False,0.9,0.375,0.5294117647058825,16,18
2498,2498,FCI,15,1.7,4,500,2,0.0133502483367919,False,0.0,0.0,0.0,0,0
2499,2499,MIIC,15,1.7,4,500,3,0.0083980560302734,False,1.0,0.4166666666666667,0.5882352941176471,14,14
2500,2500,GHC,15,1.7,4,500,3,0.0895400047302246,False,1.0,0.3333333333333333,0.5,16,17
2501,2501,FCI,15,1.7,4,500,3,0.0116667747497558,False,0.0,0.0,0.0,0,0
2502,2502,MIIC,15,1.7,4,500,4,0.0079917907714843,False,1.0,0.36,0.5294117647058824,16,17
2503,2503,GHC,15,1.7,4,500,4,0.086076021194458,False,1.0,0.36,0.5294117647058824,16,16
2504,2504,FCI,15,1.7,4,500,4,0.0126600265502929,False,0.0,0.0,0.0,0,0
2505,2505,MIIC,15,1.7,4,1000,0,0.0145812034606933,False,1.0,0.6666666666666666,0.8,8,9
2506,2506,GHC,15,1.7,4,1000,0,0.1059110164642334,False,0.8947368421052632,0.7083333333333334,0.7906976744186046,9,15
2507,2507,FCI,15,1.7,4,1000,0,0.0531740188598632,False,0.0,0.0,0.0,0,0
2508,2508,MIIC,15,1.7,4,1000,1,0.0128979682922363,False,1.0,0.68,0.8095238095238095,8,9
2509,2509,GHC,15,1.7,4,1000,1,0.1053378582000732,False,0.9,0.72,0.7999999999999999,9,13
2510,2510,FCI,15,1.7,4,1000,1,0.0390748977661132,False,0.0,0.0,0.0,0,0
2511,2511,MIIC,15,1.7,4,1000,2,0.009256362915039,False,1.0,0.44,0.6111111111111112,14,19
2512,2512,GHC,15,1.7,4,1000,2,0.0925779342651367,False,0.8461538461538461,0.44,0.5789473684210525,16,25
2513,2513,FCI,15,1.7,4,1000,2,0.0339822769165039,False,0.0,0.0,0.0,0,0
2514,2514,MIIC,15,1.7,4,1000,3,0.0124318599700927,False,1.0,0.52,0.6842105263157895,12,15
2515,2515,GHC,15,1.7,4,1000,3,0.092850923538208,False,0.9166666666666666,0.44,0.5945945945945945,15,20
2516,2516,FCI,15,1.7,4,1000,3,0.0268406867980957,False,0.0,0.0,0.0,0,0
2517,2517,MIIC,15,1.7,4,1000,4,0.0133337974548339,False,0.9285714285714286,0.52,0.6666666666666666,13,19
2518,2518,GHC,15,1.7,4,1000,4,0.0932960510253906,False,1.0,0.52,0.6842105263157895,12,16
2519,2519,FCI,15,1.7,4,1000,4,0.0234558582305908,False,0.0,0.0,0.0,0,0
2520,2520,MIIC,15,1.9,2,100,0,0.0088019371032714,False,0.5833333333333334,0.25,0.35,26,31
2521,2521,GHC,15,1.9,2,100,0,0.08636474609375,False,0.6666666666666666,0.2142857142857142,0.3243243243243243,25,30
2522,2522,FCI,15,1.9,2,100,0,0.0058760643005371,False,1.0,0.2142857142857142,0.3529411764705882,22,26
2523,2523,MIIC,15,1.9,2,100,1,0.0075259208679199,False,0.7,0.2592592592592592,0.3783783783783783,23,27
2524,2524,GHC,15,1.9,2,100,1,0.085604190826416,False,0.7777777777777778,0.2592592592592592,0.3888888888888889,22,26
2525,2525,FCI,15,1.9,2,100,1,0.007908821105957,False,0.0,0.0,0.0,0,0
2526,2526,MIIC,15,1.9,2,100,2,0.0099759101867675,False,0.625,0.3571428571428571,0.4545454545454545,24,29
2527,2527,GHC,15,1.9,2,100,2,0.0990469455718994,False,0.5882352941176471,0.3571428571428571,0.4444444444444445,25,32
2528,2528,FCI,15,1.9,2,100,2,0.0086550712585449,False,0.0,0.0,0.0,0,0
2529,2529,MIIC,15,1.9,2,100,3,0.007814884185791,False,0.7,0.25,0.3684210526315789,24,27
2530,2530,GHC,15,1.9,2,100,3,0.0889482498168945,False,0.625,0.1785714285714285,0.2777777777777778,26,30
2531,2531,FCI,15,1.9,2,100,3,0.007922887802124,False,0.0,0.0,0.0,0,0
2532,2532,MIIC,15,1.9,2,100,4,0.006711721420288,False,0.6666666666666666,0.2142857142857142,0.3243243243243243,25,30
2533,2533,GHC,15,1.9,2,100,4,0.0841920375823974,False,0.8571428571428571,0.2142857142857142,0.3428571428571428,23,28
2534,2534,FCI,15,1.9,2,100,4,0.0055489540100097,False,0.75,0.1071428571428571,0.1875,26,28
2535,2535,MIIC,15,1.9,2,250,0,0.0091509819030761,False,0.7692307692307693,0.3703703703703703,0.5,20,25
2536,2536,GHC,15,1.9,2,250,0,0.0930931568145752,False,0.9166666666666666,0.4074074074074074,0.5641025641025641,17,24
2537,2537,FCI,15,1.9,2,250,0,0.0103518962860107,False,0.0,0.0,0.0,0,0
2538,2538,MIIC,15,1.9,2,250,1,0.0076308250427246,False,1.0,0.3928571428571428,0.5641025641025641,17,26
2539,2539,GHC,15,1.9,2,250,1,0.0913739204406738,False,1.0,0.4285714285714285,0.6,16,20
2540,2540,FCI,15,1.9,2,250,1,0.0463972091674804,False,0.0,0.0,0.0,0,0
2541,2541,MIIC,15,1.9,2,250,2,0.0070762634277343,False,1.0,0.2857142857142857,0.4444444444444445,20,26
2542,2542,GHC,15,1.9,2,250,2,0.0939030647277832,False,1.0,0.25,0.4,21,26
2543,2543,FCI,15,1.9,2,250,2,0.0076000690460205,False,0.0,0.0,0.0,0,0
2544,2544,MIIC,15,1.9,2,250,3,0.0103628635406494,False,0.9166666666666666,0.3928571428571428,0.55,18,23
2545,2545,GHC,15,1.9,2,250,3,0.0958180427551269,False,0.875,0.5,0.6363636363636364,16,20
2546,2546,FCI,15,1.9,2,250,3,0.0122601985931396,False,0.0,0.0,0.0,0,0
2547,2547,MIIC,15,1.9,2,250,4,0.008610725402832,False,0.8461538461538461,0.3928571428571428,0.5365853658536585,19,25
2548,2548,GHC,15,1.9,2,250,4,0.0944886207580566,False,0.75,0.3214285714285714,0.45,22,28
2549,2549,FCI,15,1.9,2,250,4,0.0082788467407226,False,0.0,0.0,0.0,0,0
2550,2550,MIIC,15,1.9,2,500,0,0.0157208442687988,False,0.9411764705882352,0.5714285714285714,0.7111111111111111,13,18
2551,2551,GHC,15,1.9,2,500,0,0.1015269756317138,False,0.9,0.6428571428571429,0.75,12,16
2552,2552,FCI,15,1.9,2,500,0,0.0391168594360351,False,0.0,0.0,0.0,0,0
2553,2553,MIIC,15,1.9,2,500,1,0.0158760547637939,False,0.9473684210526316,0.6428571428571429,0.7659574468085106,11,20
2554,2554,GHC,15,1.9,2,500,1,0.1079280376434326,False,0.9090909090909092,0.7142857142857143,0.8,10,17
2555,2555,FCI,15,1.9,2,500,1,0.046342134475708,False,0.0,0.0,0.0,0,0
2556,2556,MIIC,15,1.9,2,500,2,0.0147910118103027,False,1.0,0.6071428571428571,0.7555555555555554,11,15
2557,2557,GHC,15,1.9,2,500,2,0.1054489612579345,False,0.9,0.6428571428571429,0.75,12,22
2558,2558,FCI,15,1.9,2,500,2,0.1027848720550537,False,0.0,0.0,0.0,0,0
2559,2559,MIIC,15,1.9,2,500,3,0.0146481990814208,False,0.9473684210526316,0.6428571428571429,0.7659574468085106,11,16
2560,2560,GHC,15,1.9,2,500,3,0.1095240116119384,False,0.9545454545454546,0.75,0.84,8,13
2561,2561,FCI,15,1.9,2,500,3,0.1695349216461181,False,0.0,0.0,0.0,0,0
2562,2562,MIIC,15,1.9,2,500,4,0.0137639045715332,False,0.9411764705882352,0.5925925925925926,0.7272727272727272,12,17
2563,2563,GHC,15,1.9,2,500,4,0.1029717922210693,False,0.8421052631578947,0.5925925925925926,0.6956521739130435,14,20
2564,2564,FCI,15,1.9,2,500,4,0.0849690437316894,False,0.0,0.0,0.0,0,0
2565,2565,MIIC,15,1.9,2,1000,0,0.0154008865356445,False,0.9444444444444444,0.68,0.7906976744186047,9,13
2566,2566,GHC,15,1.9,2,1000,0,0.1164748668670654,False,0.75,0.72,0.7346938775510204,13,21
2567,2567,FCI,15,1.9,2,1000,0,0.1036880016326904,False,0.0,0.0,0.0,0,0
2568,2568,MIIC,15,1.9,2,1000,1,0.0198819637298584,False,0.95,0.7037037037037037,0.8085106382978724,9,13
2569,2569,GHC,15,1.9,2,1000,1,0.1204712390899658,False,0.8571428571428571,0.8888888888888888,0.8727272727272727,7,14
2570,2570,FCI,15,1.9,2,1000,1,0.3435678482055664,False,0.0,0.0,0.0,0,0
2571,2571,MIIC,15,1.9,2,1000,2,0.0188729763031005,False,0.9411764705882352,0.5714285714285714,0.7111111111111111,13,18
2572,2572,GHC,15,1.9,2,1000,2,0.1063179969787597,False,0.8181818181818182,0.6428571428571429,0.7200000000000001,14,28
2573,2573,FCI,15,1.9,2,1000,2,0.0685791969299316,False,0.0,0.0,0.0,0,0
2574,2574,MIIC,15,1.9,2,1000,3,0.021461009979248,False,0.8695652173913043,0.7142857142857143,0.7843137254901961,11,15
2575,2575,GHC,15,1.9,2,1000,3,0.1083829402923584,False,0.7916666666666666,0.6785714285714286,0.7307692307692307,14,26
2576,2576,FCI,15,1.9,2,1000,3,0.4590959548950195,False,0.0,0.0,0.0,0,0
2577,2577,MIIC,15,1.9,2,1000,4,0.0168089866638183,False,1.0,0.5925925925925926,0.7441860465116279,11,21
2578,2578,GHC,15,1.9,2,1000,4,0.1043539047241211,False,0.85,0.6296296296296297,0.723404255319149,13,24
2579,2579,FCI,15,1.9,2,1000,4,0.1473779678344726,False,0.0,0.0,0.0,0,0
2580,2580,MIIC,15,1.9,3,100,0,0.0059010982513427,False,0.75,0.2222222222222222,0.3428571428571428,23,27
2581,2581,GHC,15,1.9,3,100,0,0.0792348384857177,False,0.5,0.074074074074074,0.1290322580645161,27,28
2582,2582,FCI,15,1.9,3,100,0,0.0064249038696289,False,0.0,0.0,0.0,0,0
2583,2583,MIIC,15,1.9,3,100,1,0.0046541690826416,False,0.6666666666666666,0.0769230769230769,0.1379310344827586,25,27
2584,2584,GHC,15,1.9,3,100,1,0.0816690921783447,False,0.6666666666666666,0.0769230769230769,0.1379310344827586,25,27
2585,2585,FCI,15,1.9,3,100,1,0.0057830810546875,False,0.0,0.0,0.0,0,0
2586,2586,MIIC,15,1.9,3,100,2,0.0069429874420166,False,0.7142857142857143,0.1785714285714285,0.2857142857142857,25,27
2587,2587,GHC,15,1.9,3,100,2,0.0803570747375488,False,1.0,0.1785714285714285,0.303030303030303,23,25
2588,2588,FCI,15,1.9,3,100,2,0.0069258213043212,False,0.0,0.0,0.0,0,0
2589,2589,MIIC,15,1.9,3,100,3,0.0066943168640136,False,0.8888888888888888,0.3076923076923077,0.4571428571428572,19,25
2590,2590,GHC,15,1.9,3,100,3,0.086987018585205,False,0.875,0.2692307692307692,0.411764705882353,20,25
2591,2591,FCI,15,1.9,3,100,3,0.0066490173339843,False,0.0,0.0,0.0,0,0
2592,2592,MIIC,15,1.9,3,100,4,0.0051100254058837,False,0.8,0.1428571428571428,0.2424242424242424,25,29
2593,2593,GHC,15,1.9,3,100,4,0.0821571350097656,False,0.6,0.1071428571428571,0.1818181818181818,27,30
2594,2594,FCI,15,1.9,3,100,4,0.0054988861083984,False,0.0,0.0,0.0,0,0
2595,2595,MIIC,15,1.9,3,250,0,0.0072460174560546,False,1.0,0.2857142857142857,0.4444444444444445,20,23
2596,2596,GHC,15,1.9,3,250,0,0.0854940414428711,False,1.0,0.2857142857142857,0.4444444444444445,20,23
2597,2597,FCI,15,1.9,3,250,0,0.0081219673156738,False,0.0,0.0,0.0,0,0
2598,2598,MIIC,15,1.9,3,250,1,0.0067319869995117,False,1.0,0.2142857142857142,0.3529411764705882,22,26
2599,2599,GHC,15,1.9,3,250,1,0.084125280380249,False,0.8333333333333334,0.1785714285714285,0.2941176470588235,24,27
2600,2600,FCI,15,1.9,3,250,1,0.0135281085968017,False,0.0,0.0,0.0,0,0
2601,2601,MIIC,15,1.9,3,250,2,0.0065598487854003,False,1.0,0.2857142857142857,0.4444444444444445,20,26
2602,2602,GHC,15,1.9,3,250,2,0.0821998119354248,False,0.8571428571428571,0.2142857142857142,0.3428571428571428,23,28
2603,2603,FCI,15,1.9,3,250,2,0.0085408687591552,False,0.0,0.0,0.0,0,0
2604,2604,MIIC,15,1.9,3,250,3,0.0075268745422363,False,1.0,0.3214285714285714,0.4864864864864865,19,28
2605,2605,GHC,15,1.9,3,250,3,0.0897450447082519,False,1.0,0.3928571428571428,0.5641025641025641,17,22
2606,2606,FCI,15,1.9,3,250,3,0.0117390155792236,False,0.0,0.0,0.0,0,0
2607,2607,MIIC,15,1.9,3,250,4,0.0074448585510253,False,1.0,0.3703703703703703,0.5405405405405406,17,22
2608,2608,GHC,15,1.9,3,250,4,0.0961089134216308,False,0.9166666666666666,0.4074074074074074,0.5641025641025641,17,20
2609,2609,FCI,15,1.9,3,250,4,0.0114059448242187,False,0.0,0.0,0.0,0,0
2610,2610,MIIC,15,1.9,3,500,0,0.0100300312042236,False,1.0,0.5,0.6666666666666666,14,26
2611,2611,GHC,15,1.9,3,500,0,0.0895221233367919,False,0.9090909090909092,0.3571428571428571,0.5128205128205129,19,27
2612,2612,FCI,15,1.9,3,500,0,0.0148060321807861,False,0.0,0.0,0.0,0,0
2613,2613,MIIC,15,1.9,3,500,1,0.0084619522094726,False,1.0,0.44,0.6111111111111112,14,18
2614,2614,GHC,15,1.9,3,500,1,0.0930721759796142,False,0.9166666666666666,0.44,0.5945945945945945,15,22
2615,2615,FCI,15,1.9,3,500,1,0.0154690742492675,False,0.0,0.0,0.0,0,0
2616,2616,MIIC,15,1.9,3,500,2,0.0107719898223876,False,0.9285714285714286,0.4814814814814814,0.6341463414634146,15,18
2617,2617,GHC,15,1.9,3,500,2,0.0962450504302978,False,0.9285714285714286,0.4814814814814814,0.6341463414634146,15,17
2618,2618,FCI,15,1.9,3,500,2,0.0250298976898193,False,0.0,0.0,0.0,0,0
2619,2619,MIIC,15,1.9,3,500,3,0.0095751285552978,False,0.9166666666666666,0.3928571428571428,0.55,18,24
2620,2620,GHC,15,1.9,3,500,3,0.0966761112213134,False,0.9230769230769232,0.4285714285714285,0.5853658536585366,17,26
2621,2621,FCI,15,1.9,3,500,3,0.0196049213409423,False,0.0,0.0,0.0,0,0
2622,2622,MIIC,15,1.9,3,500,4,0.0117440223693847,False,1.0,0.4642857142857143,0.6341463414634146,15,17
2623,2623,GHC,15,1.9,3,500,4,0.0981578826904296,False,0.8666666666666667,0.4642857142857143,0.6046511627906976,17,22
2624,2624,FCI,15,1.9,3,500,4,0.0324656963348388,False,0.0,0.0,0.0,0,0
2625,2625,MIIC,15,1.9,3,1000,0,0.0116338729858398,False,1.0,0.4814814814814814,0.65,14,21
2626,2626,GHC,15,1.9,3,1000,0,0.0964658260345459,False,1.0,0.4814814814814814,0.65,14,20
2627,2627,FCI,15,1.9,3,1000,0,0.0177242755889892,False,0.0,0.0,0.0,0,0
2628,2628,MIIC,15,1.9,3,1000,1,0.0160558223724365,False,1.0,0.75,0.8571428571428571,7,17
2629,2629,GHC,15,1.9,3,1000,1,0.0965309143066406,False,0.8823529411764706,0.5357142857142857,0.6666666666666667,15,24
2630,2630,FCI,15,1.9,3,1000,1,0.0857870578765869,False,0.0,0.0,0.0,0,0
2631,2631,MIIC,15,1.9,3,1000,2,0.0141279697418212,False,0.9333333333333332,0.5185185185185185,0.6666666666666667,14,17
2632,2632,GHC,15,1.9,3,1000,2,0.1007149219512939,False,1.0,0.6296296296296297,0.7727272727272727,10,15
2633,2633,FCI,15,1.9,3,1000,2,0.0676829814910888,False,0.0,0.0,0.0,0,0
2634,2634,MIIC,15,1.9,3,1000,3,0.0176050662994384,False,1.0,0.7142857142857143,0.8333333333333333,8,14
2635,2635,GHC,15,1.9,3,1000,3,0.1091172695159912,False,0.9545454545454546,0.75,0.84,8,13
2636,2636,FCI,15,1.9,3,1000,3,0.1120579242706298,False,0.0,0.0,0.0,0,0
2637,2637,MIIC,15,1.9,3,1000,4,0.0086991786956787,False,1.0,0.2857142857142857,0.4444444444444445,20,26
2638,2638,GHC,15,1.9,3,1000,4,0.0836472511291503,False,1.0,0.25,0.4,21,23
2639,2639,FCI,15,1.9,3,1000,4,0.0314199924468994,False,0.0,0.0,0.0,0,0
2640,2640,MIIC,15,1.9,4,100,0,0.0050179958343505,False,1.0,0.1428571428571428,0.25,24,27
2641,2641,GHC,15,1.9,4,100,0,0.0790762901306152,False,0.75,0.1071428571428571,0.1875,26,28
2642,2642,FCI,15,1.9,4,100,0,0.0057818889617919,False,1.0,0.1428571428571428,0.25,24,27
2643,2643,MIIC,15,1.9,4,100,1,0.0066168308258056,False,0.875,0.2692307692307692,0.411764705882353,20,22
2644,2644,GHC,15,1.9,4,100,1,0.0933408737182617,False,0.7777777777777778,0.2692307692307692,0.3999999999999999,21,27
2645,2645,FCI,15,1.9,4,100,1,0.0077021121978759,False,0.0,0.0,0.0,0,0
2646,2646,MIIC,15,1.9,4,100,2,0.0058717727661132,False,0.8333333333333334,0.1785714285714285,0.2941176470588235,24,27
2647,2647,GHC,15,1.9,4,100,2,0.0760130882263183,False,1.0,0.0714285714285714,0.1333333333333333,26,27
2648,2648,FCI,15,1.9,4,100,2,0.0081720352172851,False,0.0,0.0,0.0,0,0
2649,2649,MIIC,15,1.9,4,100,3,0.0049550533294677,False,0.75,0.1071428571428571,0.1875,26,29
2650,2650,GHC,15,1.9,4,100,3,0.0769779682159423,False,1.0,0.0714285714285714,0.1333333333333333,26,28
2651,2651,FCI,15,1.9,4,100,3,0.0071628093719482,False,0.0,0.0,0.0,0,0
2652,2652,MIIC,15,1.9,4,100,4,0.0049619674682617,False,0.75,0.1071428571428571,0.1875,26,28
2653,2653,GHC,15,1.9,4,100,4,0.078082799911499,False,1.0,0.1071428571428571,0.1935483870967741,25,27
2654,2654,FCI,15,1.9,4,100,4,0.0059232711791992,False,0.0,0.0,0.0,0,0
2655,2655,MIIC,15,1.9,4,250,0,0.0059750080108642,False,1.0,0.2142857142857142,0.3529411764705882,22,25
2656,2656,GHC,15,1.9,4,250,0,0.0824270248413086,False,1.0,0.25,0.4,21,23
2657,2657,FCI,15,1.9,4,250,0,0.007725715637207,False,0.0,0.0,0.0,0,0
2658,2658,MIIC,15,1.9,4,250,1,0.0064020156860351,False,1.0,0.25,0.4,21,27
2659,2659,GHC,15,1.9,4,250,1,0.0892510414123535,False,0.8571428571428571,0.2142857142857142,0.3428571428571428,23,29
2660,2660,FCI,15,1.9,4,250,1,0.0106029510498046,False,0.0,0.0,0.0,0,0
2661,2661,MIIC,15,1.9,4,250,2,0.0071580410003662,False,0.875,0.2692307692307692,0.411764705882353,20,22
2662,2662,GHC,15,1.9,4,250,2,0.0810117721557617,False,1.0,0.1923076923076923,0.3225806451612903,21,22
2663,2663,FCI,15,1.9,4,250,2,0.0075299739837646,False,0.0,0.0,0.0,0,0
2664,2664,MIIC,15,1.9,4,250,3,0.0075328350067138,False,0.8888888888888888,0.2857142857142857,0.4324324324324324,21,24
2665,2665,GHC,15,1.9,4,250,3,0.0865440368652343,False,0.875,0.25,0.3888888888888889,22,27
2666,2666,FCI,15,1.9,4,250,3,0.010556936264038,False,0.0,0.0,0.0,0,0
2667,2667,MIIC,15,1.9,4,250,4,0.0077879428863525,False,0.8888888888888888,0.2857142857142857,0.4324324324324324,21,25
2668,2668,GHC,15,1.9,4,250,4,0.0882532596588134,False,0.7777777777777778,0.25,0.3783783783783784,23,29
2669,2669,FCI,15,1.9,4,250,4,0.0113630294799804,False,0.0,0.0,0.0,0,0
2670,2670,MIIC,15,1.9,4,500,0,0.0069289207458496,False,1.0,0.2592592592592592,0.4117647058823529,20,21
2671,2671,GHC,15,1.9,4,500,0,0.0848798751831054,False,1.0,0.2592592592592592,0.4117647058823529,20,21
2672,2672,FCI,15,1.9,4,500,0,0.0127651691436767,False,0.0,0.0,0.0,0,0
2673,2673,MIIC,15,1.9,4,500,1,0.0085980892181396,False,1.0,0.3846153846153846,0.5555555555555556,16,21
2674,2674,GHC,15,1.9,4,500,1,0.0850541591644287,False,1.0,0.2692307692307692,0.4242424242424242,19,23
2675,2675,FCI,15,1.9,4,500,1,0.0161137580871582,False,0.0,0.0,0.0,0,0
2676,2676,MIIC,15,1.9,4,500,2,0.0082917213439941,False,1.0,0.3571428571428571,0.5263157894736842,18,22
2677,2677,GHC,15,1.9,4,500,2,0.0836019515991211,False,1.0,0.25,0.4,21,25
2678,2678,FCI,15,1.9,4,500,2,0.0122301578521728,False,0.0,0.0,0.0,0,0
2679,2679,MIIC,15,1.9,4,500,3,0.0097880363464355,False,1.0,0.4642857142857143,0.6341463414634146,15,23
2680,2680,GHC,15,1.9,4,500,3,0.0921108722686767,False,1.0,0.4642857142857143,0.6341463414634146,15,22
2681,2681,FCI,15,1.9,4,500,3,0.0131111145019531,False,0.0,0.0,0.0,0,0
2682,2682,MIIC,15,1.9,4,500,4,0.0071990489959716,False,1.0,0.2857142857142857,0.4444444444444445,20,22
2683,2683,GHC,15,1.9,4,500,4,0.0815093517303466,False,1.0,0.2142857142857142,0.3529411764705882,22,22
2684,2684,FCI,15,1.9,4,500,4,0.0103390216827392,False,0.0,0.0,0.0,0,0
2685,2685,MIIC,15,1.9,4,1000,0,0.0168080329895019,False,0.9473684210526316,0.6428571428571429,0.7659574468085106,11,20
2686,2686,GHC,15,1.9,4,1000,0,0.1058330535888671,False,1.0,0.7142857142857143,0.8333333333333333,8,16
2687,2687,FCI,15,1.9,4,1000,0,0.0712850093841552,False,0.0,0.0,0.0,0,0
2688,2688,MIIC,15,1.9,4,1000,1,0.0144293308258056,False,1.0,0.5,0.6666666666666666,14,15
2689,2689,GHC,15,1.9,4,1000,1,0.0986521244049072,False,0.8666666666666667,0.4642857142857143,0.6046511627906976,17,22
2690,2690,FCI,15,1.9,4,1000,1,0.0265400409698486,False,0.0,0.0,0.0,0,0
2691,2691,MIIC,15,1.9,4,1000,2,0.0123960971832275,False,1.0,0.5714285714285714,0.7272727272727273,12,16
2692,2692,GHC,15,1.9,4,1000,2,0.0972471237182617,False,0.8823529411764706,0.5357142857142857,0.6666666666666667,15,24
2693,2693,FCI,15,1.9,4,1000,2,0.0508458614349365,False,0.0,0.0,0.0,0,0
2694,2694,MIIC,15,1.9,4,1000,3,0.0112347602844238,False,1.0,0.5416666666666666,0.7027027027027027,11,13
2695,2695,GHC,15,1.9,4,1000,3,0.0933339595794677,False,0.9285714285714286,0.5416666666666666,0.6842105263157894,12,16
2696,2696,FCI,15,1.9,4,1000,3,0.0366756916046142,False,0.0,0.0,0.0,0,0
2697,2697,MIIC,15,1.9,4,1000,4,0.0118989944458007,False,1.0,0.3571428571428571,0.5263157894736842,18,21
2698,2698,GHC,15,1.9,4,1000,4,0.0887572765350341,False,1.0,0.3214285714285714,0.4864864864864865,19,21
2699,2699,FCI,15,1.9,4,1000,4,0.0254979133605957,False,0.0,0.0,0.0,0,0
2700,2700,MIIC,20,1.1,2,100,0,0.0169200897216796,False,0.6,0.5454545454545454,0.5714285714285713,18,26
2701,2701,GHC,20,1.1,2,100,0,0.1743669509887695,False,0.5652173913043478,0.5909090909090909,0.5777777777777778,19,27
2702,2702,FCI,20,1.1,2,100,0,0.0141060352325439,False,0.0,0.0,0.0,0,0
2703,2703,MIIC,20,1.1,2,100,1,0.0146141052246093,False,0.7222222222222222,0.5909090909090909,0.65,14,23
2704,2704,GHC,20,1.1,2,100,1,0.1705679893493652,False,0.631578947368421,0.5454545454545454,0.5853658536585366,17,25
2705,2705,FCI,20,1.1,2,100,1,0.0174648761749267,False,0.0,0.0,0.0,0,0
2706,2706,MIIC,20,1.1,2,100,2,0.0120737552642822,False,0.75,0.4285714285714285,0.5454545454545454,15,17
2707,2707,GHC,20,1.1,2,100,2,0.162255048751831,False,0.6428571428571429,0.4285714285714285,0.5142857142857143,17,22
2708,2708,FCI,20,1.1,2,100,2,0.0195379257202148,False,0.0,0.0,0.0,0,0
2709,2709,MIIC,20,1.1,2,100,3,0.0117638111114501,False,0.4166666666666667,0.2272727272727272,0.2941176470588235,24,27
2710,2710,GHC,20,1.1,2,100,3,0.1645460128784179,False,0.5714285714285714,0.3636363636363636,0.4444444444444444,20,24
2711,2711,FCI,20,1.1,2,100,3,0.0115079879760742,False,0.7142857142857143,0.2272727272727272,0.3448275862068965,19,22
2712,2712,MIIC,20,1.1,2,100,4,0.0080409049987792,False,0.6666666666666666,0.1818181818181818,0.2857142857142857,20,23
2713,2713,GHC,20,1.1,2,100,4,0.1496229171752929,False,0.5,0.2272727272727272,0.3125,22,25
2714,2714,FCI,20,1.1,2,100,4,0.0112669467926025,False,1.0,0.1818181818181818,0.3076923076923077,18,21
2715,2715,MIIC,20,1.1,2,250,0,0.0134162902832031,False,0.6,0.4090909090909091,0.4864864864864865,19,23
2716,2716,GHC,20,1.1,2,250,0,0.1668610572814941,False,0.5625,0.4090909090909091,0.4736842105263157,20,24
2717,2717,FCI,20,1.1,2,250,0,0.0147311687469482,False,0.0,0.0,0.0,0,0
2718,2718,MIIC,20,1.1,2,250,1,0.0124790668487548,False,0.9230769230769232,0.5454545454545454,0.6857142857142856,11,19
2719,2719,GHC,20,1.1,2,250,1,0.1678230762481689,False,0.8125,0.5909090909090909,0.6842105263157896,12,20
2720,2720,FCI,20,1.1,2,250,1,0.0153169631958007,False,0.0,0.0,0.0,0,0
2721,2721,MIIC,20,1.1,2,250,2,0.0122039318084716,False,0.8,0.3636363636363636,0.5000000000000001,16,23
2722,2722,GHC,20,1.1,2,250,2,0.1487410068511963,False,0.8,0.3636363636363636,0.5000000000000001,16,21
2723,2723,FCI,20,1.1,2,250,2,0.0133371353149414,False,0.0,0.0,0.0,0,0
2724,2724,MIIC,20,1.1,2,250,3,0.0138349533081054,False,0.9285714285714286,0.5909090909090909,0.7222222222222223,10,15
2725,2725,GHC,20,1.1,2,250,3,0.1741979122161865,False,0.7647058823529411,0.5909090909090909,0.6666666666666667,13,21
2726,2726,FCI,20,1.1,2,250,3,0.0217120647430419,False,0.0,0.0,0.0,0,0
2727,2727,MIIC,20,1.1,2,250,4,0.0139777660369873,False,0.9375,0.6818181818181818,0.7894736842105263,8,10
2728,2728,GHC,20,1.1,2,250,4,0.1723849773406982,False,0.7222222222222222,0.5909090909090909,0.65,14,17
2729,2729,FCI,20,1.1,2,250,4,0.0192718505859375,False,0.0,0.0,0.0,0,0
2730,2730,MIIC,20,1.1,2,500,0,0.0169770717620849,False,0.9375,0.6818181818181818,0.7894736842105263,8,11
2731,2731,GHC,20,1.1,2,500,0,0.1732869148254394,False,0.8888888888888888,0.7272727272727273,0.7999999999999999,8,10
2732,2732,FCI,20,1.1,2,500,0,0.0275132656097412,False,0.0,0.0,0.0,0,0
2733,2733,MIIC,20,1.1,2,500,1,0.0173530578613281,False,0.875,0.6363636363636364,0.7368421052631579,10,20
2734,2734,GHC,20,1.1,2,500,1,0.1703650951385498,False,0.8333333333333334,0.6818181818181818,0.7499999999999999,10,15
2735,2735,FCI,20,1.1,2,500,1,0.0215387344360351,False,0.0,0.0,0.0,0,0
2736,2736,MIIC,20,1.1,2,500,2,0.0128190517425537,False,0.9166666666666666,0.5,0.6470588235294118,12,17
2737,2737,GHC,20,1.1,2,500,2,0.1583132743835449,False,0.8571428571428571,0.5454545454545454,0.6666666666666665,12,15
2738,2738,FCI,20,1.1,2,500,2,0.0178890228271484,False,0.0,0.0,0.0,0,0
2739,2739,MIIC,20,1.1,2,500,3,0.0165760517120361,False,0.9411764705882352,0.7272727272727273,0.8205128205128205,7,12
2740,2740,GHC,20,1.1,2,500,3,0.1830940246582031,False,0.8421052631578947,0.7272727272727273,0.7804878048780488,9,18
2741,2741,FCI,20,1.1,2,500,3,0.0636191368103027,False,0.0,0.0,0.0,0,0
2742,2742,MIIC,20,1.1,2,500,4,0.0201079845428466,False,0.7777777777777778,0.6363636363636364,0.7000000000000001,12,17
2743,2743,GHC,20,1.1,2,500,4,0.1720938682556152,False,0.7777777777777778,0.6363636363636364,0.7000000000000001,12,18
2744,2744,FCI,20,1.1,2,500,4,0.018244981765747,False,0.0,0.0,0.0,0,0
2745,2745,MIIC,20,1.1,2,1000,0,0.0183711051940917,False,0.8333333333333334,0.6818181818181818,0.7499999999999999,10,12
2746,2746,GHC,20,1.1,2,1000,0,0.1779751777648925,False,0.8095238095238095,0.7727272727272727,0.7906976744186046,9,15
2747,2747,FCI,20,1.1,2,1000,0,0.0412628650665283,False,0.0,0.0,0.0,0,0
2748,2748,MIIC,20,1.1,2,1000,1,0.0225090980529785,False,0.9375,0.6818181818181818,0.7894736842105263,8,12
2749,2749,GHC,20,1.1,2,1000,1,0.1764750480651855,False,0.7142857142857143,0.6818181818181818,0.6976744186046512,13,23
2750,2750,FCI,20,1.1,2,1000,1,0.0535459518432617,False,0.0,0.0,0.0,0,0
2751,2751,MIIC,20,1.1,2,1000,2,0.0230188369750976,False,0.8888888888888888,0.7272727272727273,0.7999999999999999,8,11
2752,2752,GHC,20,1.1,2,1000,2,0.1828532218933105,False,0.72,0.8181818181818182,0.7659574468085107,11,18
2753,2753,FCI,20,1.1,2,1000,2,0.02693772315979,False,0.0,0.0,0.0,0,0
2754,2754,MIIC,20,1.1,2,1000,3,0.0217759609222412,False,1.0,0.7727272727272727,0.8717948717948718,5,13
2755,2755,GHC,20,1.1,2,1000,3,0.176326036453247,False,0.9,0.8181818181818182,0.8571428571428572,6,12
2756,2756,FCI,20,1.1,2,1000,3,0.1160171031951904,False,0.0,0.0,0.0,0,0
2757,2757,MIIC,20,1.1,2,1000,4,0.0238580703735351,False,1.0,0.8636363636363636,0.9268292682926828,3,9
2758,2758,GHC,20,1.1,2,1000,4,0.1796112060546875,False,0.8571428571428571,0.8181818181818182,0.8372093023255814,7,21
2759,2759,FCI,20,1.1,2,1000,4,0.0481736660003662,False,0.0,0.0,0.0,0,0
2760,2760,MIIC,20,1.1,3,100,0,0.0132148265838623,False,0.8333333333333334,0.4545454545454545,0.5882352941176471,14,19
2761,2761,GHC,20,1.1,3,100,0,0.1517713069915771,False,0.7272727272727273,0.3636363636363636,0.4848484848484849,17,21
2762,2762,FCI,20,1.1,3,100,0,0.0165410041809082,False,0.0,0.0,0.0,0,0
2763,2763,MIIC,20,1.1,3,100,1,0.0111792087554931,False,0.8333333333333334,0.4545454545454545,0.5882352941176471,14,20
2764,2764,GHC,20,1.1,3,100,1,0.1496357917785644,False,1.0,0.4090909090909091,0.5806451612903226,13,18
2765,2765,FCI,20,1.1,3,100,1,0.0140459537506103,False,0.0,0.0,0.0,0,0
2766,2766,MIIC,20,1.1,3,100,2,0.0105848312377929,False,0.75,0.4090909090909091,0.5294117647058824,16,23
2767,2767,GHC,20,1.1,3,100,2,0.1597552299499511,False,0.7857142857142857,0.5,0.6111111111111112,14,20
2768,2768,FCI,20,1.1,3,100,2,0.0129480361938476,False,0.0,0.0,0.0,0,0
2769,2769,MIIC,20,1.1,3,100,3,0.0097639560699462,False,0.9,0.4090909090909091,0.5625000000000001,14,20
2770,2770,GHC,20,1.1,3,100,3,0.1499929428100586,False,1.0,0.4090909090909091,0.5806451612903226,13,19
2771,2771,FCI,20,1.1,3,100,3,0.0132076740264892,False,0.0,0.0,0.0,0,0
2772,2772,MIIC,20,1.1,3,100,4,0.0099098682403564,False,0.6363636363636364,0.3181818181818182,0.4242424242424242,19,23
2773,2773,GHC,20,1.1,3,100,4,0.161262035369873,False,0.5333333333333333,0.3636363636363636,0.4324324324324324,21,25
2774,2774,FCI,20,1.1,3,100,4,0.0128071308135986,False,0.0,0.0,0.0,0,0
2775,2775,MIIC,20,1.1,3,250,0,0.0104308128356933,False,0.9,0.4090909090909091,0.5625000000000001,14,19
2776,2776,GHC,20,1.1,3,250,0,0.1575360298156738,False,1.0,0.4090909090909091,0.5806451612903226,13,18
2777,2777,FCI,20,1.1,3,250,0,0.0171608924865722,False,0.0,0.0,0.0,0,0
2778,2778,MIIC,20,1.1,3,250,1,0.0149857997894287,False,0.875,0.6363636363636364,0.7368421052631579,10,17
2779,2779,GHC,20,1.1,3,250,1,0.1638920307159423,False,1.0,0.5909090909090909,0.7428571428571429,9,19
2780,2780,FCI,20,1.1,3,250,1,0.0212869644165039,False,0.0,0.0,0.0,0,0
2781,2781,MIIC,20,1.1,3,250,2,0.0119280815124511,False,0.8461538461538461,0.5,0.6285714285714286,13,19
2782,2782,GHC,20,1.1,3,250,2,0.16444993019104,False,0.8666666666666667,0.5909090909090909,0.7027027027027029,11,16
2783,2783,FCI,20,1.1,3,250,2,0.016432762145996,False,0.0,0.0,0.0,0,0
2784,2784,MIIC,20,1.1,3,250,3,0.0154421329498291,False,0.7647058823529411,0.5909090909090909,0.6666666666666667,13,19
2785,2785,GHC,20,1.1,3,250,3,0.1779088973999023,False,0.6666666666666666,0.6363636363636364,0.6511627906976744,15,22
2786,2786,FCI,20,1.1,3,250,3,0.0259797573089599,False,0.0,0.0,0.0,0,0
2787,2787,MIIC,20,1.1,3,250,4,0.0115590095520019,False,1.0,0.5454545454545454,0.7058823529411764,10,10
2788,2788,GHC,20,1.1,3,250,4,0.1518721580505371,False,0.9166666666666666,0.5,0.6470588235294118,12,16
2789,2789,FCI,20,1.1,3,250,4,0.0203080177307128,False,0.8,0.1818181818181818,0.2962962962962963,19,20
2790,2790,MIIC,20,1.1,3,500,0,0.014111042022705,False,1.0,0.6363636363636364,0.7777777777777778,8,15
2791,2791,GHC,20,1.1,3,500,0,0.1610519886016845,False,0.9285714285714286,0.5909090909090909,0.7222222222222223,10,14
2792,2792,FCI,20,1.1,3,500,0,0.0241508483886718,False,0.0,0.0,0.0,0,0
2793,2793,MIIC,20,1.1,3,500,1,0.0123829841613769,False,0.9166666666666666,0.5,0.6470588235294118,12,14
2794,2794,GHC,20,1.1,3,500,1,0.1616911888122558,False,0.7857142857142857,0.5,0.6111111111111112,14,18
2795,2795,FCI,20,1.1,3,500,1,0.0177679061889648,False,0.0,0.0,0.0,0,0
2796,2796,MIIC,20,1.1,3,500,2,0.0146129131317138,False,1.0,0.5909090909090909,0.7428571428571429,9,14
2797,2797,GHC,20,1.1,3,500,2,0.1629760265350341,False,0.9285714285714286,0.5909090909090909,0.7222222222222223,10,15
2798,2798,FCI,20,1.1,3,500,2,0.0190129280090332,False,0.0,0.0,0.0,0,0
2799,2799,MIIC,20,1.1,3,500,3,0.0149919986724853,False,0.9,0.4090909090909091,0.5625000000000001,14,18
2800,2800,GHC,20,1.1,3,500,3,0.1542227268218994,False,0.8181818181818182,0.4090909090909091,0.5454545454545455,15,19
2801,2801,FCI,20,1.1,3,500,3,0.0180716514587402,False,0.0,0.0,0.0,0,0
2802,2802,MIIC,20,1.1,3,500,4,0.0132269859313964,False,1.0,0.5454545454545454,0.7058823529411764,10,17
2803,2803,GHC,20,1.1,3,500,4,0.1748149394989013,False,0.8421052631578947,0.7272727272727273,0.7804878048780488,9,11
2804,2804,FCI,20,1.1,3,500,4,0.0204977989196777,False,0.0,0.0,0.0,0,0
2805,2805,MIIC,20,1.1,3,1000,0,0.0290539264678955,False,0.9,0.8181818181818182,0.8571428571428572,6,15
2806,2806,GHC,20,1.1,3,1000,0,0.1765329837799072,False,0.8636363636363636,0.8636363636363636,0.8636363636363636,6,11
2807,2807,FCI,20,1.1,3,1000,0,0.0322239398956298,False,0.0,0.0,0.0,0,0
2808,2808,MIIC,20,1.1,3,1000,1,0.016819953918457,False,1.0,0.6818181818181818,0.8108108108108109,7,9
2809,2809,GHC,20,1.1,3,1000,1,0.1695668697357177,False,0.8,0.5454545454545454,0.6486486486486486,13,21
2810,2810,FCI,20,1.1,3,1000,1,0.0324139595031738,False,0.0,0.0,0.0,0,0
2811,2811,MIIC,20,1.1,3,1000,2,0.0186166763305664,False,0.875,0.6363636363636364,0.7368421052631579,10,16
2812,2812,GHC,20,1.1,3,1000,2,0.1766169071197509,False,0.8235294117647058,0.6363636363636364,0.717948717948718,11,15
2813,2813,FCI,20,1.1,3,1000,2,0.0205390453338623,False,0.0,0.0,0.0,0,0
2814,2814,MIIC,20,1.1,3,1000,3,0.0171790122985839,False,1.0,0.7272727272727273,0.8421052631578948,6,8
2815,2815,GHC,20,1.1,3,1000,3,0.1817247867584228,False,0.7727272727272727,0.7727272727272727,0.7727272727272727,10,19
2816,2816,FCI,20,1.1,3,1000,3,0.031404972076416,False,0.0,0.0,0.0,0,0
2817,2817,MIIC,20,1.1,3,1000,4,0.0202438831329345,False,1.0,0.7272727272727273,0.8421052631578948,6,7
2818,2818,GHC,20,1.1,3,1000,4,0.1743910312652588,False,0.8333333333333334,0.6818181818181818,0.7499999999999999,10,17
2819,2819,FCI,20,1.1,3,1000,4,0.0774807929992675,False,0.0,0.0,0.0,0,0
2820,2820,MIIC,20,1.1,4,100,0,0.0102260112762451,False,0.7,0.3181818181818182,0.4375,18,23
2821,2821,GHC,20,1.1,4,100,0,0.1531050205230713,False,0.75,0.4090909090909091,0.5294117647058824,16,20
2822,2822,FCI,20,1.1,4,100,0,0.0123429298400878,False,0.0,0.0,0.0,0,0
2823,2823,MIIC,20,1.1,4,100,1,0.0108518600463867,False,0.6666666666666666,0.3636363636363636,0.4705882352941177,18,23
2824,2824,GHC,20,1.1,4,100,1,0.1484520435333252,False,0.4444444444444444,0.1818181818181818,0.2580645161290322,23,26
2825,2825,FCI,20,1.1,4,100,1,0.013740062713623,False,0.0,0.0,0.0,0,0
2826,2826,MIIC,20,1.1,4,100,2,0.0085649490356445,False,1.0,0.3181818181818182,0.4827586206896552,15,20
2827,2827,GHC,20,1.1,4,100,2,0.1425333023071289,False,0.8333333333333334,0.2272727272727272,0.3571428571428571,18,22
2828,2828,FCI,20,1.1,4,100,2,0.013646125793457,False,0.5714285714285714,0.1818181818181818,0.2758620689655172,21,24
2829,2829,MIIC,20,1.1,4,100,3,0.0079100131988525,False,1.0,0.2727272727272727,0.4285714285714285,16,18
2830,2830,GHC,20,1.1,4,100,3,0.1388149261474609,False,1.0,0.1363636363636363,0.24,19,20
2831,2831,FCI,20,1.1,4,100,3,0.0128030776977539,False,0.0,0.0,0.0,0,0
2832,2832,MIIC,20,1.1,4,100,4,0.0085599422454833,False,0.7142857142857143,0.2272727272727272,0.3448275862068965,19,23
2833,2833,GHC,20,1.1,4,100,4,0.1349940299987793,False,1.0,0.1363636363636363,0.24,19,21
2834,2834,FCI,20,1.1,4,100,4,0.0128772258758544,False,0.0,0.0,0.0,0,0
2835,2835,MIIC,20,1.1,4,250,0,0.0109517574310302,False,1.0,0.5,0.6666666666666666,11,12
2836,2836,GHC,20,1.1,4,250,0,0.1490278244018554,False,1.0,0.4545454545454545,0.625,12,12
2837,2837,FCI,20,1.1,4,250,0,0.0174942016601562,False,0.0,0.0,0.0,0,0
2838,2838,MIIC,20,1.1,4,250,1,0.0097079277038574,False,1.0,0.3636363636363636,0.5333333333333333,14,19
2839,2839,GHC,20,1.1,4,250,1,0.1419289112091064,False,1.0,0.2727272727272727,0.4285714285714285,16,19
2840,2840,FCI,20,1.1,4,250,1,0.0175647735595703,False,0.0,0.0,0.0,0,0
2841,2841,MIIC,20,1.1,4,250,2,0.0130491256713867,False,0.8461538461538461,0.5,0.6285714285714286,13,23
2842,2842,GHC,20,1.1,4,250,2,0.1517388820648193,False,0.8181818181818182,0.4090909090909091,0.5454545454545455,15,23
2843,2843,FCI,20,1.1,4,250,2,0.0174610614776611,False,0.0,0.0,0.0,0,0
2844,2844,MIIC,20,1.1,4,250,3,0.0106310844421386,False,1.0,0.4761904761904761,0.6451612903225806,11,17
2845,2845,GHC,20,1.1,4,250,3,0.1496360301971435,False,0.9,0.4285714285714285,0.5806451612903225,13,18
2846,2846,FCI,20,1.1,4,250,3,0.0155408382415771,False,0.0,0.0,0.0,0,0
2847,2847,MIIC,20,1.1,4,250,4,0.0106837749481201,False,0.9090909090909092,0.4545454545454545,0.6060606060606061,13,21
2848,2848,GHC,20,1.1,4,250,4,0.1483361721038818,False,1.0,0.4090909090909091,0.5806451612903226,13,20
2849,2849,FCI,20,1.1,4,250,4,0.0148069858551025,False,0.0,0.0,0.0,0,0
2850,2850,MIIC,20,1.1,4,500,0,0.0145168304443359,False,0.9166666666666666,0.5,0.6470588235294118,12,18
2851,2851,GHC,20,1.1,4,500,0,0.1600790023803711,False,0.8461538461538461,0.5,0.6285714285714286,13,16
2852,2852,FCI,20,1.1,4,500,0,0.0202589035034179,False,0.0,0.0,0.0,0,0
2853,2853,MIIC,20,1.1,4,500,1,0.014125108718872,False,1.0,0.6363636363636364,0.7777777777777778,8,10
2854,2854,GHC,20,1.1,4,500,1,0.1564490795135498,False,1.0,0.5454545454545454,0.7058823529411764,10,16
2855,2855,FCI,20,1.1,4,500,1,0.0184488296508789,False,0.0,0.0,0.0,0,0
2856,2856,MIIC,20,1.1,4,500,2,0.0131471157073974,False,1.0,0.6363636363636364,0.7777777777777778,8,14
2857,2857,GHC,20,1.1,4,500,2,0.1564168930053711,False,0.9166666666666666,0.5,0.6470588235294118,12,16
2858,2858,FCI,20,1.1,4,500,2,0.0222358703613281,False,0.0,0.0,0.0,0,0
2859,2859,MIIC,20,1.1,4,500,3,0.0152812004089355,False,1.0,0.7272727272727273,0.8421052631578948,6,10
2860,2860,GHC,20,1.1,4,500,3,0.1589488983154297,False,1.0,0.6818181818181818,0.8108108108108109,7,13
2861,2861,FCI,20,1.1,4,500,3,0.03326416015625,False,0.0,0.0,0.0,0,0
2862,2862,MIIC,20,1.1,4,500,4,0.0140550136566162,False,1.0,0.6818181818181818,0.8108108108108109,7,10
2863,2863,GHC,20,1.1,4,500,4,0.1647107601165771,False,0.9375,0.6818181818181818,0.7894736842105263,8,13
2864,2864,FCI,20,1.1,4,500,4,0.0221703052520751,False,0.0,0.0,0.0,0,0
2865,2865,MIIC,20,1.1,4,1000,0,0.0196509361267089,False,0.9473684210526316,0.8181818181818182,0.8780487804878049,5,8
2866,2866,GHC,20,1.1,4,1000,0,0.191659927368164,False,0.9090909090909092,0.9090909090909092,0.9090909090909092,4,6
2867,2867,FCI,20,1.1,4,1000,0,0.1219561100006103,False,0.0,0.0,0.0,0,0
2868,2868,MIIC,20,1.1,4,1000,1,0.0189008712768554,False,1.0,0.7272727272727273,0.8421052631578948,6,8
2869,2869,GHC,20,1.1,4,1000,1,0.1771790981292724,False,0.8666666666666667,0.5909090909090909,0.7027027027027029,11,18
2870,2870,FCI,20,1.1,4,1000,1,0.0794239044189453,False,0.0,0.0,0.0,0,0
2871,2871,MIIC,20,1.1,4,1000,2,0.0245072841644287,False,1.0,0.8636363636363636,0.9268292682926828,3,4
2872,2872,GHC,20,1.1,4,1000,2,0.1817901134490966,False,0.9047619047619048,0.8636363636363636,0.8837209302325582,5,12
2873,2873,FCI,20,1.1,4,1000,2,0.0606427192687988,False,0.0,0.0,0.0,0,0
2874,2874,MIIC,20,1.1,4,1000,3,0.0202460289001464,False,1.0,0.7727272727272727,0.8717948717948718,5,7
2875,2875,GHC,20,1.1,4,1000,3,0.173887014389038,False,0.8888888888888888,0.7272727272727273,0.7999999999999999,8,21
2876,2876,FCI,20,1.1,4,1000,3,0.030764102935791,False,0.0,0.0,0.0,0,0
2877,2877,MIIC,20,1.1,4,1000,4,0.0201442241668701,False,1.0,0.8181818181818182,0.9,4,4
2878,2878,GHC,20,1.1,4,1000,4,0.1838750839233398,False,1.0,0.6818181818181818,0.8108108108108109,7,8
2879,2879,FCI,20,1.1,4,1000,4,0.0277378559112548,False,0.0,0.0,0.0,0,0
2880,2880,MIIC,20,1.3,2,100,0,0.0119507312774658,False,0.6923076923076923,0.36,0.4736842105263157,20,27
2881,2881,GHC,20,1.3,2,100,0,0.1509160995483398,False,0.7272727272727273,0.32,0.4444444444444444,20,27
2882,2882,FCI,20,1.3,2,100,0,0.0139901638031005,False,0.0,0.0,0.0,0,0
2883,2883,MIIC,20,1.3,2,100,1,0.0155670642852783,False,0.7777777777777778,0.5384615384615384,0.6363636363636364,16,19
2884,2884,GHC,20,1.3,2,100,1,0.1685011386871338,False,0.7222222222222222,0.5,0.5909090909090908,18,23
2885,2885,FCI,20,1.3,2,100,1,0.0145483016967773,False,0.0,0.0,0.0,0,0
2886,2886,MIIC,20,1.3,2,100,2,0.0110630989074707,False,0.5833333333333334,0.2692307692307692,0.3684210526315789,24,28
2887,2887,GHC,20,1.3,2,100,2,0.1591176986694336,False,0.6428571428571429,0.3461538461538461,0.45,22,26
2888,2888,FCI,20,1.3,2,100,2,0.0124452114105224,False,0.0,0.0,0.0,0,0
2889,2889,MIIC,20,1.3,2,100,3,0.0145783424377441,False,0.7222222222222222,0.5,0.5909090909090908,18,26
2890,2890,GHC,20,1.3,2,100,3,0.1736392974853515,False,0.6190476190476191,0.5,0.5531914893617021,21,28
2891,2891,FCI,20,1.3,2,100,3,0.0173628330230712,False,0.0,0.0,0.0,0,0
2892,2892,MIIC,20,1.3,2,100,4,0.0120189189910888,False,0.7692307692307693,0.3846153846153846,0.5128205128205128,19,24
2893,2893,GHC,20,1.3,2,100,4,0.1586859226226806,False,0.7142857142857143,0.3846153846153846,0.5,20,27
2894,2894,FCI,20,1.3,2,100,4,0.0152552127838134,False,0.0,0.0,0.0,0,0
2895,2895,MIIC,20,1.3,2,250,0,0.0184919834136962,False,0.8,0.6153846153846154,0.6956521739130435,14,21
2896,2896,GHC,20,1.3,2,250,0,0.1730730533599853,False,0.8421052631578947,0.6153846153846154,0.7111111111111111,13,22
2897,2897,FCI,20,1.3,2,250,0,0.0188040733337402,False,0.0,0.0,0.0,0,0
2898,2898,MIIC,20,1.3,2,250,1,0.0148379802703857,False,0.8125,0.5,0.6190476190476191,16,23
2899,2899,GHC,20,1.3,2,250,1,0.1675450801849365,False,0.8235294117647058,0.5384615384615384,0.6511627906976744,15,24
2900,2900,FCI,20,1.3,2,250,1,0.0185768604278564,False,0.0,0.0,0.0,0,0
2901,2901,MIIC,20,1.3,2,250,2,0.0156939029693603,False,1.0,0.5384615384615384,0.7000000000000001,12,17
2902,2902,GHC,20,1.3,2,250,2,0.1690278053283691,False,0.8333333333333334,0.5769230769230769,0.6818181818181818,14,19
2903,2903,FCI,20,1.3,2,250,2,0.0213322639465332,False,0.0,0.0,0.0,0,0
2904,2904,MIIC,20,1.3,2,250,3,0.0136768817901611,False,0.625,0.3846153846153846,0.4761904761904762,22,28
2905,2905,GHC,20,1.3,2,250,3,0.1568391323089599,False,0.7142857142857143,0.3846153846153846,0.5,20,26
2906,2906,FCI,20,1.3,2,250,3,0.0181689262390136,False,0.0,0.0,0.0,0,0
2907,2907,MIIC,20,1.3,2,250,4,0.0130698680877685,False,0.8461538461538461,0.4230769230769231,0.5641025641025641,17,22
2908,2908,GHC,20,1.3,2,250,4,0.1608068943023681,False,0.7333333333333333,0.4230769230769231,0.5365853658536585,19,20
2909,2909,FCI,20,1.3,2,250,4,0.0217471122741699,False,0.0,0.0,0.0,0,0
2910,2910,MIIC,20,1.3,2,500,0,0.0218169689178466,False,0.84,0.8076923076923077,0.8235294117647058,9,20
2911,2911,GHC,20,1.3,2,500,0,0.1793830394744873,False,0.9130434782608696,0.8076923076923077,0.8571428571428572,7,13
2912,2912,FCI,20,1.3,2,500,0,0.350316047668457,False,0.0,0.0,0.0,0,0
2913,2913,MIIC,20,1.3,2,500,1,0.0191559791564941,False,1.0,0.6923076923076923,0.8181818181818181,8,14
2914,2914,GHC,20,1.3,2,500,1,0.1779582500457763,False,0.8181818181818182,0.6923076923076923,0.7500000000000001,12,20
2915,2915,FCI,20,1.3,2,500,1,0.2182569503784179,False,0.0,0.0,0.0,0,0
2916,2916,MIIC,20,1.3,2,500,2,0.0145959854125976,False,0.8571428571428571,0.48,0.6153846153846153,15,18
2917,2917,GHC,20,1.3,2,500,2,0.1601669788360595,False,0.8,0.48,0.6,16,20
2918,2918,FCI,20,1.3,2,500,2,0.0284559726715087,False,0.0,0.0,0.0,0,0
2919,2919,MIIC,20,1.3,2,500,3,0.0163986682891845,False,0.875,0.5384615384615384,0.6666666666666667,14,18
2920,2920,GHC,20,1.3,2,500,3,0.1732511520385742,False,0.75,0.5769230769230769,0.6521739130434783,16,23
2921,2921,FCI,20,1.3,2,500,3,0.0328681468963623,False,0.0,0.0,0.0,0,0
2922,2922,MIIC,20,1.3,2,500,4,0.0144212245941162,False,1.0,0.4615384615384615,0.631578947368421,14,16
2923,2923,GHC,20,1.3,2,500,4,0.1576402187347412,False,0.8461538461538461,0.4230769230769231,0.5641025641025641,17,22
2924,2924,FCI,20,1.3,2,500,4,0.0173361301422119,False,0.0,0.0,0.0,0,0
2925,2925,MIIC,20,1.3,2,1000,0,0.0272860527038574,False,0.7727272727272727,0.6538461538461539,0.7083333333333333,14,20
2926,2926,GHC,20,1.3,2,1000,0,0.1857290267944336,False,0.84,0.8076923076923077,0.8235294117647058,9,19
2927,2927,FCI,20,1.3,2,1000,0,0.3818428516387939,False,0.0,0.0,0.0,0,0
2928,2928,MIIC,20,1.3,2,1000,1,0.0246782302856445,False,1.0,0.7692307692307693,0.8695652173913044,6,14
2929,2929,GHC,20,1.3,2,1000,1,0.1869292259216308,False,0.8076923076923077,0.8076923076923077,0.8076923076923077,10,18
2930,2930,FCI,20,1.3,2,1000,1,0.2337329387664795,False,0.0,0.0,0.0,0,0
2931,2931,MIIC,20,1.3,2,1000,2,0.0208508968353271,False,1.0,0.76,0.8636363636363636,6,11
2932,2932,GHC,20,1.3,2,1000,2,0.1775259971618652,False,0.782608695652174,0.72,0.7499999999999999,12,23
2933,2933,FCI,20,1.3,2,1000,2,0.9710021018981934,False,0.0,0.0,0.0,0,0
2934,2934,MIIC,20,1.3,2,1000,3,0.0203590393066406,False,1.0,0.72,0.8372093023255813,7,12
2935,2935,GHC,20,1.3,2,1000,3,0.1841928958892822,False,0.7916666666666666,0.76,0.7755102040816326,11,21
2936,2936,FCI,20,1.3,2,1000,3,0.043658971786499,False,0.0,0.0,0.0,0,0
2937,2937,MIIC,20,1.3,2,1000,4,0.0284972190856933,False,1.0,0.84,0.9130434782608696,4,12
2938,2938,GHC,20,1.3,2,1000,4,0.1966211795806884,False,0.8275862068965517,0.96,0.888888888888889,6,14
2939,2939,FCI,20,1.3,2,1000,4,0.1570539474487304,False,0.0,0.0,0.0,0,0
2940,2940,MIIC,20,1.3,3,100,0,0.0104892253875732,False,1.0,0.3846153846153846,0.5555555555555556,16,22
2941,2941,GHC,20,1.3,3,100,0,0.153527021408081,False,1.0,0.4230769230769231,0.5945945945945945,15,20
2942,2942,FCI,20,1.3,3,100,0,0.0146288871765136,False,0.0,0.0,0.0,0,0
2943,2943,MIIC,20,1.3,3,100,1,0.0121881961822509,False,0.8666666666666667,0.5,0.6341463414634146,15,27
2944,2944,GHC,20,1.3,3,100,1,0.1529343128204345,False,0.9166666666666666,0.4230769230769231,0.5789473684210527,16,24
2945,2945,FCI,20,1.3,3,100,1,0.0150809288024902,False,0.0,0.0,0.0,0,0
2946,2946,MIIC,20,1.3,3,100,2,0.0135278701782226,False,0.6,0.3461538461538461,0.4390243902439024,23,30
2947,2947,GHC,20,1.3,3,100,2,0.1599669456481933,False,0.4666666666666667,0.2692307692307692,0.3414634146341463,27,30
2948,2948,FCI,20,1.3,3,100,2,0.0175070762634277,False,0.0,0.0,0.0,0,0
2949,2949,MIIC,20,1.3,3,100,3,0.0117979049682617,False,0.9285714285714286,0.5,0.65,14,22
2950,2950,GHC,20,1.3,3,100,3,0.1595559120178222,False,1.0,0.5,0.6666666666666666,13,21
2951,2951,FCI,20,1.3,3,100,3,0.0154757499694824,False,0.0,0.0,0.0,0,0
2952,2952,MIIC,20,1.3,3,100,4,0.0087850093841552,False,1.0,0.32,0.4848484848484848,17,24
2953,2953,GHC,20,1.3,3,100,4,0.1471443176269531,False,1.0,0.28,0.4375,18,23
2954,2954,FCI,20,1.3,3,100,4,0.012559175491333,False,0.0,0.0,0.0,0,0
2955,2955,MIIC,20,1.3,3,250,0,0.0133099555969238,False,1.0,0.5769230769230769,0.7317073170731707,11,22
2956,2956,GHC,20,1.3,3,250,0,0.1647219657897949,False,1.0,0.5384615384615384,0.7000000000000001,12,23
2957,2957,FCI,20,1.3,3,250,0,0.0174939632415771,False,0.0,0.0,0.0,0,0
2958,2958,MIIC,20,1.3,3,250,1,0.0155408382415771,False,1.0,0.6923076923076923,0.8181818181818181,8,18
2959,2959,GHC,20,1.3,3,250,1,0.1661720275878906,False,1.0,0.6923076923076923,0.8181818181818181,8,18
2960,2960,FCI,20,1.3,3,250,1,0.0191631317138671,False,0.0,0.0,0.0,0,0
2961,2961,MIIC,20,1.3,3,250,2,0.0103490352630615,False,0.9,0.3461538461538461,0.5,18,26
2962,2962,GHC,20,1.3,3,250,2,0.1490740776062011,False,0.875,0.2692307692307692,0.411764705882353,20,26
2963,2963,FCI,20,1.3,3,250,2,0.0128390789031982,False,0.0,0.0,0.0,0,0
2964,2964,MIIC,20,1.3,3,250,3,0.0115370750427246,False,0.8181818181818182,0.3461538461538461,0.4864864864864865,19,25
2965,2965,GHC,20,1.3,3,250,3,0.1621241569519043,False,0.75,0.3461538461538461,0.4736842105263157,20,29
2966,2966,FCI,20,1.3,3,250,3,0.0148427486419677,False,0.0,0.0,0.0,0,0
2967,2967,MIIC,20,1.3,3,250,4,0.0154931545257568,False,0.7857142857142857,0.4230769230769231,0.55,18,23
2968,2968,GHC,20,1.3,3,250,4,0.1568760871887207,False,0.9,0.3461538461538461,0.5,18,19
2969,2969,FCI,20,1.3,3,250,4,0.0183532238006591,False,0.0,0.0,0.0,0,0
2970,2970,MIIC,20,1.3,3,500,0,0.0136928558349609,False,0.9166666666666666,0.4230769230769231,0.5789473684210527,16,25
2971,2971,GHC,20,1.3,3,500,0,0.1600899696350097,False,0.8,0.4615384615384615,0.5853658536585367,17,19
2972,2972,FCI,20,1.3,3,500,0,0.0329129695892334,False,0.0,0.0,0.0,0,0
2973,2973,MIIC,20,1.3,3,500,1,0.0157010555267334,False,1.0,0.6153846153846154,0.761904761904762,10,15
2974,2974,GHC,20,1.3,3,500,1,0.1660127639770507,False,1.0,0.5769230769230769,0.7317073170731707,11,17
2975,2975,FCI,20,1.3,3,500,1,0.0233771800994873,False,0.0,0.0,0.0,0,0
2976,2976,MIIC,20,1.3,3,500,2,0.0184388160705566,False,1.0,0.7692307692307693,0.8695652173913044,6,17
2977,2977,GHC,20,1.3,3,500,2,0.1759407520294189,False,0.95,0.7307692307692307,0.8260869565217392,8,14
2978,2978,FCI,20,1.3,3,500,2,0.0750219821929931,False,0.0,0.0,0.0,0,0
2979,2979,MIIC,20,1.3,3,500,3,0.0164668560028076,False,1.0,0.6153846153846154,0.761904761904762,10,18
2980,2980,GHC,20,1.3,3,500,3,0.1639940738677978,False,1.0,0.6538461538461539,0.7906976744186047,9,17
2981,2981,FCI,20,1.3,3,500,3,0.0271720886230468,False,0.0,0.0,0.0,0,0
2982,2982,MIIC,20,1.3,3,500,4,0.016531229019165,False,0.9375,0.5769230769230769,0.7142857142857143,12,19
2983,2983,GHC,20,1.3,3,500,4,0.1656360626220703,False,1.0,0.5,0.6666666666666666,13,18
2984,2984,FCI,20,1.3,3,500,4,0.0244181156158447,False,0.0,0.0,0.0,0,0
2985,2985,MIIC,20,1.3,3,1000,0,0.021899938583374,False,0.9523809523809524,0.8,0.8695652173913043,6,14
2986,2986,GHC,20,1.3,3,1000,0,0.189363956451416,False,0.9047619047619048,0.76,0.8260869565217391,8,17
2987,2987,FCI,20,1.3,3,1000,0,0.2457752227783203,False,0.0,0.0,0.0,0,0
2988,2988,MIIC,20,1.3,3,1000,1,0.0228772163391113,False,1.0,0.7692307692307693,0.8695652173913044,6,9
2989,2989,GHC,20,1.3,3,1000,1,0.180474042892456,False,0.8,0.6153846153846154,0.6956521739130435,14,19
2990,2990,FCI,20,1.3,3,1000,1,0.1197609901428222,False,0.0,0.0,0.0,0,0
2991,2991,MIIC,20,1.3,3,1000,2,0.0232281684875488,False,0.8636363636363636,0.7307692307692307,0.7916666666666666,10,20
2992,2992,GHC,20,1.3,3,1000,2,0.1746408939361572,False,0.9,0.6923076923076923,0.7826086956521738,10,18
2993,2993,FCI,20,1.3,3,1000,2,0.1225578784942627,False,0.0,0.0,0.0,0,0
2994,2994,MIIC,20,1.3,3,1000,3,0.0230913162231445,False,1.0,0.7692307692307693,0.8695652173913044,6,11
2995,2995,GHC,20,1.3,3,1000,3,0.1779210567474365,False,0.95,0.7307692307692307,0.8260869565217392,8,13
2996,2996,FCI,20,1.3,3,1000,3,0.0348989963531494,False,0.0,0.0,0.0,0,0
2997,2997,MIIC,20,1.3,3,1000,4,0.0196490287780761,False,1.0,0.6153846153846154,0.761904761904762,10,15
2998,2998,GHC,20,1.3,3,1000,4,0.1642050743103027,False,0.9375,0.5769230769230769,0.7142857142857143,12,18
2999,2999,FCI,20,1.3,3,1000,4,0.0262629985809326,False,0.0,0.0,0.0,0,0
3000,3000,MIIC,20,1.3,4,100,0,0.0087509155273437,False,0.8571428571428571,0.2307692307692307,0.3636363636363636,21,24
3001,3001,GHC,20,1.3,4,100,0,0.1469433307647705,False,0.625,0.1923076923076923,0.2941176470588235,24,27
3002,3002,FCI,20,1.3,4,100,0,0.0127999782562255,False,0.0,0.0,0.0,0,0
3003,3003,MIIC,20,1.3,4,100,1,0.0089819431304931,False,0.7777777777777778,0.2692307692307692,0.3999999999999999,21,23
3004,3004,GHC,20,1.3,4,100,1,0.1460919380187988,False,0.7142857142857143,0.1923076923076923,0.303030303030303,23,26
3005,3005,FCI,20,1.3,4,100,1,0.0126879215240478,False,0.0,0.0,0.0,0,0
3006,3006,MIIC,20,1.3,4,100,2,0.0098590850830078,False,0.6666666666666666,0.2307692307692307,0.3428571428571429,23,27
3007,3007,GHC,20,1.3,4,100,2,0.1487531661987304,False,0.7142857142857143,0.1923076923076923,0.303030303030303,23,27
3008,3008,FCI,20,1.3,4,100,2,0.0121867656707763,False,0.75,0.2307692307692307,0.3529411764705882,22,26
3009,3009,MIIC,20,1.3,4,100,3,0.0101299285888671,False,0.9,0.36,0.5142857142857143,17,21
3010,3010,GHC,20,1.3,4,100,3,0.1497712135314941,False,1.0,0.28,0.4375,18,24
3011,3011,FCI,20,1.3,4,100,3,0.0132727622985839,False,0.0,0.0,0.0,0,0
3012,3012,MIIC,20,1.3,4,100,4,0.0082159042358398,False,1.0,0.2692307692307692,0.4242424242424242,19,25
3013,3013,GHC,20,1.3,4,100,4,0.1476850509643554,False,1.0,0.2307692307692307,0.375,20,23
3014,3014,FCI,20,1.3,4,100,4,0.0137140750885009,False,0.0,0.0,0.0,0,0
3015,3015,MIIC,20,1.3,4,250,0,0.0118348598480224,False,0.9166666666666666,0.4230769230769231,0.5789473684210527,16,21
3016,3016,GHC,20,1.3,4,250,0,0.1514179706573486,False,1.0,0.3461538461538461,0.5142857142857142,17,21
3017,3017,FCI,20,1.3,4,250,0,0.013848066329956,False,0.0,0.0,0.0,0,0
3018,3018,MIIC,20,1.3,4,250,1,0.0102090835571289,False,1.0,0.3461538461538461,0.5142857142857142,17,21
3019,3019,GHC,20,1.3,4,250,1,0.1401209831237793,False,1.0,0.1538461538461538,0.2666666666666667,22,26
3020,3020,FCI,20,1.3,4,250,1,0.0140962600708007,False,0.0,0.0,0.0,0,0
3021,3021,MIIC,20,1.3,4,250,2,0.0121622085571289,False,1.0,0.4,0.5714285714285715,15,20
3022,3022,GHC,20,1.3,4,250,2,0.1525828838348388,False,0.9090909090909092,0.4,0.5555555555555556,16,21
3023,3023,FCI,20,1.3,4,250,2,0.0159118175506591,False,0.0,0.0,0.0,0,0
3024,3024,MIIC,20,1.3,4,250,3,0.0141189098358154,False,0.75,0.4615384615384615,0.5714285714285714,18,25
3025,3025,GHC,20,1.3,4,250,3,0.156480073928833,False,0.8333333333333334,0.3846153846153846,0.5263157894736842,18,26
3026,3026,FCI,20,1.3,4,250,3,0.0168309211730957,False,0.0,0.0,0.0,0,0
3027,3027,MIIC,20,1.3,4,250,4,0.0124809741973876,False,1.0,0.5384615384615384,0.7000000000000001,12,20
3028,3028,GHC,20,1.3,4,250,4,0.1564939022064209,False,1.0,0.4615384615384615,0.631578947368421,14,20
3029,3029,FCI,20,1.3,4,250,4,0.0176749229431152,False,0.0,0.0,0.0,0,0
3030,3030,MIIC,20,1.3,4,500,0,0.0168142318725585,False,1.0,0.6538461538461539,0.7906976744186047,9,17
3031,3031,GHC,20,1.3,4,500,0,0.1627242565155029,False,0.8125,0.5,0.6190476190476191,16,28
3032,3032,FCI,20,1.3,4,500,0,0.0206782817840576,False,0.0,0.0,0.0,0,0
3033,3033,MIIC,20,1.3,4,500,1,0.0160748958587646,False,1.0,0.6153846153846154,0.761904761904762,10,22
3034,3034,GHC,20,1.3,4,500,1,0.1673018932342529,False,0.9411764705882352,0.6153846153846154,0.744186046511628,11,21
3035,3035,FCI,20,1.3,4,500,1,0.0224299430847167,False,0.0,0.0,0.0,0,0
3036,3036,MIIC,20,1.3,4,500,2,0.0164530277252197,False,1.0,0.6538461538461539,0.7906976744186047,9,20
3037,3037,GHC,20,1.3,4,500,2,0.1690411567687988,False,1.0,0.6538461538461539,0.7906976744186047,9,18
3038,3038,FCI,20,1.3,4,500,2,0.0250711441040039,False,0.0,0.0,0.0,0,0
3039,3039,MIIC,20,1.3,4,500,3,0.0143382549285888,False,1.0,0.5384615384615384,0.7000000000000001,12,20
3040,3040,GHC,20,1.3,4,500,3,0.1601641178131103,False,1.0,0.5384615384615384,0.7000000000000001,12,16
3041,3041,FCI,20,1.3,4,500,3,0.0215628147125244,False,0.0,0.0,0.0,0,0
3042,3042,MIIC,20,1.3,4,500,4,0.0166008472442626,False,1.0,0.5769230769230769,0.7317073170731707,11,18
3043,3043,GHC,20,1.3,4,500,4,0.1723408699035644,False,0.9375,0.5769230769230769,0.7142857142857143,12,17
3044,3044,FCI,20,1.3,4,500,4,0.0207700729370117,False,0.0,0.0,0.0,0,0
3045,3045,MIIC,20,1.3,4,1000,0,0.0169901847839355,False,1.0,0.6153846153846154,0.761904761904762,10,16
3046,3046,GHC,20,1.3,4,1000,0,0.1722579002380371,False,0.8947368421052632,0.6538461538461539,0.7555555555555555,11,20
3047,3047,FCI,20,1.3,4,1000,0,0.0542182922363281,False,0.0,0.0,0.0,0,0
3048,3048,MIIC,20,1.3,4,1000,1,0.0162789821624755,False,1.0,0.5769230769230769,0.7317073170731707,11,16
3049,3049,GHC,20,1.3,4,1000,1,0.1728692054748535,False,1.0,0.5384615384615384,0.7000000000000001,12,16
3050,3050,FCI,20,1.3,4,1000,1,0.0298161506652832,False,0.0,0.0,0.0,0,0
3051,3051,MIIC,20,1.3,4,1000,2,0.0197319984436035,False,1.0,0.6538461538461539,0.7906976744186047,9,14
3052,3052,GHC,20,1.3,4,1000,2,0.1722900867462158,False,1.0,0.6153846153846154,0.761904761904762,10,20
3053,3053,FCI,20,1.3,4,1000,2,0.0314540863037109,False,0.0,0.0,0.0,0,0
3054,3054,MIIC,20,1.3,4,1000,3,0.0223231315612792,False,0.9,0.6923076923076923,0.7826086956521738,10,14
3055,3055,GHC,20,1.3,4,1000,3,0.1822569370269775,False,0.9,0.6923076923076923,0.7826086956521738,10,14
3056,3056,FCI,20,1.3,4,1000,3,0.0485191345214843,False,0.0,0.0,0.0,0,0
3057,3057,MIIC,20,1.3,4,1000,4,0.0229501724243164,False,1.0,0.7307692307692307,0.8444444444444443,7,16
3058,3058,GHC,20,1.3,4,1000,4,0.1830909252166748,False,0.9,0.6923076923076923,0.7826086956521738,10,20
3059,3059,FCI,20,1.3,4,1000,4,0.0957922935485839,False,0.0,0.0,0.0,0,0
3060,3060,MIIC,20,1.5,2,100,0,0.0165114402770996,False,0.5,0.3333333333333333,0.4,30,35
3061,3061,GHC,20,1.5,2,100,0,0.1655795574188232,False,0.4444444444444444,0.2666666666666666,0.3333333333333333,32,37
3062,3062,FCI,20,1.5,2,100,0,0.0170998573303222,False,0.0,0.0,0.0,0,0
3063,3063,MIIC,20,1.5,2,100,1,0.013901948928833,False,0.7058823529411765,0.4,0.5106382978723405,23,27
3064,3064,GHC,20,1.5,2,100,1,0.1577212810516357,False,0.8,0.4,0.5333333333333333,21,27
3065,3065,FCI,20,1.5,2,100,1,0.0164871215820312,False,0.0,0.0,0.0,0,0
3066,3066,MIIC,20,1.5,2,100,2,0.0162959098815917,False,0.55,0.3793103448275862,0.4489795918367347,27,34
3067,3067,GHC,20,1.5,2,100,2,0.171166181564331,False,0.5217391304347826,0.4137931034482758,0.4615384615384615,28,35
3068,3068,FCI,20,1.5,2,100,2,0.015834093093872,False,0.0,0.0,0.0,0,0
3069,3069,MIIC,20,1.5,2,100,3,0.0145530700683593,False,0.5294117647058824,0.3,0.3829787234042553,29,34
3070,3070,GHC,20,1.5,2,100,3,0.1686091423034668,False,0.55,0.3666666666666666,0.4399999999999999,28,36
3071,3071,FCI,20,1.5,2,100,3,0.0159008502960205,False,0.0,0.0,0.0,0,0
3072,3072,MIIC,20,1.5,2,100,4,0.011366844177246,False,0.7142857142857143,0.3333333333333333,0.4545454545454545,24,31
3073,3073,GHC,20,1.5,2,100,4,0.1601042747497558,False,0.6666666666666666,0.3333333333333333,0.4444444444444444,25,34
3074,3074,FCI,20,1.5,2,100,4,0.0138518810272216,False,0.0,0.0,0.0,0,0
3075,3075,MIIC,20,1.5,2,250,0,0.0160520076751709,False,0.7777777777777778,0.4666666666666667,0.5833333333333334,20,26
3076,3076,GHC,20,1.5,2,250,0,0.1713142395019531,False,0.8333333333333334,0.5,0.625,18,27
3077,3077,FCI,20,1.5,2,250,0,0.0238797664642334,False,0.0,0.0,0.0,0,0
3078,3078,MIIC,20,1.5,2,250,1,0.0142421722412109,False,0.8125,0.4333333333333333,0.5652173913043479,20,27
3079,3079,GHC,20,1.5,2,250,1,0.1824719905853271,False,0.6956521739130435,0.5333333333333333,0.6037735849056605,21,28
3080,3080,FCI,20,1.5,2,250,1,0.0287659168243408,False,0.0,0.0,0.0,0,0
3081,3081,MIIC,20,1.5,2,250,2,0.0146100521087646,False,0.7647058823529411,0.4333333333333333,0.5531914893617021,21,26
3082,3082,GHC,20,1.5,2,250,2,0.1741271018981933,False,0.7619047619047619,0.5333333333333333,0.6274509803921569,19,24
3083,3083,FCI,20,1.5,2,250,2,0.0181009769439697,False,0.0,0.0,0.0,0,0
3084,3084,MIIC,20,1.5,2,250,3,0.0181508064270019,False,0.8181818181818182,0.6,0.6923076923076923,16,28
3085,3085,GHC,20,1.5,2,250,3,0.1639268398284912,False,0.8333333333333334,0.5,0.625,18,30
3086,3086,FCI,20,1.5,2,250,3,0.0237927436828613,False,0.0,0.0,0.0,0,0
3087,3087,MIIC,20,1.5,2,250,4,0.0132679939270019,False,0.75,0.4137931034482758,0.5333333333333333,21,28
3088,3088,GHC,20,1.5,2,250,4,0.1632530689239502,False,0.6875,0.3793103448275862,0.4888888888888889,23,30
3089,3089,FCI,20,1.5,2,250,4,0.0176601409912109,False,0.0,0.0,0.0,0,0
3090,3090,MIIC,20,1.5,2,500,0,0.0250921249389648,False,0.8076923076923077,0.7,0.75,14,26
3091,3091,GHC,20,1.5,2,500,0,0.1757678985595703,False,0.782608695652174,0.6,0.6792452830188679,17,35
3092,3092,FCI,20,1.5,2,500,0,0.1127936840057373,False,0.0,0.0,0.0,0,0
3093,3093,MIIC,20,1.5,2,500,1,0.0209758281707763,False,0.9090909090909092,0.6666666666666666,0.7692307692307692,12,18
3094,3094,GHC,20,1.5,2,500,1,0.1793799400329589,False,0.9130434782608696,0.7,0.7924528301886793,11,20
3095,3095,FCI,20,1.5,2,500,1,0.0980746746063232,False,0.0,0.0,0.0,0,0
3096,3096,MIIC,20,1.5,2,500,2,0.0248072147369384,False,0.9523809523809524,0.6666666666666666,0.7843137254901961,11,21
3097,3097,GHC,20,1.5,2,500,2,0.2002401351928711,False,0.8333333333333334,0.6666666666666666,0.7407407407407408,14,27
3098,3098,FCI,20,1.5,2,500,2,0.4900400638580322,False,0.0,0.0,0.0,0,0
3099,3099,MIIC,20,1.5,2,500,3,0.0207700729370117,False,0.8421052631578947,0.5333333333333333,0.653061224489796,17,25
3100,3100,GHC,20,1.5,2,500,3,0.1663479804992675,False,0.8235294117647058,0.4666666666666667,0.5957446808510638,19,25
3101,3101,FCI,20,1.5,2,500,3,0.0425069332122802,False,0.0,0.0,0.0,0,0
3102,3102,MIIC,20,1.5,2,500,4,0.0314130783081054,False,0.9545454545454546,0.7,0.8076923076923077,10,15
3103,3103,GHC,20,1.5,2,500,4,0.1863949298858642,False,0.8076923076923077,0.7,0.75,14,26
3104,3104,FCI,20,1.5,2,500,4,0.078183889389038,False,0.0,0.0,0.0,0,0
3105,3105,MIIC,20,1.5,2,1000,0,0.0263018608093261,False,0.9047619047619048,0.6333333333333333,0.7450980392156863,13,15
3106,3106,GHC,20,1.5,2,1000,0,0.1790311336517334,False,0.72,0.6,0.6545454545454547,19,29
3107,3107,FCI,20,1.5,2,1000,0,0.0639007091522216,False,0.0,0.0,0.0,0,0
3108,3108,MIIC,20,1.5,2,1000,1,0.0302789211273193,False,0.9523809523809524,0.6666666666666666,0.7843137254901961,11,15
3109,3109,GHC,20,1.5,2,1000,1,0.1853919029235839,False,0.8518518518518519,0.7666666666666667,0.8070175438596491,11,23
3110,3110,FCI,20,1.5,2,1000,1,0.1056900024414062,False,0.0,0.0,0.0,0,0
3111,3111,MIIC,20,1.5,2,1000,2,0.0295302867889404,False,0.8636363636363636,0.6333333333333333,0.7307692307692307,14,17
3112,3112,GHC,20,1.5,2,1000,2,0.1875290870666504,False,0.8461538461538461,0.7333333333333333,0.7857142857142856,12,19
3113,3113,FCI,20,1.5,2,1000,2,0.4877235889434814,False,0.0,0.0,0.0,0,0
3114,3114,MIIC,20,1.5,2,1000,3,0.0280787944793701,False,0.9090909090909092,0.6666666666666666,0.7692307692307692,12,22
3115,3115,GHC,20,1.5,2,1000,3,0.1869368553161621,False,0.8461538461538461,0.7333333333333333,0.7857142857142856,12,23
3116,3116,FCI,20,1.5,2,1000,3,0.1463911533355713,False,0.0,0.0,0.0,0,0
3117,3117,MIIC,20,1.5,2,1000,4,0.0364589691162109,False,0.92,0.7931034482758621,0.851851851851852,8,13
3118,3118,GHC,20,1.5,2,1000,4,0.1847789287567138,False,0.92,0.7931034482758621,0.851851851851852,8,22
3119,3119,FCI,20,1.5,2,1000,4,1.9099209308624268,False,0.0,0.0,0.0,0,0
3120,3120,MIIC,20,1.5,3,100,0,0.0083000659942626,False,1.0,0.2333333333333333,0.3783783783783783,23,29
3121,3121,GHC,20,1.5,3,100,0,0.145287275314331,False,1.0,0.2666666666666666,0.4210526315789474,22,27
3122,3122,FCI,20,1.5,3,100,0,0.0124928951263427,False,0.0,0.0,0.0,0,0
3123,3123,MIIC,20,1.5,3,100,1,0.0106768608093261,False,0.6363636363636364,0.2333333333333333,0.3414634146341463,27,33
3124,3124,GHC,20,1.5,3,100,1,0.1638059616088867,False,0.5333333333333333,0.2666666666666666,0.3555555555555555,29,35
3125,3125,FCI,20,1.5,3,100,1,0.0130238533020019,False,0.0,0.0,0.0,0,0
3126,3126,MIIC,20,1.5,3,100,2,0.0110740661621093,False,1.0,0.4333333333333333,0.6046511627906976,17,24
3127,3127,GHC,20,1.5,3,100,2,0.1519291400909423,False,0.9,0.3,0.45,22,26
3128,3128,FCI,20,1.5,3,100,2,0.0148098468780517,False,0.0,0.0,0.0,0,0
3129,3129,MIIC,20,1.5,3,100,3,0.0100657939910888,False,0.7272727272727273,0.2666666666666666,0.3902439024390244,25,31
3130,3130,GHC,20,1.5,3,100,3,0.1698310375213623,False,0.5833333333333334,0.2333333333333333,0.3333333333333333,28,31
3131,3131,FCI,20,1.5,3,100,3,0.0126271247863769,False,0.0,0.0,0.0,0,0
3132,3132,MIIC,20,1.5,3,100,4,0.0104832649230957,False,0.6666666666666666,0.2857142857142857,0.4,24,28
3133,3133,GHC,20,1.5,3,100,4,0.1501848697662353,False,0.9,0.3214285714285714,0.4736842105263158,20,23
3134,3134,FCI,20,1.5,3,100,4,0.0138769149780273,False,0.0,0.0,0.0,0,0
3135,3135,MIIC,20,1.5,3,250,0,0.0114238262176513,False,0.9166666666666666,0.3793103448275862,0.5365853658536586,19,23
3136,3136,GHC,20,1.5,3,250,0,0.1535708904266357,False,1.0,0.4137931034482758,0.5853658536585366,17,18
3137,3137,FCI,20,1.5,3,250,0,0.0194311141967773,False,0.0,0.0,0.0,0,0
3138,3138,MIIC,20,1.5,3,250,1,0.0133678913116455,False,1.0,0.5333333333333333,0.6956521739130436,14,25
3139,3139,GHC,20,1.5,3,250,1,0.1582458019256591,False,0.8461538461538461,0.3666666666666666,0.5116279069767441,21,30
3140,3140,FCI,20,1.5,3,250,1,0.0185170173645019,False,0.0,0.0,0.0,0,0
3141,3141,MIIC,20,1.5,3,250,2,0.0141680240631103,False,1.0,0.5,0.6666666666666666,15,27
3142,3142,GHC,20,1.5,3,250,2,0.1656339168548584,False,0.9375,0.5,0.6521739130434783,16,21
3143,3143,FCI,20,1.5,3,250,2,0.0401611328125,False,0.0,0.0,0.0,0,0
3144,3144,MIIC,20,1.5,3,250,3,0.0108559131622314,False,0.9,0.3,0.45,22,29
3145,3145,GHC,20,1.5,3,250,3,0.1499431133270263,False,0.8888888888888888,0.2666666666666666,0.4102564102564102,23,29
3146,3146,FCI,20,1.5,3,250,3,0.0157601833343505,False,0.0,0.0,0.0,0,0
3147,3147,MIIC,20,1.5,3,250,4,0.0093500614166259,False,0.875,0.2333333333333333,0.3684210526315789,24,29
3148,3148,GHC,20,1.5,3,250,4,0.1482329368591308,False,0.9,0.3,0.45,22,27
3149,3149,FCI,20,1.5,3,250,4,0.0137209892272949,False,0.0,0.0,0.0,0,0
3150,3150,MIIC,20,1.5,3,500,0,0.0185730457305908,False,1.0,0.6,0.7499999999999999,12,23
3151,3151,GHC,20,1.5,3,500,0,0.1703400611877441,False,0.95,0.6333333333333333,0.7599999999999999,12,21
3152,3152,FCI,20,1.5,3,500,0,0.0304388999938964,False,0.0,0.0,0.0,0,0
3153,3153,MIIC,20,1.5,3,500,1,0.0182180404663085,False,1.0,0.6,0.7499999999999999,12,20
3154,3154,GHC,20,1.5,3,500,1,0.174659252166748,False,0.8947368421052632,0.5666666666666667,0.6938775510204083,15,27
3155,3155,FCI,20,1.5,3,500,1,0.0709438323974609,False,0.0,0.0,0.0,0,0
3156,3156,MIIC,20,1.5,3,500,2,0.0214052200317382,False,1.0,0.7333333333333333,0.846153846153846,8,24
3157,3157,GHC,20,1.5,3,500,2,0.1835982799530029,False,0.9130434782608696,0.7,0.7924528301886793,11,23
3158,3158,FCI,20,1.5,3,500,2,0.169062852859497,False,0.0,0.0,0.0,0,0
3159,3159,MIIC,20,1.5,3,500,3,0.0157711505889892,False,0.9444444444444444,0.5862068965517241,0.7234042553191489,13,24
3160,3160,GHC,20,1.5,3,500,3,0.1772010326385498,False,0.9047619047619048,0.6551724137931034,0.7599999999999999,12,23
3161,3161,FCI,20,1.5,3,500,3,0.0791952610015869,False,0.0,0.0,0.0,0,0
3162,3162,MIIC,20,1.5,3,500,4,0.0200119018554687,False,0.8947368421052632,0.5666666666666667,0.6938775510204083,15,17
3163,3163,GHC,20,1.5,3,500,4,0.1664812564849853,False,0.9473684210526316,0.6,0.7346938775510204,13,15
3164,3164,FCI,20,1.5,3,500,4,0.0259900093078613,False,0.0,0.0,0.0,0,0
3165,3165,MIIC,20,1.5,3,1000,0,0.0259010791778564,False,0.9583333333333334,0.7666666666666667,0.8518518518518519,8,13
3166,3166,GHC,20,1.5,3,1000,0,0.1941030025482177,False,0.8275862068965517,0.8,0.8135593220338982,11,23
3167,3167,FCI,20,1.5,3,1000,0,0.1188893318176269,False,0.0,0.0,0.0,0,0
3168,3168,MIIC,20,1.5,3,1000,1,0.0239818096160888,False,1.0,0.8,0.888888888888889,6,11
3169,3169,GHC,20,1.5,3,1000,1,0.1862411499023437,False,0.9230769230769232,0.8,0.8571428571428571,8,18
3170,3170,FCI,20,1.5,3,1000,1,0.1266498565673828,False,0.0,0.0,0.0,0,0
3171,3171,MIIC,20,1.5,3,1000,2,0.0176372528076171,False,1.0,0.6,0.7499999999999999,12,18
3172,3172,GHC,20,1.5,3,1000,2,0.1719141006469726,False,1.0,0.6,0.7499999999999999,12,19
3173,3173,FCI,20,1.5,3,1000,2,0.0311710834503173,False,0.0,0.0,0.0,0,0
3174,3174,MIIC,20,1.5,3,1000,3,0.0267877578735351,False,0.9565217391304348,0.7333333333333333,0.8301886792452831,9,12
3175,3175,GHC,20,1.5,3,1000,3,0.1860847473144531,False,0.875,0.7,0.7777777777777777,12,23
3176,3176,FCI,20,1.5,3,1000,3,0.0526709556579589,False,0.0,0.0,0.0,0,0
3177,3177,MIIC,20,1.5,3,1000,4,0.0270121097564697,False,1.0,0.7333333333333333,0.846153846153846,8,17
3178,3178,GHC,20,1.5,3,1000,4,0.1774520874023437,False,0.9545454545454546,0.7,0.8076923076923077,10,19
3179,3179,FCI,20,1.5,3,1000,4,0.0562179088592529,False,0.0,0.0,0.0,0,0
3180,3180,MIIC,20,1.5,4,100,0,0.0074889659881591,False,0.8,0.1379310344827586,0.2352941176470588,26,30
3181,3181,GHC,20,1.5,4,100,0,0.141495943069458,False,0.5,0.1034482758620689,0.1714285714285714,29,32
3182,3182,FCI,20,1.5,4,100,0,0.013139009475708,False,0.0,0.0,0.0,0,0
3183,3183,MIIC,20,1.5,4,100,1,0.0092151165008544,False,0.75,0.2,0.3157894736842105,26,31
3184,3184,GHC,20,1.5,4,100,1,0.149393081665039,False,0.7142857142857143,0.1666666666666666,0.2702702702702703,27,30
3185,3185,FCI,20,1.5,4,100,1,0.0138907432556152,False,0.0,0.0,0.0,0,0
3186,3186,MIIC,20,1.5,4,100,2,0.0069091320037841,False,1.0,0.1333333333333333,0.2352941176470588,26,30
3187,3187,GHC,20,1.5,4,100,2,0.1374611854553222,False,1.0,0.0666666666666666,0.125,28,30
3188,3188,FCI,20,1.5,4,100,2,0.0125417709350585,False,1.0,0.2,0.3333333333333333,24,28
3189,3189,MIIC,20,1.5,4,100,3,0.011484146118164,False,0.8181818181818182,0.3,0.4390243902439024,23,30
3190,3190,GHC,20,1.5,4,100,3,0.1597919464111328,False,0.75,0.3,0.4285714285714285,24,29
3191,3191,FCI,20,1.5,4,100,3,0.0137190818786621,False,0.0,0.0,0.0,0,0
3192,3192,MIIC,20,1.5,4,100,4,0.0072481632232666,False,1.0,0.1333333333333333,0.2352941176470588,26,29
3193,3193,GHC,20,1.5,4,100,4,0.1332099437713623,False,1.0,0.0666666666666666,0.125,28,29
3194,3194,FCI,20,1.5,4,100,4,0.0118730068206787,False,0.0,0.0,0.0,0,0
3195,3195,MIIC,20,1.5,4,250,0,0.014258861541748,False,0.9333333333333332,0.4666666666666667,0.6222222222222223,17,27
3196,3196,GHC,20,1.5,4,250,0,0.1642417907714843,False,0.7777777777777778,0.4666666666666667,0.5833333333333334,20,27
3197,3197,FCI,20,1.5,4,250,0,0.0170080661773681,False,0.0,0.0,0.0,0,0
3198,3198,MIIC,20,1.5,4,250,1,0.0121350288391113,False,1.0,0.3666666666666666,0.5365853658536585,19,28
3199,3199,GHC,20,1.5,4,250,1,0.1505401134490966,False,0.8,0.2666666666666666,0.4,24,30
3200,3200,FCI,20,1.5,4,250,1,0.0164439678192138,False,0.0,0.0,0.0,0,0
3201,3201,MIIC,20,1.5,4,250,2,0.0120990276336669,False,0.7692307692307693,0.3333333333333333,0.4651162790697674,23,28
3202,3202,GHC,20,1.5,4,250,2,0.1451010704040527,False,1.0,0.2,0.3333333333333333,24,25
3203,3203,FCI,20,1.5,4,250,2,0.0145902633666992,False,0.0,0.0,0.0,0,0
3204,3204,MIIC,20,1.5,4,250,3,0.0123648643493652,False,0.9166666666666666,0.3793103448275862,0.5365853658536586,19,28
3205,3205,GHC,20,1.5,4,250,3,0.1524050235748291,False,0.8888888888888888,0.2758620689655172,0.4210526315789473,22,28
3206,3206,FCI,20,1.5,4,250,3,0.0188460350036621,False,0.0,0.0,0.0,0,0
3207,3207,MIIC,20,1.5,4,250,4,0.0123631954193115,False,0.9166666666666666,0.3666666666666666,0.5238095238095238,20,30
3208,3208,GHC,20,1.5,4,250,4,0.1497480869293213,False,1.0,0.3333333333333333,0.5,20,28
3209,3209,FCI,20,1.5,4,250,4,0.0161859989166259,False,0.0,0.0,0.0,0,0
3210,3210,MIIC,20,1.5,4,500,0,0.0127618312835693,False,1.0,0.4333333333333333,0.6046511627906976,17,24
3211,3211,GHC,20,1.5,4,500,0,0.169745922088623,False,0.8235294117647058,0.4666666666666667,0.5957446808510638,19,29
3212,3212,FCI,20,1.5,4,500,0,0.0235018730163574,False,0.0,0.0,0.0,0,0
3213,3213,MIIC,20,1.5,4,500,1,0.0182921886444091,False,1.0,0.5862068965517241,0.7391304347826086,12,17
3214,3214,GHC,20,1.5,4,500,1,0.193598985671997,False,1.0,0.5862068965517241,0.7391304347826086,12,17
3215,3215,FCI,20,1.5,4,500,1,0.0329000949859619,False,0.0,0.0,0.0,0,0
3216,3216,MIIC,20,1.5,4,500,2,0.019083023071289,False,1.0,0.6333333333333333,0.7755102040816326,11,15
3217,3217,GHC,20,1.5,4,500,2,0.1683828830718994,False,0.9230769230769232,0.4,0.5581395348837209,19,26
3218,3218,FCI,20,1.5,4,500,2,0.0396151542663574,False,0.0,0.0,0.0,0,0
3219,3219,MIIC,20,1.5,4,500,3,0.0155239105224609,False,0.8666666666666667,0.4333333333333333,0.5777777777777778,19,23
3220,3220,GHC,20,1.5,4,500,3,0.1648340225219726,False,0.7857142857142857,0.3666666666666666,0.5,22,30
3221,3221,FCI,20,1.5,4,500,3,0.0238509178161621,False,0.0,0.0,0.0,0,0
3222,3222,MIIC,20,1.5,4,500,4,0.0155162811279296,False,1.0,0.5,0.6666666666666666,15,19
3223,3223,GHC,20,1.5,4,500,4,0.1838269233703613,False,1.0,0.5,0.6666666666666666,15,21
3224,3224,FCI,20,1.5,4,500,4,0.0221269130706787,False,0.0,0.0,0.0,0,0
3225,3225,MIIC,20,1.5,4,1000,0,0.033236026763916,False,1.0,0.6,0.7499999999999999,12,22
3226,3226,GHC,20,1.5,4,1000,0,0.2510678768157959,False,1.0,0.5666666666666667,0.7234042553191489,13,20
3227,3227,FCI,20,1.5,4,1000,0,0.2188930511474609,False,0.0,0.0,0.0,0,0
3228,3228,MIIC,20,1.5,4,1000,1,0.0197539329528808,False,1.0,0.5,0.6666666666666666,15,24
3229,3229,GHC,20,1.5,4,1000,1,0.1845839023590088,False,0.9333333333333332,0.4666666666666667,0.6222222222222223,17,26
3230,3230,FCI,20,1.5,4,1000,1,0.0360779762268066,False,0.0,0.0,0.0,0,0
3231,3231,MIIC,20,1.5,4,1000,2,0.0191309452056884,False,1.0,0.4333333333333333,0.6046511627906976,17,17
3232,3232,GHC,20,1.5,4,1000,2,0.1709492206573486,False,1.0,0.4333333333333333,0.6046511627906976,17,17
3233,3233,FCI,20,1.5,4,1000,2,0.0628049373626709,False,0.0,0.0,0.0,0,0
3234,3234,MIIC,20,1.5,4,1000,3,0.0173590183258056,False,1.0,0.4333333333333333,0.6046511627906976,17,24
3235,3235,GHC,20,1.5,4,1000,3,0.3893179893493652,False,1.0,0.4333333333333333,0.6046511627906976,17,21
3236,3236,FCI,20,1.5,4,1000,3,0.0476560592651367,False,0.0,0.0,0.0,0,0
3237,3237,MIIC,20,1.5,4,1000,4,0.0216870307922363,False,0.8947368421052632,0.5666666666666667,0.6938775510204083,15,25
3238,3238,GHC,20,1.5,4,1000,4,0.177844762802124,False,0.8095238095238095,0.5666666666666667,0.6666666666666666,17,25
3239,3239,FCI,20,1.5,4,1000,4,0.0485110282897949,False,0.0,0.0,0.0,0,0
3240,3240,MIIC,20,1.7,2,100,0,0.0161659717559814,False,0.6875,0.3333333333333333,0.4489795918367347,27,33
3241,3241,GHC,20,1.7,2,100,0,0.2006800174713134,False,0.6111111111111112,0.3333333333333333,0.4313725490196078,29,38
3242,3242,FCI,20,1.7,2,100,0,0.0172479152679443,False,0.0,0.0,0.0,0,0
3243,3243,MIIC,20,1.7,2,100,1,0.0143871307373046,False,0.6153846153846154,0.2352941176470588,0.3404255319148936,31,37
3244,3244,GHC,20,1.7,2,100,1,0.1696767807006836,False,0.75,0.2647058823529412,0.391304347826087,28,33
3245,3245,FCI,20,1.7,2,100,1,0.0143048763275146,False,0.0,0.0,0.0,0,0
3246,3246,MIIC,20,1.7,2,100,2,0.014920949935913,False,0.8,0.3529411764705882,0.489795918367347,25,30
3247,3247,GHC,20,1.7,2,100,2,0.1921226978302002,False,0.7222222222222222,0.3823529411764705,0.4999999999999999,26,35
3248,3248,FCI,20,1.7,2,100,2,0.0173020362854003,False,0.0,0.0,0.0,0,0
3249,3249,MIIC,20,1.7,2,100,3,0.0185508728027343,False,0.5652173913043478,0.3823529411764705,0.4561403508771929,31,36
3250,3250,GHC,20,1.7,2,100,3,0.1748380661010742,False,0.7894736842105263,0.4411764705882353,0.5660377358490566,23,35
3251,3251,FCI,20,1.7,2,100,3,0.0157020092010498,False,0.0,0.0,0.0,0,0
3252,3252,MIIC,20,1.7,2,100,4,0.0179119110107421,False,0.631578947368421,0.3529411764705882,0.4528301886792452,29,35
3253,3253,GHC,20,1.7,2,100,4,0.1821291446685791,False,0.6875,0.3235294117647059,0.44,28,36
3254,3254,FCI,20,1.7,2,100,4,0.0196170806884765,False,0.0,0.0,0.0,0,0
3255,3255,MIIC,20,1.7,2,250,0,0.0146188735961914,False,0.8666666666666667,0.3823529411764705,0.5306122448979592,23,25
3256,3256,GHC,20,1.7,2,250,0,0.1731219291687011,False,0.7777777777777778,0.4117647058823529,0.5384615384615384,24,27
3257,3257,FCI,20,1.7,2,250,0,0.019209861755371,False,0.0,0.0,0.0,0,0
3258,3258,MIIC,20,1.7,2,250,1,0.0141189098358154,False,0.9333333333333332,0.4117647058823529,0.5714285714285713,21,31
3259,3259,GHC,20,1.7,2,250,1,0.1778402328491211,False,0.8421052631578947,0.4705882352941176,0.6037735849056604,21,31
3260,3260,FCI,20,1.7,2,250,1,0.0206482410430908,False,0.0,0.0,0.0,0,0
3261,3261,MIIC,20,1.7,2,250,2,0.0150578022003173,False,0.8125,0.3823529411764705,0.52,24,27
3262,3262,GHC,20,1.7,2,250,2,0.1683840751647949,False,0.8235294117647058,0.4117647058823529,0.5490196078431372,23,30
3263,3263,FCI,20,1.7,2,250,2,0.0248417854309082,False,0.0,0.0,0.0,0,0
3264,3264,MIIC,20,1.7,2,250,3,0.0155441761016845,False,0.9444444444444444,0.5,0.6538461538461539,18,25
3265,3265,GHC,20,1.7,2,250,3,0.1735081672668457,False,0.9090909090909092,0.5882352941176471,0.7142857142857143,16,29
3266,3266,FCI,20,1.7,2,250,3,0.030325174331665,False,0.0,0.0,0.0,0,0
3267,3267,MIIC,20,1.7,2,250,4,0.0269348621368408,False,0.65,0.3823529411764705,0.4814814814814815,28,33
3268,3268,GHC,20,1.7,2,250,4,0.1682970523834228,False,0.7272727272727273,0.4705882352941176,0.5714285714285714,24,29
3269,3269,FCI,20,1.7,2,250,4,0.0237329006195068,False,0.0,0.0,0.0,0,0
3270,3270,MIIC,20,1.7,2,500,0,0.0208520889282226,False,0.9,0.5294117647058824,0.6666666666666667,18,26
3271,3271,GHC,20,1.7,2,500,0,0.1835620403289795,False,0.8260869565217391,0.5588235294117647,0.6666666666666667,19,31
3272,3272,FCI,20,1.7,2,500,0,0.0449919700622558,False,0.0,0.0,0.0,0,0
3273,3273,MIIC,20,1.7,2,500,1,0.0225186347961425,False,1.0,0.6470588235294118,0.7857142857142858,12,20
3274,3274,GHC,20,1.7,2,500,1,0.1833951473236084,False,0.88,0.6470588235294118,0.7457627118644068,15,26
3275,3275,FCI,20,1.7,2,500,1,0.1961081027984619,False,0.0,0.0,0.0,0,0
3276,3276,MIIC,20,1.7,2,500,2,0.0210602283477783,False,0.9523809523809524,0.5882352941176471,0.7272727272727274,15,18
3277,3277,GHC,20,1.7,2,500,2,0.1769618988037109,False,0.8,0.4705882352941176,0.5925925925925927,22,32
3278,3278,FCI,20,1.7,2,500,2,0.1433348655700683,False,0.0,0.0,0.0,0,0
3279,3279,MIIC,20,1.7,2,500,3,0.0200140476226806,False,0.9523809523809524,0.5882352941176471,0.7272727272727274,15,23
3280,3280,GHC,20,1.7,2,500,3,0.179682970046997,False,0.8636363636363636,0.5588235294117647,0.6785714285714287,18,29
3281,3281,FCI,20,1.7,2,500,3,0.5708649158477783,False,0.0,0.0,0.0,0,0
3282,3282,MIIC,20,1.7,2,500,4,0.0130550861358642,False,0.9230769230769232,0.3529411764705882,0.5106382978723405,23,31
3283,3283,GHC,20,1.7,2,500,4,0.1665689945220947,False,0.9375,0.4411764705882353,0.6,20,30
3284,3284,FCI,20,1.7,2,500,4,0.0212740898132324,False,0.0,0.0,0.0,0,0
3285,3285,MIIC,20,1.7,2,1000,0,0.0304841995239257,False,0.9583333333333334,0.6764705882352942,0.7931034482758621,12,20
3286,3286,GHC,20,1.7,2,1000,0,0.1854510307312011,False,0.8518518518518519,0.6764705882352942,0.7540983606557378,15,28
3287,3287,FCI,20,1.7,2,1000,0,1.920094966888428,False,0.0,0.0,0.0,0,0
3288,3288,MIIC,20,1.7,2,1000,1,0.0306980609893798,False,0.9629629629629628,0.7647058823529411,0.8524590163934426,9,18
3289,3289,GHC,20,1.7,2,1000,1,0.1974179744720459,False,0.9,0.7941176470588235,0.84375,10,17
3290,3290,FCI,20,1.7,2,1000,1,1.80604887008667,False,0.0,0.0,0.0,0,0
3291,3291,MIIC,20,1.7,2,1000,2,0.0294110774993896,False,0.9545454545454546,0.6176470588235294,0.75,14,23
3292,3292,GHC,20,1.7,2,1000,2,0.1919381618499755,False,0.8846153846153846,0.6764705882352942,0.7666666666666666,14,22
3293,3293,FCI,20,1.7,2,1000,2,0.4653780460357666,False,0.0,0.0,0.0,0,0
3294,3294,MIIC,20,1.7,2,1000,3,0.0475420951843261,False,1.0,0.7647058823529411,0.8666666666666666,8,19
3295,3295,GHC,20,1.7,2,1000,3,0.2051060199737548,False,0.8857142857142857,0.9117647058823528,0.8985507246376812,7,15
3296,3296,FCI,20,1.7,2,1000,3,1.5103459358215332,False,0.0,0.0,0.0,0,0
3297,3297,MIIC,20,1.7,2,1000,4,0.0260982513427734,False,0.9565217391304348,0.6470588235294118,0.7719298245614036,13,15
3298,3298,GHC,20,1.7,2,1000,4,0.188035249710083,False,0.9629629629629628,0.7647058823529411,0.8524590163934426,9,11
3299,3299,FCI,20,1.7,2,1000,4,0.1257290840148925,False,0.0,0.0,0.0,0,0
3300,3300,MIIC,20,1.7,3,100,0,0.0114061832427978,False,0.75,0.2647058823529412,0.391304347826087,28,36
3301,3301,GHC,20,1.7,3,100,0,0.1558372974395752,False,0.8461538461538461,0.3235294117647059,0.4680851063829787,25,29
3302,3302,FCI,20,1.7,3,100,0,0.0126380920410156,False,0.0,0.0,0.0,0,0
3303,3303,MIIC,20,1.7,3,100,1,0.0113773345947265,False,0.8461538461538461,0.3235294117647059,0.4680851063829787,25,33
3304,3304,GHC,20,1.7,3,100,1,0.1609318256378173,False,0.9090909090909092,0.2941176470588235,0.4444444444444445,25,32
3305,3305,FCI,20,1.7,3,100,1,0.0136570930480957,False,0.0,0.0,0.0,0,0
3306,3306,MIIC,20,1.7,3,100,2,0.0184860229492187,False,0.6842105263157895,0.3823529411764705,0.490566037735849,27,36
3307,3307,GHC,20,1.7,3,100,2,0.1782841682434082,False,0.6470588235294118,0.3235294117647059,0.4313725490196078,29,37
3308,3308,FCI,20,1.7,3,100,2,0.0195178985595703,False,0.0,0.0,0.0,0,0
3309,3309,MIIC,20,1.7,3,100,3,0.0148499011993408,False,0.6153846153846154,0.2352941176470588,0.3404255319148936,31,32
3310,3310,GHC,20,1.7,3,100,3,0.1682159900665283,False,0.6,0.2647058823529412,0.3673469387755101,31,36
3311,3311,FCI,20,1.7,3,100,3,0.0135331153869628,False,0.625,0.1470588235294117,0.2380952380952381,32,34
3312,3312,MIIC,20,1.7,3,100,4,0.0144197940826416,False,0.8571428571428571,0.3529411764705882,0.5,24,29
3313,3313,GHC,20,1.7,3,100,4,0.1670382022857666,False,0.6666666666666666,0.2941176470588235,0.4081632653061224,29,34
3314,3314,FCI,20,1.7,3,100,4,0.018395185470581,False,0.0,0.0,0.0,0,0
3315,3315,MIIC,20,1.7,3,250,0,0.0202748775482177,False,1.0,0.5294117647058824,0.6923076923076924,16,26
3316,3316,GHC,20,1.7,3,250,0,0.1991548538208007,False,0.8947368421052632,0.5,0.6415094339622641,19,30
3317,3317,FCI,20,1.7,3,250,0,0.0316920280456543,False,0.0,0.0,0.0,0,0
3318,3318,MIIC,20,1.7,3,250,1,0.0133798122406005,False,1.0,0.4117647058823529,0.5833333333333334,20,25
3319,3319,GHC,20,1.7,3,250,1,0.172116994857788,False,1.0,0.2941176470588235,0.4545454545454545,24,27
3320,3320,FCI,20,1.7,3,250,1,0.0282096862792968,False,0.0,0.0,0.0,0,0
3321,3321,MIIC,20,1.7,3,250,2,0.0181307792663574,False,0.8,0.3529411764705882,0.489795918367347,25,29
3322,3322,GHC,20,1.7,3,250,2,0.1778266429901123,False,0.7333333333333333,0.3235294117647059,0.4489795918367347,27,30
3323,3323,FCI,20,1.7,3,250,2,0.02046799659729,False,0.0,0.0,0.0,0,0
3324,3324,MIIC,20,1.7,3,250,3,0.015920877456665,False,0.9166666666666666,0.3235294117647059,0.4782608695652174,24,32
3325,3325,GHC,20,1.7,3,250,3,0.1851897239685058,False,1.0,0.3235294117647059,0.4888888888888889,23,31
3326,3326,FCI,20,1.7,3,250,3,0.0198960304260253,False,0.0,0.0,0.0,0,0
3327,3327,MIIC,20,1.7,3,250,4,0.0175831317901611,False,0.8888888888888888,0.4848484848484848,0.6274509803921569,19,26
3328,3328,GHC,20,1.7,3,250,4,0.192903995513916,False,0.9333333333333332,0.4242424242424242,0.5833333333333333,20,26
3329,3329,FCI,20,1.7,3,250,4,0.0322248935699462,False,0.0,0.0,0.0,0,0
3330,3330,MIIC,20,1.7,3,500,0,0.0228528976440429,False,0.9523809523809524,0.5882352941176471,0.7272727272727274,15,28
3331,3331,GHC,20,1.7,3,500,0,0.1988458633422851,False,0.9444444444444444,0.5,0.6538461538461539,18,26
3332,3332,FCI,20,1.7,3,500,0,0.0634222030639648,False,0.0,0.0,0.0,0,0
3333,3333,MIIC,20,1.7,3,500,1,0.0211999416351318,False,0.95,0.5588235294117647,0.7037037037037037,16,26
3334,3334,GHC,20,1.7,3,500,1,0.2065939903259277,False,1.0,0.6176470588235294,0.7636363636363637,13,19
3335,3335,FCI,20,1.7,3,500,1,0.0954139232635498,False,0.0,0.0,0.0,0,0
3336,3336,MIIC,20,1.7,3,500,2,0.0131111145019531,False,1.0,0.3823529411764705,0.5531914893617021,21,27
3337,3337,GHC,20,1.7,3,500,2,0.1608550548553466,False,1.0,0.3823529411764705,0.5531914893617021,21,26
3338,3338,FCI,20,1.7,3,500,2,0.0206410884857177,False,0.0,0.0,0.0,0,0
3339,3339,MIIC,20,1.7,3,500,3,0.0206849575042724,False,0.9523809523809524,0.5882352941176471,0.7272727272727274,15,22
3340,3340,GHC,20,1.7,3,500,3,0.1774690151214599,False,0.8095238095238095,0.5,0.6181818181818182,21,26
3341,3341,FCI,20,1.7,3,500,3,0.0403966903686523,False,0.0,0.0,0.0,0,0
3342,3342,MIIC,20,1.7,3,500,4,0.0284771919250488,False,0.9047619047619048,0.5588235294117647,0.6909090909090908,17,27
3343,3343,GHC,20,1.7,3,500,4,0.184859037399292,False,0.9,0.5294117647058824,0.6666666666666667,18,22
3344,3344,FCI,20,1.7,3,500,4,0.0793218612670898,False,0.0,0.0,0.0,0,0
3345,3345,MIIC,20,1.7,3,1000,0,0.0251648426055908,False,1.0,0.5882352941176471,0.7407407407407407,14,17
3346,3346,GHC,20,1.7,3,1000,0,0.1783580780029297,False,0.95,0.5588235294117647,0.7037037037037037,16,19
3347,3347,FCI,20,1.7,3,1000,0,0.0417540073394775,False,0.0,0.0,0.0,0,0
3348,3348,MIIC,20,1.7,3,1000,1,0.0225288867950439,False,0.9,0.5294117647058824,0.6666666666666667,18,26
3349,3349,GHC,20,1.7,3,1000,1,0.1799390316009521,False,0.8571428571428571,0.5294117647058824,0.6545454545454545,19,28
3350,3350,FCI,20,1.7,3,1000,1,0.3466439247131347,False,0.0,0.0,0.0,0,0
3351,3351,MIIC,20,1.7,3,1000,2,0.0277881622314453,False,1.0,0.7352941176470589,0.8474576271186441,9,18
3352,3352,GHC,20,1.7,3,1000,2,0.2011101245880127,False,0.9285714285714286,0.7647058823529411,0.8387096774193549,10,25
3353,3353,FCI,20,1.7,3,1000,2,0.2055907249450683,False,0.0,0.0,0.0,0,0
3354,3354,MIIC,20,1.7,3,1000,3,0.0354607105255126,False,1.0,0.7352941176470589,0.8474576271186441,9,17
3355,3355,GHC,20,1.7,3,1000,3,0.2008469104766845,False,1.0,0.7647058823529411,0.8666666666666666,8,8
3356,3356,FCI,20,1.7,3,1000,3,0.133854866027832,False,0.0,0.0,0.0,0,0
3357,3357,MIIC,20,1.7,3,1000,4,0.0264511108398437,False,1.0,0.5588235294117647,0.7169811320754718,15,26
3358,3358,GHC,20,1.7,3,1000,4,0.1915819644927978,False,0.8076923076923077,0.6176470588235294,0.7,18,25
3359,3359,FCI,20,1.7,3,1000,4,0.2822680473327636,False,0.0,0.0,0.0,0,0
3360,3360,MIIC,20,1.7,4,100,0,0.0101330280303955,False,0.9090909090909092,0.3125,0.4651162790697674,23,30
3361,3361,GHC,20,1.7,4,100,0,0.1501581668853759,False,0.8888888888888888,0.25,0.3902439024390244,25,32
3362,3362,FCI,20,1.7,4,100,0,0.0142688751220703,False,0.0,0.0,0.0,0,0
3363,3363,MIIC,20,1.7,4,100,1,0.0067887306213378,False,1.0,0.088235294117647,0.1621621621621622,31,32
3364,3364,GHC,20,1.7,4,100,1,0.1401960849761963,False,0.75,0.088235294117647,0.1578947368421052,32,32
3365,3365,FCI,20,1.7,4,100,1,0.0122601985931396,False,0.6666666666666666,0.1176470588235294,0.2,32,34
3366,3366,MIIC,20,1.7,4,100,2,0.0095419883728027,False,1.0,0.2352941176470588,0.3809523809523809,26,32
3367,3367,GHC,20,1.7,4,100,2,0.1403329372406005,False,1.0,0.1470588235294117,0.2564102564102564,29,33
3368,3368,FCI,20,1.7,4,100,2,0.0123660564422607,False,0.0,0.0,0.0,0,0
3369,3369,MIIC,20,1.7,4,100,3,0.0096690654754638,False,0.6666666666666666,0.1764705882352941,0.2790697674418604,31,34
3370,3370,GHC,20,1.7,4,100,3,0.1492979526519775,False,0.6666666666666666,0.1764705882352941,0.2790697674418604,31,34
3371,3371,FCI,20,1.7,4,100,3,0.0137579441070556,False,0.0,0.0,0.0,0,0
3372,3372,MIIC,20,1.7,4,100,4,0.0090358257293701,False,0.875,0.2058823529411764,0.3333333333333333,28,32
3373,3373,GHC,20,1.7,4,100,4,0.1488780975341797,False,0.875,0.2058823529411764,0.3333333333333333,28,32
3374,3374,FCI,20,1.7,4,100,4,0.0129361152648925,False,0.0,0.0,0.0,0,0
3375,3375,MIIC,20,1.7,4,250,0,0.0146701335906982,False,0.8461538461538461,0.3235294117647059,0.4680851063829787,25,28
3376,3376,GHC,20,1.7,4,250,0,0.1665799617767334,False,0.9166666666666666,0.3235294117647059,0.4782608695652174,24,27
3377,3377,FCI,20,1.7,4,250,0,0.022148847579956,False,0.0,0.0,0.0,0,0
3378,3378,MIIC,20,1.7,4,250,1,0.01027512550354,False,0.875,0.2058823529411764,0.3333333333333333,28,34
3379,3379,GHC,20,1.7,4,250,1,0.1442377567291259,False,1.0,0.2058823529411764,0.3414634146341463,27,32
3380,3380,FCI,20,1.7,4,250,1,0.0160229206085205,False,0.0,0.0,0.0,0,0
3381,3381,MIIC,20,1.7,4,250,2,0.0168709754943847,False,0.8947368421052632,0.5,0.6415094339622641,19,26
3382,3382,GHC,20,1.7,4,250,2,0.1701719760894775,False,0.95,0.5588235294117647,0.7037037037037037,16,22
3383,3383,FCI,20,1.7,4,250,2,0.0187957286834716,False,0.0,0.0,0.0,0,0
3384,3384,MIIC,20,1.7,4,250,3,0.0103659629821777,False,1.0,0.2941176470588235,0.4545454545454545,24,31
3385,3385,GHC,20,1.7,4,250,3,0.1469151973724365,False,1.0,0.2352941176470588,0.3809523809523809,26,31
3386,3386,FCI,20,1.7,4,250,3,0.0155248641967773,False,0.0,0.0,0.0,0,0
3387,3387,MIIC,20,1.7,4,250,4,0.0113070011138916,False,1.0,0.3235294117647059,0.4888888888888889,23,28
3388,3388,GHC,20,1.7,4,250,4,0.1494879722595214,False,1.0,0.2647058823529412,0.4186046511627907,25,29
3389,3389,FCI,20,1.7,4,250,4,0.0182249546051025,False,0.0,0.0,0.0,0,0
3390,3390,MIIC,20,1.7,4,500,0,0.0140390396118164,False,1.0,0.3636363636363636,0.5333333333333333,21,32
3391,3391,GHC,20,1.7,4,500,0,0.1578791141510009,False,0.7857142857142857,0.3333333333333333,0.4680851063829786,25,33
3392,3392,FCI,20,1.7,4,500,0,0.0191178321838378,False,0.0,0.0,0.0,0,0
3393,3393,MIIC,20,1.7,4,500,1,0.0156748294830322,False,0.7333333333333333,0.3235294117647059,0.4489795918367347,27,32
3394,3394,GHC,20,1.7,4,500,1,0.1577851772308349,False,0.7692307692307693,0.2941176470588235,0.4255319148936171,27,36
3395,3395,FCI,20,1.7,4,500,1,0.0248041152954101,False,0.0,0.0,0.0,0,0
3396,3396,MIIC,20,1.7,4,500,2,0.0196599960327148,False,0.9090909090909092,0.5882352941176471,0.7142857142857143,16,27
3397,3397,GHC,20,1.7,4,500,2,0.1684041023254394,False,0.9411764705882352,0.4705882352941176,0.627450980392157,19,22
3398,3398,FCI,20,1.7,4,500,2,0.0368878841400146,False,0.0,0.0,0.0,0,0
3399,3399,MIIC,20,1.7,4,500,3,0.0142309665679931,False,1.0,0.3529411764705882,0.5217391304347826,22,28
3400,3400,GHC,20,1.7,4,500,3,0.1539418697357177,False,1.0,0.3529411764705882,0.5217391304347826,22,27
3401,3401,FCI,20,1.7,4,500,3,0.0314328670501709,False,0.0,0.0,0.0,0,0
3402,3402,MIIC,20,1.7,4,500,4,0.016575813293457,False,0.9333333333333332,0.4117647058823529,0.5714285714285713,21,30
3403,3403,GHC,20,1.7,4,500,4,0.176588773727417,False,0.8666666666666667,0.3823529411764705,0.5306122448979592,23,33
3404,3404,FCI,20,1.7,4,500,4,0.0241110324859619,False,0.0,0.0,0.0,0,0
3405,3405,MIIC,20,1.7,4,1000,0,0.0273647308349609,False,1.0,0.6176470588235294,0.7636363636363637,13,23
3406,3406,GHC,20,1.7,4,1000,0,0.1888880729675293,False,0.92,0.6764705882352942,0.7796610169491526,13,22
3407,3407,FCI,20,1.7,4,1000,0,0.1498389244079589,False,0.0,0.0,0.0,0,0
3408,3408,MIIC,20,1.7,4,1000,1,0.023669958114624,False,1.0,0.6764705882352942,0.8070175438596492,11,23
3409,3409,GHC,20,1.7,4,1000,1,0.2190251350402832,False,1.0,0.5882352941176471,0.7407407407407407,14,26
3410,3410,FCI,20,1.7,4,1000,1,0.1515150070190429,False,0.0,0.0,0.0,0,0
3411,3411,MIIC,20,1.7,4,1000,2,0.019374132156372,False,1.0,0.4411764705882353,0.6122448979591837,19,23
3412,3412,GHC,20,1.7,4,1000,2,0.1860501766204834,False,1.0,0.4411764705882353,0.6122448979591837,19,21
3413,3413,FCI,20,1.7,4,1000,2,0.0331408977508544,False,0.0,0.0,0.0,0,0
3414,3414,MIIC,20,1.7,4,1000,3,0.0225090980529785,False,0.9444444444444444,0.5,0.6538461538461539,18,21
3415,3415,GHC,20,1.7,4,1000,3,0.2111361026763916,False,0.95,0.5588235294117647,0.7037037037037037,16,18
3416,3416,FCI,20,1.7,4,1000,3,0.0425338745117187,False,0.0,0.0,0.0,0,0
3417,3417,MIIC,20,1.7,4,1000,4,0.0312979221343994,False,1.0,0.7058823529411765,0.8275862068965517,10,14
3418,3418,GHC,20,1.7,4,1000,4,0.1921520233154297,False,1.0,0.6470588235294118,0.7857142857142858,12,16
3419,3419,FCI,20,1.7,4,1000,4,0.2051699161529541,False,0.0,0.0,0.0,0,0
3420,3420,MIIC,20,1.9,2,100,0,0.0125658512115478,False,0.8461538461538461,0.2894736842105263,0.4313725490196079,29,38
3421,3421,GHC,20,1.9,2,100,0,0.1560182571411132,False,0.8181818181818182,0.2368421052631578,0.3673469387755102,31,38
3422,3422,FCI,20,1.9,2,100,0,0.014085054397583,False,1.0,0.1842105263157894,0.3111111111111111,31,36
3423,3423,MIIC,20,1.9,2,100,1,0.0144522190093994,False,0.5714285714285714,0.2105263157894736,0.3076923076923077,36,41
3424,3424,GHC,20,1.9,2,100,1,0.1623811721801757,False,0.75,0.2368421052631578,0.36,32,37
3425,3425,FCI,20,1.9,2,100,1,0.0229268074035644,False,0.0,0.0,0.0,0,0
3426,3426,MIIC,20,1.9,2,100,2,0.0160126686096191,False,0.7777777777777778,0.3684210526315789,0.5,28,35
3427,3427,GHC,20,1.9,2,100,2,0.1977050304412841,False,0.6666666666666666,0.3684210526315789,0.4745762711864407,31,37
3428,3428,FCI,20,1.9,2,100,2,0.0186297893524169,False,0.0,0.0,0.0,0,0
3429,3429,MIIC,20,1.9,2,100,3,0.0168731212615966,False,0.7142857142857143,0.3947368421052631,0.5084745762711864,29,39
3430,3430,GHC,20,1.9,2,100,3,0.2005341053009033,False,0.9473684210526316,0.4736842105263157,0.631578947368421,21,32
3431,3431,FCI,20,1.9,2,100,3,0.0192499160766601,False,0.0,0.0,0.0,0,0
3432,3432,MIIC,20,1.9,2,100,4,0.0187399387359619,False,0.6521739130434783,0.3947368421052631,0.4918032786885246,31,41
3433,3433,GHC,20,1.9,2,100,4,0.1907660961151123,False,0.6521739130434783,0.3947368421052631,0.4918032786885246,31,39
3434,3434,FCI,20,1.9,2,100,4,0.0167238712310791,False,0.0,0.0,0.0,0,0
3435,3435,MIIC,20,1.9,2,250,0,0.0209569931030273,False,0.7142857142857143,0.3947368421052631,0.5084745762711864,29,35
3436,3436,GHC,20,1.9,2,250,0,0.1947999000549316,False,0.7272727272727273,0.4210526315789473,0.5333333333333333,28,35
3437,3437,FCI,20,1.9,2,250,0,0.0232541561126709,False,0.0,0.0,0.0,0,0
3438,3438,MIIC,20,1.9,2,250,1,0.0141170024871826,False,0.9375,0.3947368421052631,0.5555555555555556,24,33
3439,3439,GHC,20,1.9,2,250,1,0.1715638637542724,False,0.8333333333333334,0.3947368421052631,0.5357142857142857,26,35
3440,3440,FCI,20,1.9,2,250,1,0.0177779197692871,False,0.0,0.0,0.0,0,0
3441,3441,MIIC,20,1.9,2,250,2,0.0161671638488769,False,0.95,0.5,0.6551724137931034,20,32
3442,3442,GHC,20,1.9,2,250,2,0.1762959957122802,False,0.9047619047619048,0.5,0.6440677966101696,21,31
3443,3443,FCI,20,1.9,2,250,2,0.0246200561523437,False,0.0,0.0,0.0,0,0
3444,3444,MIIC,20,1.9,2,250,3,0.0166380405426025,False,0.8421052631578947,0.4210526315789473,0.5614035087719298,25,30
3445,3445,GHC,20,1.9,2,250,3,0.2222959995269775,False,0.7307692307692307,0.5,0.5937499999999999,26,36
3446,3446,FCI,20,1.9,2,250,3,0.0330889225006103,False,0.0,0.0,0.0,0,0
3447,3447,MIIC,20,1.9,2,250,4,0.0191102027893066,False,0.9444444444444444,0.4473684210526316,0.6071428571428572,22,32
3448,3448,GHC,20,1.9,2,250,4,0.1876590251922607,False,0.85,0.4473684210526316,0.5862068965517242,24,33
3449,3449,FCI,20,1.9,2,250,4,0.0269381999969482,False,0.0,0.0,0.0,0,0
3450,3450,MIIC,20,1.9,2,500,0,0.0181818008422851,False,0.8,0.3157894736842105,0.4528301886792453,29,36
3451,3451,GHC,20,1.9,2,500,0,0.1727159023284912,False,0.75,0.3157894736842105,0.4444444444444443,30,39
3452,3452,FCI,20,1.9,2,500,0,0.0288681983947753,False,0.0,0.0,0.0,0,0
3453,3453,MIIC,20,1.9,2,500,1,0.0300171375274658,False,0.96,0.631578947368421,0.7619047619047619,15,24
3454,3454,GHC,20,1.9,2,500,1,0.1937329769134521,False,0.9629629629629628,0.6842105263157895,0.7999999999999999,13,22
3455,3455,FCI,20,1.9,2,500,1,0.2551050186157226,False,0.0,0.0,0.0,0,0
3456,3456,MIIC,20,1.9,2,500,2,0.0260798931121826,False,0.9090909090909092,0.5263157894736842,0.6666666666666666,20,30
3457,3457,GHC,20,1.9,2,500,2,0.2247402667999267,False,0.8214285714285714,0.6052631578947368,0.6969696969696969,20,27
3458,3458,FCI,20,1.9,2,500,2,0.0580968856811523,False,0.0,0.0,0.0,0,0
3459,3459,MIIC,20,1.9,2,500,3,0.0204789638519287,False,0.9090909090909092,0.5263157894736842,0.6666666666666666,20,34
3460,3460,GHC,20,1.9,2,500,3,0.1933901309967041,False,0.6923076923076923,0.4736842105263157,0.5625,28,40
3461,3461,FCI,20,1.9,2,500,3,0.2074859142303466,False,0.0,0.0,0.0,0,0
3462,3462,MIIC,20,1.9,2,500,4,0.0240759849548339,False,1.0,0.5789473684210527,0.7333333333333334,16,27
3463,3463,GHC,20,1.9,2,500,4,0.1927320957183838,False,0.8275862068965517,0.631578947368421,0.716417910447761,19,31
3464,3464,FCI,20,1.9,2,500,4,0.0864613056182861,False,0.0,0.0,0.0,0,0
3465,3465,MIIC,20,1.9,2,1000,0,0.0292780399322509,False,0.9166666666666666,0.5789473684210527,0.7096774193548387,18,24
3466,3466,GHC,20,1.9,2,1000,0,0.1970682144165039,False,0.8181818181818182,0.7105263157894737,0.7605633802816901,17,24
3467,3467,FCI,20,1.9,2,1000,0,1.3082809448242188,False,0.0,0.0,0.0,0,0
3468,3468,MIIC,20,1.9,2,1000,1,0.026930809020996,False,1.0,0.5263157894736842,0.6896551724137931,18,23
3469,3469,GHC,20,1.9,2,1000,1,0.1987261772155761,False,0.6923076923076923,0.4736842105263157,0.5625,28,38
3470,3470,FCI,20,1.9,2,1000,1,0.595221996307373,False,0.0,0.0,0.0,0,0
3471,3471,MIIC,20,1.9,2,1000,2,0.035707950592041,False,0.9615384615384616,0.6578947368421053,0.78125,14,26
3472,3472,GHC,20,1.9,2,1000,2,0.1890671253204345,False,0.8666666666666667,0.6842105263157895,0.7647058823529413,16,29
3473,3473,FCI,20,1.9,2,1000,2,1.8960909843444824,False,0.0,0.0,0.0,0,0
3474,3474,MIIC,20,1.9,2,1000,3,0.0337593555450439,False,0.92,0.6052631578947368,0.7301587301587301,17,34
3475,3475,GHC,20,1.9,2,1000,3,0.1929459571838379,False,0.8928571428571429,0.6578947368421053,0.7575757575757577,16,27
3476,3476,FCI,20,1.9,2,1000,3,1.4449961185455322,False,0.0,0.0,0.0,0,0
3477,3477,MIIC,20,1.9,2,1000,4,0.0345699787139892,False,0.9285714285714286,0.6842105263157895,0.7878787878787878,14,24
3478,3478,GHC,20,1.9,2,1000,4,0.197969913482666,False,0.84375,0.7105263157894737,0.7714285714285714,16,26
3479,3479,FCI,20,1.9,2,1000,4,1.334986925125122,False,0.0,0.0,0.0,0,0
3480,3480,MIIC,20,1.9,3,100,0,0.011880874633789,False,0.7857142857142857,0.2894736842105263,0.423076923076923,30,37
3481,3481,GHC,20,1.9,3,100,0,0.1519820690155029,False,0.7,0.1842105263157894,0.2916666666666666,34,39
3482,3482,FCI,20,1.9,3,100,0,0.0133917331695556,False,0.0,0.0,0.0,0,0
3483,3483,MIIC,20,1.9,3,100,1,0.0119218826293945,False,0.6923076923076923,0.2368421052631578,0.3529411764705882,33,36
3484,3484,GHC,20,1.9,3,100,1,0.1561450958251953,False,0.7,0.1842105263157894,0.2916666666666666,34,37
3485,3485,FCI,20,1.9,3,100,1,0.0142028331756591,False,0.0,0.0,0.0,0,0
3486,3486,MIIC,20,1.9,3,100,2,0.0080630779266357,False,1.0,0.1578947368421052,0.2727272727272727,32,36
3487,3487,GHC,20,1.9,3,100,2,0.1397349834442138,False,1.0,0.131578947368421,0.2325581395348837,33,36
3488,3488,FCI,20,1.9,3,100,2,0.0135731697082519,False,0.0,0.0,0.0,0,0
3489,3489,MIIC,20,1.9,3,100,3,0.0139179229736328,False,0.7692307692307693,0.2631578947368421,0.392156862745098,31,38
3490,3490,GHC,20,1.9,3,100,3,0.1623077392578125,False,0.7857142857142857,0.2894736842105263,0.423076923076923,30,35
3491,3491,FCI,20,1.9,3,100,3,0.0140092372894287,False,1.0,0.2105263157894736,0.3478260869565217,30,36
3492,3492,MIIC,20,1.9,3,100,4,0.013826847076416,False,0.6470588235294118,0.2894736842105263,0.4,33,38
3493,3493,GHC,20,1.9,3,100,4,0.1588499546051025,False,0.6,0.2368421052631578,0.339622641509434,35,40
3494,3494,FCI,20,1.9,3,100,4,0.0166831016540527,False,0.0,0.0,0.0,0,0
3495,3495,MIIC,20,1.9,3,250,0,0.0095946788787841,False,1.0,0.2105263157894736,0.3478260869565217,30,35
3496,3496,GHC,20,1.9,3,250,0,0.1535589694976806,False,1.0,0.2105263157894736,0.3478260869565217,30,33
3497,3497,FCI,20,1.9,3,250,0,0.0159077644348144,False,0.0,0.0,0.0,0,0
3498,3498,MIIC,20,1.9,3,250,1,0.0113399028778076,False,1.0,0.2631578947368421,0.4166666666666667,28,33
3499,3499,GHC,20,1.9,3,250,1,0.1560759544372558,False,0.9166666666666666,0.2894736842105263,0.4399999999999999,28,35
3500,3500,FCI,20,1.9,3,250,1,0.0229349136352539,False,0.0,0.0,0.0,0,0
3501,3501,MIIC,20,1.9,3,250,2,0.015514850616455,False,1.0,0.4736842105263157,0.6428571428571429,20,30
3502,3502,GHC,20,1.9,3,250,2,0.1598799228668213,False,1.0,0.3947368421052631,0.5660377358490566,23,33
3503,3503,FCI,20,1.9,3,250,2,0.0212421417236328,False,0.0,0.0,0.0,0,0
3504,3504,MIIC,20,1.9,3,250,3,0.0114829540252685,False,1.0,0.3157894736842105,0.4799999999999999,26,33
3505,3505,GHC,20,1.9,3,250,3,0.1535210609436035,False,1.0,0.2631578947368421,0.4166666666666667,28,32
3506,3506,FCI,20,1.9,3,250,3,0.017888069152832,False,0.0,0.0,0.0,0,0
3507,3507,MIIC,20,1.9,3,250,4,0.0191180706024169,False,0.8181818181818182,0.4736842105263157,0.6,24,32
3508,3508,GHC,20,1.9,3,250,4,0.1699991226196289,False,0.8571428571428571,0.3157894736842105,0.4615384615384615,28,37
3509,3509,FCI,20,1.9,3,250,4,0.0299100875854492,False,0.0,0.0,0.0,0,0
3510,3510,MIIC,20,1.9,3,500,0,0.027656078338623,False,1.0,0.6486486486486487,0.7868852459016393,13,24
3511,3511,GHC,20,1.9,3,500,0,0.183892011642456,False,0.9230769230769232,0.6486486486486487,0.7619047619047619,15,24
3512,3512,FCI,20,1.9,3,500,0,0.1084108352661132,False,0.0,0.0,0.0,0,0
3513,3513,MIIC,20,1.9,3,500,1,0.0161628723144531,False,1.0,0.4473684210526316,0.6181818181818182,21,34
3514,3514,GHC,20,1.9,3,500,1,0.1734640598297119,False,0.8888888888888888,0.4210526315789473,0.5714285714285714,24,35
3515,3515,FCI,20,1.9,3,500,1,0.0574250221252441,False,0.0,0.0,0.0,0,0
3516,3516,MIIC,20,1.9,3,500,2,0.021183967590332,False,0.8947368421052632,0.4473684210526316,0.5964912280701755,23,29
3517,3517,GHC,20,1.9,3,500,2,0.1695008277893066,False,0.8947368421052632,0.4473684210526316,0.5964912280701755,23,31
3518,3518,FCI,20,1.9,3,500,2,0.0539219379425048,False,0.0,0.0,0.0,0,0
3519,3519,MIIC,20,1.9,3,500,3,0.0161879062652587,False,0.875,0.3684210526315789,0.5185185185185185,26,33
3520,3520,GHC,20,1.9,3,500,3,0.1600282192230224,False,0.8666666666666667,0.3421052631578947,0.4905660377358491,27,33
3521,3521,FCI,20,1.9,3,500,3,0.0246551036834716,False,0.0,0.0,0.0,0,0
3522,3522,MIIC,20,1.9,3,500,4,0.0161409378051757,False,1.0,0.4473684210526316,0.6181818181818182,21,29
3523,3523,GHC,20,1.9,3,500,4,0.1661891937255859,False,0.8421052631578947,0.4210526315789473,0.5614035087719298,25,32
3524,3524,FCI,20,1.9,3,500,4,0.053276777267456,False,0.0,0.0,0.0,0,0
3525,3525,MIIC,20,1.9,3,1000,0,0.0299170017242431,False,0.9230769230769232,0.631578947368421,0.7499999999999999,16,23
3526,3526,GHC,20,1.9,3,1000,0,0.1893200874328613,False,0.8214285714285714,0.6052631578947368,0.6969696969696969,20,33
3527,3527,FCI,20,1.9,3,1000,0,0.5581607818603516,False,0.0,0.0,0.0,0,0
3528,3528,MIIC,20,1.9,3,1000,1,0.0320398807525634,False,0.9545454545454546,0.5526315789473685,0.7000000000000001,18,25
3529,3529,GHC,20,1.9,3,1000,1,0.1932148933410644,False,0.9230769230769232,0.631578947368421,0.7499999999999999,16,23
3530,3530,FCI,20,1.9,3,1000,1,0.1521008014678955,False,0.0,0.0,0.0,0,0
3531,3531,MIIC,20,1.9,3,1000,2,0.0310299396514892,False,0.9615384615384616,0.6578947368421053,0.78125,14,22
3532,3532,GHC,20,1.9,3,1000,2,0.1950578689575195,False,1.0,0.7631578947368421,0.8656716417910448,9,13
3533,3533,FCI,20,1.9,3,1000,2,0.333871841430664,False,0.0,0.0,0.0,0,0
3534,3534,MIIC,20,1.9,3,1000,3,0.0315427780151367,False,1.0,0.6578947368421053,0.7936507936507937,13,18
3535,3535,GHC,20,1.9,3,1000,3,0.2031359672546386,False,0.8666666666666667,0.6842105263157895,0.7647058823529413,16,22
3536,3536,FCI,20,1.9,3,1000,3,0.5890247821807861,False,0.0,0.0,0.0,0,0
3537,3537,MIIC,20,1.9,3,1000,4,0.0294809341430664,False,0.9615384615384616,0.6578947368421053,0.78125,14,25
3538,3538,GHC,20,1.9,3,1000,4,0.19240403175354,False,0.9285714285714286,0.6842105263157895,0.7878787878787878,14,20
3539,3539,FCI,20,1.9,3,1000,4,0.2757651805877685,False,0.0,0.0,0.0,0,0
3540,3540,MIIC,20,1.9,4,100,0,0.0087690353393554,False,0.875,0.1944444444444444,0.3181818181818182,30,35
3541,3541,GHC,20,1.9,4,100,0,0.1439759731292724,False,0.8571428571428571,0.1666666666666666,0.2790697674418604,31,34
3542,3542,FCI,20,1.9,4,100,0,0.0138468742370605,False,0.0,0.0,0.0,0,0
3543,3543,MIIC,20,1.9,4,100,1,0.0092749595642089,False,1.0,0.2285714285714285,0.3720930232558139,27,31
3544,3544,GHC,20,1.9,4,100,1,0.1451518535614013,False,0.875,0.2,0.3255813953488372,29,34
3545,3545,FCI,20,1.9,4,100,1,0.0127890110015869,False,0.8333333333333334,0.1428571428571428,0.2439024390243902,31,34
3546,3546,MIIC,20,1.9,4,100,2,0.0077981948852539,False,0.8333333333333334,0.131578947368421,0.2272727272727272,34,38
3547,3547,GHC,20,1.9,4,100,2,0.14133882522583,False,1.0,0.131578947368421,0.2325581395348837,33,37
3548,3548,FCI,20,1.9,4,100,2,0.0122780799865722,False,0.0,0.0,0.0,0,0
3549,3549,MIIC,20,1.9,4,100,3,0.0104749202728271,False,0.9,0.2368421052631578,0.375,30,34
3550,3550,GHC,20,1.9,4,100,3,0.1453428268432617,False,0.8333333333333334,0.131578947368421,0.2272727272727272,34,35
3551,3551,FCI,20,1.9,4,100,3,0.0149528980255126,False,0.0,0.0,0.0,0,0
3552,3552,MIIC,20,1.9,4,100,4,0.0091710090637207,False,1.0,0.2368421052631578,0.3829787234042552,29,34
3553,3553,GHC,20,1.9,4,100,4,0.1477580070495605,False,0.8571428571428571,0.1578947368421052,0.2666666666666666,33,35
3554,3554,FCI,20,1.9,4,100,4,0.0125758647918701,False,0.0,0.0,0.0,0,0
3555,3555,MIIC,20,1.9,4,250,0,0.0103180408477783,False,1.0,0.2432432432432432,0.391304347826087,28,35
3556,3556,GHC,20,1.9,4,250,0,0.1463489532470703,False,1.0,0.2162162162162162,0.3555555555555555,29,35
3557,3557,FCI,20,1.9,4,250,0,0.0137689113616943,False,0.0,0.0,0.0,0,0
3558,3558,MIIC,20,1.9,4,250,1,0.0127680301666259,False,0.9285714285714286,0.3714285714285714,0.5306122448979592,23,32
3559,3559,GHC,20,1.9,4,250,1,0.1540961265563964,False,0.9166666666666666,0.3142857142857143,0.4680851063829787,25,33
3560,3560,FCI,20,1.9,4,250,1,0.0165193080902099,False,0.0,0.0,0.0,0,0
3561,3561,MIIC,20,1.9,4,250,2,0.0103492736816406,False,1.0,0.2368421052631578,0.3829787234042552,29,31
3562,3562,GHC,20,1.9,4,250,2,0.1490278244018554,False,1.0,0.1578947368421052,0.2727272727272727,32,35
3563,3563,FCI,20,1.9,4,250,2,0.0167691707611084,False,0.0,0.0,0.0,0,0
3564,3564,MIIC,20,1.9,4,250,3,0.0113940238952636,False,0.8,0.2105263157894736,0.3333333333333333,32,35
3565,3565,GHC,20,1.9,4,250,3,0.1497349739074707,False,0.7777777777777778,0.1842105263157894,0.2978723404255319,33,37
3566,3566,FCI,20,1.9,4,250,3,0.0192408561706542,False,0.0,0.0,0.0,0,0
3567,3567,MIIC,20,1.9,4,250,4,0.0113749504089355,False,0.9090909090909092,0.2702702702702703,0.4166666666666667,28,32
3568,3568,GHC,20,1.9,4,250,4,0.1505751609802246,False,0.7777777777777778,0.1891891891891892,0.3043478260869565,32,38
3569,3569,FCI,20,1.9,4,250,4,0.0158922672271728,False,0.0,0.0,0.0,0,0
3570,3570,MIIC,20,1.9,4,500,0,0.0123310089111328,False,1.0,0.2894736842105263,0.4489795918367347,27,35
3571,3571,GHC,20,1.9,4,500,0,0.1605598926544189,False,0.7857142857142857,0.2894736842105263,0.423076923076923,30,38
3572,3572,FCI,20,1.9,4,500,0,0.029346227645874,False,0.0,0.0,0.0,0,0
3573,3573,MIIC,20,1.9,4,500,1,0.0089459419250488,False,1.0,0.131578947368421,0.2325581395348837,33,38
3574,3574,GHC,20,1.9,4,500,1,0.1378660202026367,False,1.0,0.0789473684210526,0.1463414634146341,35,38
3575,3575,FCI,20,1.9,4,500,1,0.0170958042144775,False,0.0,0.0,0.0,0,0
3576,3576,MIIC,20,1.9,4,500,2,0.0145690441131591,False,1.0,0.3947368421052631,0.5660377358490566,23,26
3577,3577,GHC,20,1.9,4,500,2,0.1689391136169433,False,0.8,0.4210526315789473,0.5517241379310345,26,36
3578,3578,FCI,20,1.9,4,500,2,0.0359888076782226,False,0.0,0.0,0.0,0,0
3579,3579,MIIC,20,1.9,4,500,3,0.0141031742095947,False,0.9333333333333332,0.3684210526315789,0.5283018867924527,25,34
3580,3580,GHC,20,1.9,4,500,3,0.1543819904327392,False,0.9090909090909092,0.2631578947368421,0.4081632653061224,29,35
3581,3581,FCI,20,1.9,4,500,3,0.0208320617675781,False,0.0,0.0,0.0,0,0
3582,3582,MIIC,20,1.9,4,500,4,0.0114381313323974,False,0.9,0.2368421052631578,0.375,30,34
3583,3583,GHC,20,1.9,4,500,4,0.1529080867767334,False,0.7777777777777778,0.1842105263157894,0.2978723404255319,33,38
3584,3584,FCI,20,1.9,4,500,4,0.0316128730773925,False,0.0,0.0,0.0,0,0
3585,3585,MIIC,20,1.9,4,1000,0,0.0229589939117431,False,1.0,0.4864864864864865,0.6545454545454547,19,29
3586,3586,GHC,20,1.9,4,1000,0,0.1714758872985839,False,0.8666666666666667,0.3513513513513513,0.5000000000000001,26,34
3587,3587,FCI,20,1.9,4,1000,0,0.0350840091705322,False,0.0,0.0,0.0,0,0
3588,3588,MIIC,20,1.9,4,1000,1,0.0215330123901367,False,0.9375,0.4054054054054054,0.5660377358490566,23,30
3589,3589,GHC,20,1.9,4,1000,1,0.1803829669952392,False,1.0,0.5135135135135135,0.6785714285714285,18,22
3590,3590,FCI,20,1.9,4,1000,1,0.0615832805633544,False,0.0,0.0,0.0,0,0
3591,3591,MIIC,20,1.9,4,1000,2,0.0154571533203125,False,1.0,0.3157894736842105,0.4799999999999999,26,30
3592,3592,GHC,20,1.9,4,1000,2,0.1617491245269775,False,0.8461538461538461,0.2894736842105263,0.4313725490196079,29,33
3593,3593,FCI,20,1.9,4,1000,2,0.0256760120391845,False,0.0,0.0,0.0,0,0
3594,3594,MIIC,20,1.9,4,1000,3,0.0235350131988525,False,1.0,0.5135135135135135,0.6785714285714285,18,26
3595,3595,GHC,20,1.9,4,1000,3,0.1655969619750976,False,1.0,0.4594594594594595,0.6296296296296297,20,28
3596,3596,FCI,20,1.9,4,1000,3,0.0386688709259033,False,0.0,0.0,0.0,0,0
3597,3597,MIIC,20,1.9,4,1000,4,0.0254888534545898,False,0.9583333333333334,0.6052631578947368,0.7419354838709677,16,21
3598,3598,GHC,20,1.9,4,1000,4,0.187417984008789,False,0.8,0.5263157894736842,0.6349206349206348,23,34
3599,3599,FCI,20,1.9,4,1000,4,0.0668470859527587,False,0.0,0.0,0.0,0,0
3600,3600,MIIC,25,1.1,2,100,0,0.0175421237945556,False,0.6470588235294118,0.4074074074074074,0.5,22,32
3601,3601,GHC,25,1.1,2,100,0,0.2544918060302734,False,0.5,0.3703703703703703,0.425531914893617,27,35
3602,3602,FCI,25,1.1,2,100,0,0.0229568481445312,False,0.0,0.0,0.0,0,0
3603,3603,MIIC,25,1.1,2,100,1,0.020914077758789,False,0.6086956521739131,0.5185185185185185,0.5599999999999999,22,28
3604,3604,GHC,25,1.1,2,100,1,0.2542510032653808,False,0.65,0.4814814814814814,0.553191489361702,21,31
3605,3605,FCI,25,1.1,2,100,1,0.0265247821807861,False,0.0,0.0,0.0,0,0
3606,3606,MIIC,25,1.1,2,100,2,0.0220422744750976,False,0.8636363636363636,0.7037037037037037,0.7755102040816326,11,23
3607,3607,GHC,25,1.1,2,100,2,0.2609918117523193,False,0.8181818181818182,0.6666666666666666,0.7346938775510203,13,24
3608,3608,FCI,25,1.1,2,100,2,0.0261809825897216,False,0.0,0.0,0.0,0,0
3609,3609,MIIC,25,1.1,2,100,3,0.0254490375518798,False,0.5,0.4074074074074074,0.4489795918367346,27,37
3610,3610,GHC,25,1.1,2,100,3,0.2646467685699463,False,0.5714285714285714,0.4444444444444444,0.5,24,34
3611,3611,FCI,25,1.1,2,100,3,0.0254838466644287,False,0.0,0.0,0.0,0,0
3612,3612,MIIC,25,1.1,2,100,4,0.0186929702758789,False,0.55,0.4074074074074074,0.4680851063829787,25,31
3613,3613,GHC,25,1.1,2,100,4,0.262516975402832,False,0.4285714285714285,0.3333333333333333,0.375,30,34
3614,3614,FCI,25,1.1,2,100,4,0.0247998237609863,False,0.0,0.0,0.0,0,0
3615,3615,MIIC,25,1.1,2,250,0,0.021414041519165,False,0.8888888888888888,0.6153846153846154,0.7272727272727274,12,21
3616,3616,GHC,25,1.1,2,250,0,0.262908935546875,False,0.6363636363636364,0.5384615384615384,0.5833333333333334,20,27
3617,3617,FCI,25,1.1,2,250,0,0.0265443325042724,False,0.0,0.0,0.0,0,0
3618,3618,MIIC,25,1.1,2,250,1,0.0238070487976074,False,0.6363636363636364,0.5185185185185185,0.5714285714285714,21,27
3619,3619,GHC,25,1.1,2,250,1,0.2649121284484863,False,0.6956521739130435,0.5925925925925926,0.6399999999999999,18,22
3620,3620,FCI,25,1.1,2,250,1,0.0277791023254394,False,0.0,0.0,0.0,0,0
3621,3621,MIIC,25,1.1,2,250,2,0.0207219123840332,False,0.8421052631578947,0.5925925925925926,0.6956521739130435,14,26
3622,3622,GHC,25,1.1,2,250,2,0.2505290508270263,False,0.7222222222222222,0.4814814814814814,0.5777777777777777,19,26
3623,3623,FCI,25,1.1,2,250,2,0.0364842414855957,False,0.0,0.0,0.0,0,0
3624,3624,MIIC,25,1.1,2,250,3,0.020615816116333,False,0.6842105263157895,0.4814814814814814,0.5652173913043478,20,28
3625,3625,GHC,25,1.1,2,250,3,0.2579059600830078,False,0.6190476190476191,0.4814814814814814,0.5416666666666666,22,29
3626,3626,FCI,25,1.1,2,250,3,0.0282418727874755,False,0.0,0.0,0.0,0,0
3627,3627,MIIC,25,1.1,2,250,4,0.0236380100250244,False,0.6666666666666666,0.5925925925925926,0.627450980392157,19,24
3628,3628,GHC,25,1.1,2,250,4,0.2593920230865478,False,0.7368421052631579,0.5185185185185185,0.6086956521739131,18,24
3629,3629,FCI,25,1.1,2,250,4,0.0323750972747802,False,0.0,0.0,0.0,0,0
3630,3630,MIIC,25,1.1,2,500,0,0.0211379528045654,False,0.85,0.6296296296296297,0.723404255319149,13,22
3631,3631,GHC,25,1.1,2,500,0,0.2659451961517334,False,0.9090909090909092,0.7407407407407407,0.8163265306122449,9,15
3632,3632,FCI,25,1.1,2,500,0,0.0443477630615234,False,0.0,0.0,0.0,0,0
3633,3633,MIIC,25,1.1,2,500,1,0.0207581520080566,False,0.8333333333333334,0.5555555555555556,0.6666666666666667,15,23
3634,3634,GHC,25,1.1,2,500,1,0.2660298347473144,False,0.7727272727272727,0.6296296296296297,0.6938775510204083,15,21
3635,3635,FCI,25,1.1,2,500,1,0.0314428806304931,False,0.0,0.0,0.0,0,0
3636,3636,MIIC,25,1.1,2,500,2,0.0319852828979492,False,0.782608695652174,0.6666666666666666,0.72,14,21
3637,3637,GHC,25,1.1,2,500,2,0.2693052291870117,False,0.782608695652174,0.6666666666666666,0.72,14,21
3638,3638,FCI,25,1.1,2,500,2,0.0649831295013427,False,0.0,0.0,0.0,0,0
3639,3639,MIIC,25,1.1,2,500,3,0.0297648906707763,False,0.8636363636363636,0.7037037037037037,0.7755102040816326,11,23
3640,3640,GHC,25,1.1,2,500,3,0.2804999351501465,False,0.8148148148148148,0.8148148148148148,0.8148148148148148,10,18
3641,3641,FCI,25,1.1,2,500,3,0.0402169227600097,False,0.0,0.0,0.0,0,0
3642,3642,MIIC,25,1.1,2,500,4,0.0172669887542724,False,0.9090909090909092,0.3846153846153846,0.5405405405405405,17,21
3643,3643,GHC,25,1.1,2,500,4,0.2380909919738769,False,0.7692307692307693,0.3846153846153846,0.5128205128205128,19,23
3644,3644,FCI,25,1.1,2,500,4,0.0286870002746582,False,0.0,0.0,0.0,0,0
3645,3645,MIIC,25,1.1,2,1000,0,0.0290238857269287,False,0.9047619047619048,0.7037037037037037,0.7916666666666667,10,15
3646,3646,GHC,25,1.1,2,1000,0,0.2821581363677978,False,0.8636363636363636,0.7037037037037037,0.7755102040816326,11,18
3647,3647,FCI,25,1.1,2,1000,0,0.0463359355926513,False,0.0,0.0,0.0,0,0
3648,3648,MIIC,25,1.1,2,1000,1,0.0445802211761474,False,0.925925925925926,0.925925925925926,0.925925925925926,4,13
3649,3649,GHC,25,1.1,2,1000,1,0.2866859436035156,False,0.8064516129032258,0.925925925925926,0.8620689655172414,8,23
3650,3650,FCI,25,1.1,2,1000,1,0.533970832824707,False,0.0,0.0,0.0,0,0
3651,3651,MIIC,25,1.1,2,1000,2,0.0442490577697753,False,0.8214285714285714,0.8518518518518519,0.8363636363636364,9,11
3652,3652,GHC,25,1.1,2,1000,2,0.2983670234680176,False,0.7857142857142857,0.8148148148148148,0.7999999999999999,11,25
3653,3653,FCI,25,1.1,2,1000,2,0.0840899944305419,False,0.0,0.0,0.0,0,0
3654,3654,MIIC,25,1.1,2,1000,3,0.030703067779541,False,0.95,0.7307692307692307,0.8260869565217392,8,13
3655,3655,GHC,25,1.1,2,1000,3,0.2869429588317871,False,0.875,0.8076923076923077,0.8400000000000001,8,15
3656,3656,FCI,25,1.1,2,1000,3,0.3508048057556152,False,0.0,0.0,0.0,0,0
3657,3657,MIIC,25,1.1,2,1000,4,0.0338861942291259,False,0.9047619047619048,0.7037037037037037,0.7916666666666667,10,21
3658,3658,GHC,25,1.1,2,1000,4,0.2793171405792236,False,0.8076923076923077,0.7777777777777778,0.7924528301886792,11,19
3659,3659,FCI,25,1.1,2,1000,4,0.0368311405181884,False,0.0,0.0,0.0,0,0
3660,3660,MIIC,25,1.1,3,100,0,0.0184688568115234,False,0.5555555555555556,0.3703703703703703,0.4444444444444445,25,29
3661,3661,GHC,25,1.1,3,100,0,0.2591581344604492,False,0.4761904761904761,0.3703703703703703,0.4166666666666667,28,32
3662,3662,FCI,25,1.1,3,100,0,0.0253360271453857,False,0.0,0.0,0.0,0,0
3663,3663,MIIC,25,1.1,3,100,1,0.0203399658203125,False,0.7894736842105263,0.5555555555555556,0.6521739130434783,16,28
3664,3664,GHC,25,1.1,3,100,1,0.2487077713012695,False,0.8235294117647058,0.5185185185185185,0.6363636363636364,16,25
3665,3665,FCI,25,1.1,3,100,1,0.0269591808319091,False,0.0,0.0,0.0,0,0
3666,3666,MIIC,25,1.1,3,100,2,0.0152459144592285,False,0.7142857142857143,0.3703703703703703,0.4878048780487805,21,25
3667,3667,GHC,25,1.1,3,100,2,0.2404320240020752,False,0.6666666666666666,0.2962962962962963,0.4102564102564102,23,26
3668,3668,FCI,25,1.1,3,100,2,0.0233972072601318,False,0.0,0.0,0.0,0,0
3669,3669,MIIC,25,1.1,3,100,3,0.0153589248657226,False,0.7857142857142857,0.4074074074074074,0.5365853658536585,19,27
3670,3670,GHC,25,1.1,3,100,3,0.2348380088806152,False,0.7692307692307693,0.3703703703703703,0.5,20,24
3671,3671,FCI,25,1.1,3,100,3,0.0251328945159912,False,0.0,0.0,0.0,0,0
3672,3672,MIIC,25,1.1,3,100,4,0.0166389942169189,False,0.8125,0.4814814814814814,0.6046511627906976,17,23
3673,3673,GHC,25,1.1,3,100,4,0.255936861038208,False,0.75,0.5555555555555556,0.6382978723404256,17,22
3674,3674,FCI,25,1.1,3,100,4,0.0251059532165527,False,0.0,0.0,0.0,0,0
3675,3675,MIIC,25,1.1,3,250,0,0.0200872421264648,False,0.8947368421052632,0.6296296296296297,0.7391304347826088,12,22
3676,3676,GHC,25,1.1,3,250,0,0.2493898868560791,False,0.8823529411764706,0.5555555555555556,0.6818181818181819,14,24
3677,3677,FCI,25,1.1,3,250,0,0.0302789211273193,False,0.0,0.0,0.0,0,0
3678,3678,MIIC,25,1.1,3,250,1,0.0166273117065429,False,0.8666666666666667,0.4814814814814814,0.6190476190476191,16,26
3679,3679,GHC,25,1.1,3,250,1,0.2367398738861084,False,0.7857142857142857,0.4074074074074074,0.5365853658536585,19,24
3680,3680,FCI,25,1.1,3,250,1,0.0276861190795898,False,0.0,0.0,0.0,0,0
3681,3681,MIIC,25,1.1,3,250,2,0.0210139751434326,False,0.9473684210526316,0.6666666666666666,0.782608695652174,10,15
3682,3682,GHC,25,1.1,3,250,2,0.2707078456878662,False,0.9047619047619048,0.7037037037037037,0.7916666666666667,10,12
3683,3683,FCI,25,1.1,3,250,2,0.0302011966705322,False,0.0,0.0,0.0,0,0
3684,3684,MIIC,25,1.1,3,250,3,0.0166478157043457,False,0.8666666666666667,0.4814814814814814,0.6190476190476191,16,24
3685,3685,GHC,25,1.1,3,250,3,0.2359302043914795,False,0.9166666666666666,0.4074074074074074,0.5641025641025641,17,24
3686,3686,FCI,25,1.1,3,250,3,0.0268609523773193,False,0.0,0.0,0.0,0,0
3687,3687,MIIC,25,1.1,3,250,4,0.020392894744873,False,0.8333333333333334,0.5555555555555556,0.6666666666666667,15,22
3688,3688,GHC,25,1.1,3,250,4,0.2518467903137207,False,0.8235294117647058,0.5185185185185185,0.6363636363636364,16,22
3689,3689,FCI,25,1.1,3,250,4,0.0274088382720947,False,0.0,0.0,0.0,0,0
3690,3690,MIIC,25,1.1,3,500,0,0.0250322818756103,False,0.9473684210526316,0.6666666666666666,0.782608695652174,10,13
3691,3691,GHC,25,1.1,3,500,0,0.278757095336914,False,0.7692307692307693,0.7407407407407407,0.7547169811320754,13,20
3692,3692,FCI,25,1.1,3,500,0,0.0413451194763183,False,0.0,0.0,0.0,0,0
3693,3693,MIIC,25,1.1,3,500,1,0.0238730907440185,False,1.0,0.7037037037037037,0.8260869565217391,8,12
3694,3694,GHC,25,1.1,3,500,1,0.257300853729248,False,0.8888888888888888,0.5925925925925926,0.711111111111111,13,20
3695,3695,FCI,25,1.1,3,500,1,0.0337588787078857,False,0.0,0.0,0.0,0,0
3696,3696,MIIC,25,1.1,3,500,2,0.0222542285919189,False,0.9444444444444444,0.6296296296296297,0.7555555555555556,11,18
3697,3697,GHC,25,1.1,3,500,2,0.2572770118713379,False,0.8888888888888888,0.5925925925925926,0.711111111111111,13,19
3698,3698,FCI,25,1.1,3,500,2,0.0290160179138183,False,0.0,0.0,0.0,0,0
3699,3699,MIIC,25,1.1,3,500,3,0.0284388065338134,False,0.95,0.7037037037037037,0.8085106382978724,9,13
3700,3700,GHC,25,1.1,3,500,3,0.2726771831512451,False,0.8333333333333334,0.7407407407407407,0.7843137254901961,11,22
3701,3701,FCI,25,1.1,3,500,3,0.0316362380981445,False,0.0,0.0,0.0,0,0
3702,3702,MIIC,25,1.1,3,500,4,0.0279541015625,False,1.0,0.8518518518518519,0.92,4,5
3703,3703,GHC,25,1.1,3,500,4,0.2711730003356933,False,0.92,0.8518518518518519,0.8846153846153846,6,10
3704,3704,FCI,25,1.1,3,500,4,0.0558369159698486,False,0.0,0.0,0.0,0,0
3705,3705,MIIC,25,1.1,3,1000,0,0.0323781967163085,False,1.0,0.8518518518518519,0.92,4,19
3706,3706,GHC,25,1.1,3,1000,0,0.2818598747253418,False,0.9230769230769232,0.8888888888888888,0.9056603773584906,5,23
3707,3707,FCI,25,1.1,3,1000,0,0.0755589008331298,False,0.0,0.0,0.0,0,0
3708,3708,MIIC,25,1.1,3,1000,1,0.032947301864624,False,0.9130434782608696,0.7777777777777778,0.84,8,11
3709,3709,GHC,25,1.1,3,1000,1,0.2744808197021484,False,0.8695652173913043,0.7407407407407407,0.7999999999999999,10,19
3710,3710,FCI,25,1.1,3,1000,1,0.042579174041748,False,0.0,0.0,0.0,0,0
3711,3711,MIIC,25,1.1,3,1000,2,0.0317978858947753,False,1.0,0.7777777777777778,0.8750000000000001,6,12
3712,3712,GHC,25,1.1,3,1000,2,0.2727231979370117,False,0.8333333333333334,0.7407407407407407,0.7843137254901961,11,17
3713,3713,FCI,25,1.1,3,1000,2,0.059952974319458,False,0.0,0.0,0.0,0,0
3714,3714,MIIC,25,1.1,3,1000,3,0.0409739017486572,False,1.0,0.8518518518518519,0.92,4,9
3715,3715,GHC,25,1.1,3,1000,3,0.276806116104126,False,0.9166666666666666,0.8148148148148148,0.8627450980392156,7,10
3716,3716,FCI,25,1.1,3,1000,3,0.0528070926666259,False,0.0,0.0,0.0,0,0
3717,3717,MIIC,25,1.1,3,1000,4,0.0336489677429199,False,1.0,0.925925925925926,0.9615384615384616,2,3
3718,3718,GHC,25,1.1,3,1000,4,0.2826437950134277,False,0.96,0.8888888888888888,0.923076923076923,4,12
3719,3719,FCI,25,1.1,3,1000,4,0.2128529548645019,False,0.0,0.0,0.0,0,0
3720,3720,MIIC,25,1.1,4,100,0,0.0114951133728027,False,0.8571428571428571,0.2222222222222222,0.3529411764705882,22,26
3721,3721,GHC,25,1.1,4,100,0,0.2210171222686767,False,0.8333333333333334,0.1851851851851851,0.303030303030303,23,26
3722,3722,FCI,25,1.1,4,100,0,0.0210187435150146,False,0.75,0.2222222222222222,0.3428571428571428,23,26
3723,3723,MIIC,25,1.1,4,100,1,0.0125677585601806,False,0.7,0.2592592592592592,0.3783783783783783,23,25
3724,3724,GHC,25,1.1,4,100,1,0.2365808486938476,False,0.75,0.2222222222222222,0.3428571428571428,23,24
3725,3725,FCI,25,1.1,4,100,1,0.02354097366333,False,0.0,0.0,0.0,0,0
3726,3726,MIIC,25,1.1,4,100,2,0.0158298015594482,False,0.8666666666666667,0.4814814814814814,0.6190476190476191,16,19
3727,3727,GHC,25,1.1,4,100,2,0.2289798259735107,False,1.0,0.3333333333333333,0.5,18,20
3728,3728,FCI,25,1.1,4,100,2,0.0234119892120361,False,0.0,0.0,0.0,0,0
3729,3729,MIIC,25,1.1,4,100,3,0.0138542652130126,False,0.5833333333333334,0.2592592592592592,0.358974358974359,25,26
3730,3730,GHC,25,1.1,4,100,3,0.2346439361572265,False,0.5,0.1851851851851851,0.2702702702702703,27,29
3731,3731,FCI,25,1.1,4,100,3,0.0222458839416503,False,0.0,0.0,0.0,0,0
3732,3732,MIIC,25,1.1,4,100,4,0.0130348205566406,False,0.8181818181818182,0.3333333333333333,0.4736842105263157,20,27
3733,3733,GHC,25,1.1,4,100,4,0.2405869960784912,False,0.6666666666666666,0.3703703703703703,0.4761904761904761,22,28
3734,3734,FCI,25,1.1,4,100,4,0.0257079601287841,False,0.0,0.0,0.0,0,0
3735,3735,MIIC,25,1.1,4,250,0,0.0155220031738281,False,1.0,0.4814814814814814,0.65,14,21
3736,3736,GHC,25,1.1,4,250,0,0.2371058464050293,False,1.0,0.4074074074074074,0.5789473684210525,16,22
3737,3737,FCI,25,1.1,4,250,0,0.0263543128967285,False,0.0,0.0,0.0,0,0
3738,3738,MIIC,25,1.1,4,250,1,0.0161101818084716,False,0.9166666666666666,0.4074074074074074,0.5641025641025641,17,26
3739,3739,GHC,25,1.1,4,250,1,0.237490177154541,False,0.8333333333333334,0.3703703703703703,0.5128205128205128,19,26
3740,3740,FCI,25,1.1,4,250,1,0.0271112918853759,False,0.0,0.0,0.0,0,0
3741,3741,MIIC,25,1.1,4,250,2,0.0151870250701904,False,0.9166666666666666,0.4074074074074074,0.5641025641025641,17,23
3742,3742,GHC,25,1.1,4,250,2,0.2322108745574951,False,0.9090909090909092,0.3703703703703703,0.5263157894736842,18,23
3743,3743,FCI,25,1.1,4,250,2,0.0256540775299072,False,0.0,0.0,0.0,0,0
3744,3744,MIIC,25,1.1,4,250,3,0.0141119956970214,False,1.0,0.4074074074074074,0.5789473684210525,16,24
3745,3745,GHC,25,1.1,4,250,3,0.2452998161315918,False,0.7333333333333333,0.4074074074074074,0.5238095238095238,20,25
3746,3746,FCI,25,1.1,4,250,3,0.0262939929962158,False,0.0,0.0,0.0,0,0
3747,3747,MIIC,25,1.1,4,250,4,0.018385887145996,False,0.9411764705882352,0.5925925925925926,0.7272727272727272,12,23
3748,3748,GHC,25,1.1,4,250,4,0.2366383075714111,False,1.0,0.4444444444444444,0.6153846153846153,15,23
3749,3749,FCI,25,1.1,4,250,4,0.0289528369903564,False,0.0,0.0,0.0,0,0
3750,3750,MIIC,25,1.1,4,500,0,0.0209591388702392,False,1.0,0.6666666666666666,0.8,9,19
3751,3751,GHC,25,1.1,4,500,0,0.2532718181610107,False,0.9444444444444444,0.6296296296296297,0.7555555555555556,11,18
3752,3752,FCI,25,1.1,4,500,0,0.0417730808258056,False,0.0,0.0,0.0,0,0
3753,3753,MIIC,25,1.1,4,500,1,0.0165438652038574,False,1.0,0.4444444444444444,0.6153846153846153,15,23
3754,3754,GHC,25,1.1,4,500,1,0.2421741485595703,False,1.0,0.4814814814814814,0.65,14,20
3755,3755,FCI,25,1.1,4,500,1,0.0338649749755859,False,0.0,0.0,0.0,0,0
3756,3756,MIIC,25,1.1,4,500,2,0.0350329875946044,False,1.0,0.8148148148148148,0.8979591836734693,5,13
3757,3757,GHC,25,1.1,4,500,2,0.2700479030609131,False,1.0,0.7407407407407407,0.851063829787234,7,16
3758,3758,FCI,25,1.1,4,500,2,0.0421588420867919,False,0.0,0.0,0.0,0,0
3759,3759,MIIC,25,1.1,4,500,3,0.0202140808105468,False,1.0,0.6296296296296297,0.7727272727272727,10,19
3760,3760,GHC,25,1.1,4,500,3,0.269129991531372,False,0.8947368421052632,0.6296296296296297,0.7391304347826088,12,21
3761,3761,FCI,25,1.1,4,500,3,0.0331368446350097,False,0.0,0.0,0.0,0,0
3762,3762,MIIC,25,1.1,4,500,4,0.0171132087707519,False,1.0,0.4814814814814814,0.65,14,14
3763,3763,GHC,25,1.1,4,500,4,0.2318167686462402,False,0.9090909090909092,0.3703703703703703,0.5263157894736842,18,22
3764,3764,FCI,25,1.1,4,500,4,0.0279297828674316,False,0.0,0.0,0.0,0,0
3765,3765,MIIC,25,1.1,4,1000,0,0.030613899230957,False,1.0,0.8148148148148148,0.8979591836734693,5,10
3766,3766,GHC,25,1.1,4,1000,0,0.2775843143463135,False,0.92,0.8518518518518519,0.8846153846153846,6,14
3767,3767,FCI,25,1.1,4,1000,0,0.0758850574493408,False,0.0,0.0,0.0,0,0
3768,3768,MIIC,25,1.1,4,1000,1,0.0371062755584716,False,0.95,0.7037037037037037,0.8085106382978724,9,15
3769,3769,GHC,25,1.1,4,1000,1,0.2689206600189209,False,0.95,0.7037037037037037,0.8085106382978724,9,21
3770,3770,FCI,25,1.1,4,1000,1,0.0969557762145996,False,0.0,0.0,0.0,0,0
3771,3771,MIIC,25,1.1,4,1000,2,0.0246510505676269,False,1.0,0.6296296296296297,0.7727272727272727,10,19
3772,3772,GHC,25,1.1,4,1000,2,0.2596879005432129,False,0.9,0.6666666666666666,0.7659574468085106,11,21
3773,3773,FCI,25,1.1,4,1000,2,0.048548936843872,False,0.0,0.0,0.0,0,0
3774,3774,MIIC,25,1.1,4,1000,3,0.0294301509857177,False,1.0,0.7407407407407407,0.851063829787234,7,13
3775,3775,GHC,25,1.1,4,1000,3,0.2836320400238037,False,0.8461538461538461,0.8148148148148148,0.830188679245283,9,19
3776,3776,FCI,25,1.1,4,1000,3,0.0827603340148925,False,0.0,0.0,0.0,0,0
3777,3777,MIIC,25,1.1,4,1000,4,0.027346134185791,False,0.9047619047619048,0.7037037037037037,0.7916666666666667,10,16
3778,3778,GHC,25,1.1,4,1000,4,0.2634401321411133,False,1.0,0.7037037037037037,0.8260869565217391,8,12
3779,3779,FCI,25,1.1,4,1000,4,0.0455071926116943,False,0.0,0.0,0.0,0,0
3780,3780,MIIC,25,1.3,2,100,0,0.0237209796905517,False,0.7727272727272727,0.53125,0.6296296296296297,20,28
3781,3781,GHC,25,1.3,2,100,0,0.2735092639923095,False,0.6428571428571429,0.5625,0.6000000000000001,24,29
3782,3782,FCI,25,1.3,2,100,0,0.0316979885101318,False,0.0,0.0,0.0,0,0
3783,3783,MIIC,25,1.3,2,100,1,0.0201740264892578,False,0.6842105263157895,0.40625,0.5098039215686275,25,31
3784,3784,GHC,25,1.3,2,100,1,0.2501230239868164,False,0.7222222222222222,0.40625,0.52,24,30
3785,3785,FCI,25,1.3,2,100,1,0.0283310413360595,False,0.0,0.0,0.0,0,0
3786,3786,MIIC,25,1.3,2,100,2,0.02164888381958,False,0.7083333333333334,0.53125,0.6071428571428571,22,32
3787,3787,GHC,25,1.3,2,100,2,0.2811520099639892,False,0.5862068965517241,0.53125,0.5573770491803278,27,34
3788,3788,FCI,25,1.3,2,100,2,0.024658203125,False,0.0,0.0,0.0,0,0
3789,3789,MIIC,25,1.3,2,100,3,0.0195391178131103,False,0.6470588235294118,0.34375,0.4489795918367347,27,31
3790,3790,GHC,25,1.3,2,100,3,0.2563300132751465,False,0.5789473684210527,0.34375,0.4313725490196078,29,36
3791,3791,FCI,25,1.3,2,100,3,0.0252430438995361,False,0.0,0.0,0.0,0,0
3792,3792,MIIC,25,1.3,2,100,4,0.0194730758666992,False,0.7,0.4375,0.5384615384615384,24,30
3793,3793,GHC,25,1.3,2,100,4,0.2742161750793457,False,0.6153846153846154,0.5,0.5517241379310345,26,33
3794,3794,FCI,25,1.3,2,100,4,0.0257470607757568,False,0.0,0.0,0.0,0,0
3795,3795,MIIC,25,1.3,2,250,0,0.0265078544616699,False,0.64,0.5,0.5614035087719298,25,37
3796,3796,GHC,25,1.3,2,250,0,0.2702569961547851,False,0.72,0.5625,0.631578947368421,21,27
3797,3797,FCI,25,1.3,2,250,0,0.0347950458526611,False,0.0,0.0,0.0,0,0
3798,3798,MIIC,25,1.3,2,250,1,0.0263407230377197,False,0.782608695652174,0.5625,0.6545454545454547,19,27
3799,3799,GHC,25,1.3,2,250,1,0.2705640792846679,False,0.76,0.59375,0.6666666666666666,19,27
3800,3800,FCI,25,1.3,2,250,1,0.0328798294067382,False,0.0,0.0,0.0,0,0
3801,3801,MIIC,25,1.3,2,250,2,0.0255990028381347,False,0.8695652173913043,0.625,0.7272727272727273,15,20
3802,3802,GHC,25,1.3,2,250,2,0.2681992053985595,False,0.9565217391304348,0.6875,0.8,11,14
3803,3803,FCI,25,1.3,2,250,2,0.050682783126831,False,0.0,0.0,0.0,0,0
3804,3804,MIIC,25,1.3,2,250,3,0.0212218761444091,False,0.75,0.46875,0.5769230769230769,22,28
3805,3805,GHC,25,1.3,2,250,3,0.2598698139190674,False,0.6666666666666666,0.4375,0.5283018867924528,25,33
3806,3806,FCI,25,1.3,2,250,3,0.0286681652069091,False,0.0,0.0,0.0,0,0
3807,3807,MIIC,25,1.3,2,250,4,0.0268678665161132,False,0.6923076923076923,0.5625,0.6206896551724138,22,29
3808,3808,GHC,25,1.3,2,250,4,0.2753229141235351,False,0.8,0.625,0.7017543859649122,17,29
3809,3809,FCI,25,1.3,2,250,4,0.0900616645812988,False,0.0,0.0,0.0,0,0
3810,3810,MIIC,25,1.3,2,500,0,0.0357942581176757,False,0.9090909090909092,0.625,0.7407407407407406,14,18
3811,3811,GHC,25,1.3,2,500,0,0.2850122451782226,False,0.7857142857142857,0.6875,0.7333333333333334,16,24
3812,3812,FCI,25,1.3,2,500,0,0.0862998962402343,False,0.0,0.0,0.0,0,0
3813,3813,MIIC,25,1.3,2,500,1,0.0277910232543945,False,0.7916666666666666,0.59375,0.6785714285714286,18,27
3814,3814,GHC,25,1.3,2,500,1,0.2619147300720215,False,0.8095238095238095,0.53125,0.6415094339622642,19,28
3815,3815,FCI,25,1.3,2,500,1,0.0655391216278076,False,0.0,0.0,0.0,0,0
3816,3816,MIIC,25,1.3,2,500,2,0.0249578952789306,False,0.9090909090909092,0.625,0.7407407407407406,14,22
3817,3817,GHC,25,1.3,2,500,2,0.2848920822143554,False,0.9583333333333334,0.71875,0.8214285714285714,10,16
3818,3818,FCI,25,1.3,2,500,2,0.1253681182861328,False,0.0,0.0,0.0,0,0
3819,3819,MIIC,25,1.3,2,500,3,0.0275831222534179,False,0.782608695652174,0.5625,0.6545454545454547,19,30
3820,3820,GHC,25,1.3,2,500,3,0.2983369827270508,False,0.7,0.65625,0.6774193548387096,20,34
3821,3821,FCI,25,1.3,2,500,3,0.0325078964233398,False,0.0,0.0,0.0,0,0
3822,3822,MIIC,25,1.3,2,500,4,0.0216069221496582,False,0.9444444444444444,0.5666666666666667,0.7083333333333334,14,24
3823,3823,GHC,25,1.3,2,500,4,0.264146089553833,False,0.88,0.7333333333333333,0.8,11,18
3824,3824,FCI,25,1.3,2,500,4,0.0370829105377197,False,0.0,0.0,0.0,0,0
3825,3825,MIIC,25,1.3,2,1000,0,0.0326368808746337,False,0.9545454545454546,0.65625,0.7777777777777778,12,22
3826,3826,GHC,25,1.3,2,1000,0,0.2634999752044678,False,0.8181818181818182,0.5625,0.6666666666666666,18,32
3827,3827,FCI,25,1.3,2,1000,0,0.1270742416381836,False,0.0,0.0,0.0,0,0
3828,3828,MIIC,25,1.3,2,1000,1,0.0352318286895751,False,1.0,0.6875,0.8148148148148148,10,13
3829,3829,GHC,25,1.3,2,1000,1,0.2814490795135498,False,0.84,0.65625,0.736842105263158,15,22
3830,3830,FCI,25,1.3,2,1000,1,0.0678987503051757,False,0.0,0.0,0.0,0,0
3831,3831,MIIC,25,1.3,2,1000,2,0.0361058712005615,False,0.9090909090909092,0.625,0.7407407407407406,14,19
3832,3832,GHC,25,1.3,2,1000,2,0.2832329273223877,False,0.8461538461538461,0.6875,0.7586206896551724,14,21
3833,3833,FCI,25,1.3,2,1000,2,0.1187860965728759,False,0.0,0.0,0.0,0,0
3834,3834,MIIC,25,1.3,2,1000,3,0.0335140228271484,False,0.9090909090909092,0.625,0.7407407407407406,14,17
3835,3835,GHC,25,1.3,2,1000,3,0.2891690731048584,False,0.8148148148148148,0.6875,0.7457627118644067,15,19
3836,3836,FCI,25,1.3,2,1000,3,1.1064400672912598,False,0.0,0.0,0.0,0,0
3837,3837,MIIC,25,1.3,2,1000,4,0.0282328128814697,False,0.9,0.5625,0.6923076923076923,16,21
3838,3838,GHC,25,1.3,2,1000,4,0.2840669155120849,False,0.9583333333333334,0.71875,0.8214285714285714,10,16
3839,3839,FCI,25,1.3,2,1000,4,0.0433332920074462,False,0.0,0.0,0.0,0,0
3840,3840,MIIC,25,1.3,3,100,0,0.0215229988098144,False,0.5454545454545454,0.375,0.4444444444444444,30,39
3841,3841,GHC,25,1.3,3,100,0,0.2558419704437256,False,0.5,0.34375,0.4074074074074074,32,36
3842,3842,FCI,25,1.3,3,100,0,0.0246798992156982,False,0.0,0.0,0.0,0,0
3843,3843,MIIC,25,1.3,3,100,1,0.0189402103424072,False,0.7222222222222222,0.40625,0.52,24,32
3844,3844,GHC,25,1.3,3,100,1,0.2619988918304443,False,0.7083333333333334,0.53125,0.6071428571428571,22,27
3845,3845,FCI,25,1.3,3,100,1,0.0260798931121826,False,0.0,0.0,0.0,0,0
3846,3846,MIIC,25,1.3,3,100,2,0.0135960578918457,False,0.75,0.28125,0.4090909090909091,26,33
3847,3847,GHC,25,1.3,3,100,2,0.227212905883789,False,1.0,0.25,0.4,24,27
3848,3848,FCI,25,1.3,3,100,2,0.02329683303833,False,0.0,0.0,0.0,0,0
3849,3849,MIIC,25,1.3,3,100,3,0.0211269855499267,False,0.6190476190476191,0.40625,0.490566037735849,27,35
3850,3850,GHC,25,1.3,3,100,3,0.2477712631225586,False,0.7647058823529411,0.40625,0.5306122448979592,23,30
3851,3851,FCI,25,1.3,3,100,3,0.0236039161682128,False,0.0,0.0,0.0,0,0
3852,3852,MIIC,25,1.3,3,100,4,0.0147979259490966,False,0.7142857142857143,0.3125,0.4347826086956521,26,32
3853,3853,GHC,25,1.3,3,100,4,0.2325260639190673,False,0.8181818181818182,0.28125,0.4186046511627906,25,30
3854,3854,FCI,25,1.3,3,100,4,0.023465871810913,False,0.8888888888888888,0.25,0.3902439024390244,25,31
3855,3855,MIIC,25,1.3,3,250,0,0.0222110748291015,False,0.8,0.5,0.6153846153846154,20,27
3856,3856,GHC,25,1.3,3,250,0,0.2564079761505127,False,0.7142857142857143,0.46875,0.5660377358490566,23,31
3857,3857,FCI,25,1.3,3,250,0,0.0888092517852783,False,0.0,0.0,0.0,0,0
3858,3858,MIIC,25,1.3,3,250,1,0.0200960636138916,False,0.8823529411764706,0.46875,0.6122448979591837,19,28
3859,3859,GHC,25,1.3,3,250,1,0.243769884109497,False,0.875,0.4375,0.5833333333333334,20,28
3860,3860,FCI,25,1.3,3,250,1,0.0299201011657714,False,0.0,0.0,0.0,0,0
3861,3861,MIIC,25,1.3,3,250,2,0.0221152305603027,False,0.8636363636363636,0.59375,0.7037037037037037,16,25
3862,3862,GHC,25,1.3,3,250,2,0.2509241104125976,False,0.9473684210526316,0.5625,0.7058823529411765,15,24
3863,3863,FCI,25,1.3,3,250,2,0.0353238582611084,False,0.0,0.0,0.0,0,0
3864,3864,MIIC,25,1.3,3,250,3,0.0202970504760742,False,0.9473684210526316,0.5625,0.7058823529411765,15,27
3865,3865,GHC,25,1.3,3,250,3,0.2523219585418701,False,0.9,0.5625,0.6923076923076923,16,28
3866,3866,FCI,25,1.3,3,250,3,0.0436542034149169,False,0.0,0.0,0.0,0,0
3867,3867,MIIC,25,1.3,3,250,4,0.0173010826110839,False,0.875,0.4375,0.5833333333333334,20,28
3868,3868,GHC,25,1.3,3,250,4,0.266359806060791,False,0.9,0.5625,0.6923076923076923,16,20
3869,3869,FCI,25,1.3,3,250,4,0.0275838375091552,False,0.0,0.0,0.0,0,0
3870,3870,MIIC,25,1.3,3,500,0,0.0245780944824218,False,1.0,0.71875,0.8363636363636363,9,15
3871,3871,GHC,25,1.3,3,500,0,0.2719521522521972,False,0.9565217391304348,0.6875,0.8,11,16
3872,3872,FCI,25,1.3,3,500,0,0.0683698654174804,False,0.0,0.0,0.0,0,0
3873,3873,MIIC,25,1.3,3,500,1,0.0254740715026855,False,0.8823529411764706,0.46875,0.6122448979591837,19,20
3874,3874,GHC,25,1.3,3,500,1,0.2484030723571777,False,0.8235294117647058,0.4375,0.5714285714285714,21,31
3875,3875,FCI,25,1.3,3,500,1,0.0326416492462158,False,0.0,0.0,0.0,0,0
3876,3876,MIIC,25,1.3,3,500,2,0.0257480144500732,False,0.9523809523809524,0.6451612903225806,0.7692307692307692,12,20
3877,3877,GHC,25,1.3,3,500,2,0.2625319957733154,False,0.9090909090909092,0.6451612903225806,0.7547169811320754,13,25
3878,3878,FCI,25,1.3,3,500,2,0.1032350063323974,False,0.0,0.0,0.0,0,0
3879,3879,MIIC,25,1.3,3,500,3,0.0195441246032714,False,1.0,0.5625,0.72,14,29
3880,3880,GHC,25,1.3,3,500,3,0.2561280727386474,False,1.0,0.59375,0.7450980392156863,13,23
3881,3881,FCI,25,1.3,3,500,3,0.0402359962463378,False,0.0,0.0,0.0,0,0
3882,3882,MIIC,25,1.3,3,500,4,0.0245399475097656,False,1.0,0.625,0.7692307692307693,12,26
3883,3883,GHC,25,1.3,3,500,4,0.2630882263183594,False,0.9545454545454546,0.65625,0.7777777777777778,12,19
3884,3884,FCI,25,1.3,3,500,4,0.0417461395263671,False,0.0,0.0,0.0,0,0
3885,3885,MIIC,25,1.3,3,1000,0,0.0413441658020019,False,1.0,0.90625,0.9508196721311476,3,6
3886,3886,GHC,25,1.3,3,1000,0,0.2886409759521484,False,0.9,0.84375,0.870967741935484,8,19
3887,3887,FCI,25,1.3,3,1000,0,0.1380500793457031,False,0.0,0.0,0.0,0,0
3888,3888,MIIC,25,1.3,3,1000,1,0.0253911018371582,False,1.0,0.53125,0.6938775510204082,15,22
3889,3889,GHC,25,1.3,3,1000,1,0.2513699531555176,False,0.9375,0.46875,0.625,18,25
3890,3890,FCI,25,1.3,3,1000,1,0.0430490970611572,False,0.0,0.0,0.0,0,0
3891,3891,MIIC,25,1.3,3,1000,2,0.0369558334350585,False,0.9615384615384616,0.78125,0.8620689655172413,8,15
3892,3892,GHC,25,1.3,3,1000,2,0.2806968688964844,False,0.9230769230769232,0.75,0.8275862068965517,10,19
3893,3893,FCI,25,1.3,3,1000,2,0.2308542728424072,False,0.0,0.0,0.0,0,0
3894,3894,MIIC,25,1.3,3,1000,3,0.0430669784545898,False,1.0,0.8125,0.896551724137931,6,6
3895,3895,GHC,25,1.3,3,1000,3,0.2833249568939209,False,0.8888888888888888,0.75,0.8135593220338982,11,18
3896,3896,FCI,25,1.3,3,1000,3,0.091041088104248,False,0.0,0.0,0.0,0,0
3897,3897,MIIC,25,1.3,3,1000,4,0.0411999225616455,False,0.9583333333333334,0.7419354838709677,0.8363636363636364,9,24
3898,3898,GHC,25,1.3,3,1000,4,0.2808990478515625,False,0.8518518518518519,0.7419354838709677,0.7931034482758621,12,27
3899,3899,FCI,25,1.3,3,1000,4,0.1255340576171875,False,0.0,0.0,0.0,0,0
3900,3900,MIIC,25,1.3,4,100,0,0.0170390605926513,False,0.8571428571428571,0.375,0.5217391304347825,22,26
3901,3901,GHC,25,1.3,4,100,0,0.2482931613922119,False,0.6875,0.34375,0.4583333333333333,26,30
3902,3902,FCI,25,1.3,4,100,0,0.0251438617706298,False,0.0,0.0,0.0,0,0
3903,3903,MIIC,25,1.3,4,100,1,0.0125439167022705,False,0.6666666666666666,0.1875,0.2926829268292683,29,33
3904,3904,GHC,25,1.3,4,100,1,0.2230539321899414,False,0.6666666666666666,0.125,0.2105263157894736,30,33
3905,3905,FCI,25,1.3,4,100,1,0.0231812000274658,False,0.0,0.0,0.0,0,0
3906,3906,MIIC,25,1.3,4,100,2,0.0165750980377197,False,0.7857142857142857,0.34375,0.4782608695652174,24,32
3907,3907,GHC,25,1.3,4,100,2,0.2287709712982177,False,0.7,0.21875,0.3333333333333333,28,33
3908,3908,FCI,25,1.3,4,100,2,0.0248289108276367,False,0.0,0.0,0.0,0,0
3909,3909,MIIC,25,1.3,4,100,3,0.0127449035644531,False,0.9,0.28125,0.4285714285714286,24,32
3910,3910,GHC,25,1.3,4,100,3,0.23051118850708,False,0.9,0.28125,0.4285714285714286,24,29
3911,3911,FCI,25,1.3,4,100,3,0.024040937423706,False,0.0,0.0,0.0,0,0
3912,3912,MIIC,25,1.3,4,100,4,0.0146210193634033,False,0.6666666666666666,0.25,0.3636363636363636,28,31
3913,3913,GHC,25,1.3,4,100,4,0.2305009365081787,False,0.6666666666666666,0.1875,0.2926829268292683,29,31
3914,3914,FCI,25,1.3,4,100,4,0.0222349166870117,False,1.0,0.25,0.4,24,27
3915,3915,MIIC,25,1.3,4,250,0,0.0179767608642578,False,0.9285714285714286,0.40625,0.5652173913043478,20,30
3916,3916,GHC,25,1.3,4,250,0,0.2424087524414062,False,0.9230769230769232,0.375,0.5333333333333333,21,30
3917,3917,FCI,25,1.3,4,250,0,0.0315537452697753,False,0.0,0.0,0.0,0,0
3918,3918,MIIC,25,1.3,4,250,1,0.0171260833740234,False,0.8461538461538461,0.34375,0.4888888888888889,23,27
3919,3919,GHC,25,1.3,4,250,1,0.2193100452423095,False,0.8571428571428571,0.1875,0.3076923076923076,27,30
3920,3920,FCI,25,1.3,4,250,1,0.0285391807556152,False,0.0,0.0,0.0,0,0
3921,3921,MIIC,25,1.3,4,250,2,0.0185620784759521,False,0.8666666666666667,0.40625,0.5531914893617021,21,25
3922,3922,GHC,25,1.3,4,250,2,0.242394208908081,False,0.9230769230769232,0.375,0.5333333333333333,21,28
3923,3923,FCI,25,1.3,4,250,2,0.0279097557067871,False,0.0,0.0,0.0,0,0
3924,3924,MIIC,25,1.3,4,250,3,0.0187957286834716,False,0.8823529411764706,0.46875,0.6122448979591837,19,28
3925,3925,GHC,25,1.3,4,250,3,0.2520592212677002,False,0.8125,0.40625,0.5416666666666666,22,31
3926,3926,FCI,25,1.3,4,250,3,0.0293052196502685,False,0.0,0.0,0.0,0,0
3927,3927,MIIC,25,1.3,4,250,4,0.0196127891540527,False,0.9411764705882352,0.5,0.6530612244897959,17,33
3928,3928,GHC,25,1.3,4,250,4,0.2435681819915771,False,0.8235294117647058,0.4375,0.5714285714285714,21,35
3929,3929,FCI,25,1.3,4,250,4,0.0289170742034912,False,0.0,0.0,0.0,0,0
3930,3930,MIIC,25,1.3,4,500,0,0.0190608501434326,False,1.0,0.375,0.5454545454545454,20,23
3931,3931,GHC,25,1.3,4,500,0,0.241976261138916,False,1.0,0.34375,0.5116279069767442,21,23
3932,3932,FCI,25,1.3,4,500,0,0.0283570289611816,False,0.0,0.0,0.0,0,0
3933,3933,MIIC,25,1.3,4,500,1,0.0240061283111572,False,0.95,0.59375,0.7307692307692308,14,21
3934,3934,GHC,25,1.3,4,500,1,0.2651519775390625,False,0.9,0.5625,0.6923076923076923,16,22
3935,3935,FCI,25,1.3,4,500,1,0.0410890579223632,False,0.0,0.0,0.0,0,0
3936,3936,MIIC,25,1.3,4,500,2,0.0229520797729492,False,1.0,0.5625,0.72,14,19
3937,3937,GHC,25,1.3,4,500,2,0.3095138072967529,False,0.9375,0.46875,0.625,18,25
3938,3938,FCI,25,1.3,4,500,2,0.0358550548553466,False,0.0,0.0,0.0,0,0
3939,3939,MIIC,25,1.3,4,500,3,0.0242056846618652,False,0.85,0.53125,0.6538461538461537,18,22
3940,3940,GHC,25,1.3,4,500,3,0.2615318298339844,False,0.8,0.5,0.6153846153846154,20,23
3941,3941,FCI,25,1.3,4,500,3,0.0368070602416992,False,0.0,0.0,0.0,0,0
3942,3942,MIIC,25,1.3,4,500,4,0.0227351188659667,False,1.0,0.5625,0.72,14,24
3943,3943,GHC,25,1.3,4,500,4,0.251378059387207,False,1.0,0.53125,0.6938775510204082,15,23
3944,3944,FCI,25,1.3,4,500,4,0.0368478298187255,False,0.0,0.0,0.0,0,0
3945,3945,MIIC,25,1.3,4,1000,0,0.0292942523956298,False,1.0,0.6774193548387096,0.8076923076923077,10,15
3946,3946,GHC,25,1.3,4,1000,0,0.2664380073547363,False,0.9473684210526316,0.5806451612903226,0.72,14,22
3947,3947,FCI,25,1.3,4,1000,0,0.0982410907745361,False,0.0,0.0,0.0,0,0
3948,3948,MIIC,25,1.3,4,1000,1,0.0274398326873779,False,1.0,0.5625,0.72,14,15
3949,3949,GHC,25,1.3,4,1000,1,0.2739577293395996,False,0.9411764705882352,0.5,0.6530612244897959,17,22
3950,3950,FCI,25,1.3,4,1000,1,0.0796177387237548,False,0.0,0.0,0.0,0,0
3951,3951,MIIC,25,1.3,4,1000,2,0.028588056564331,False,0.9047619047619048,0.59375,0.7169811320754718,15,17
3952,3952,GHC,25,1.3,4,1000,2,0.2693533897399902,False,0.95,0.59375,0.7307692307692308,14,18
3953,3953,FCI,25,1.3,4,1000,2,0.0686519145965576,False,0.0,0.0,0.0,0,0
3954,3954,MIIC,25,1.3,4,1000,3,0.0357999801635742,False,1.0,0.8125,0.896551724137931,6,11
3955,3955,GHC,25,1.3,4,1000,3,0.2823946475982666,False,0.8518518518518519,0.71875,0.7796610169491525,13,24
3956,3956,FCI,25,1.3,4,1000,3,0.1177992820739746,False,0.0,0.0,0.0,0,0
3957,3957,MIIC,25,1.3,4,1000,4,0.0374259948730468,False,1.0,0.8064516129032258,0.8928571428571428,6,14
3958,3958,GHC,25,1.3,4,1000,4,0.2881898880004883,False,0.925925925925926,0.8064516129032258,0.8620689655172414,8,19
3959,3959,FCI,25,1.3,4,1000,4,0.2461500167846679,False,0.0,0.0,0.0,0,0
3960,3960,MIIC,25,1.5,2,100,0,0.0188872814178466,False,0.5555555555555556,0.2702702702702703,0.3636363636363636,35,42
3961,3961,GHC,25,1.5,2,100,0,0.265967845916748,False,0.5217391304347826,0.3243243243243243,0.4,36,43
3962,3962,FCI,25,1.5,2,100,0,0.022608995437622,False,0.7777777777777778,0.1891891891891892,0.3043478260869565,32,37
3963,3963,MIIC,25,1.5,2,100,1,0.0218989849090576,False,0.5769230769230769,0.4054054054054054,0.4761904761904761,33,42
3964,3964,GHC,25,1.5,2,100,1,0.2755641937255859,False,0.5925925925925926,0.4324324324324324,0.5,32,36
3965,3965,FCI,25,1.5,2,100,1,0.042860984802246,False,0.0,0.0,0.0,0,0
3966,3966,MIIC,25,1.5,2,100,2,0.0213942527770996,False,0.6666666666666666,0.4324324324324324,0.5245901639344263,29,41
3967,3967,GHC,25,1.5,2,100,2,0.2782490253448486,False,0.6521739130434783,0.4054054054054054,0.5,30,40
3968,3968,FCI,25,1.5,2,100,2,0.0341830253601074,False,0.0,0.0,0.0,0,0
3969,3969,MIIC,25,1.5,2,100,3,0.0246360301971435,False,0.6153846153846154,0.4324324324324324,0.5079365079365079,31,36
3970,3970,GHC,25,1.5,2,100,3,0.2647957801818847,False,0.7083333333333334,0.4594594594594595,0.5573770491803279,27,32
3971,3971,FCI,25,1.5,2,100,3,0.0283808708190917,False,0.0,0.0,0.0,0,0
3972,3972,MIIC,25,1.5,2,100,4,0.0256471633911132,False,0.5833333333333334,0.3783783783783784,0.4590163934426229,33,42
3973,3973,GHC,25,1.5,2,100,4,0.2710487842559814,False,0.5925925925925926,0.4324324324324324,0.5,32,41
3974,3974,FCI,25,1.5,2,100,4,0.026414155960083,False,0.0,0.0,0.0,0,0
3975,3975,MIIC,25,1.5,2,250,0,0.0302588939666748,False,0.7777777777777778,0.5675675675675675,0.65625,22,31
3976,3976,GHC,25,1.5,2,250,0,0.2736358642578125,False,0.8148148148148148,0.5945945945945946,0.6875,20,31
3977,3977,FCI,25,1.5,2,250,0,0.4061110019683838,False,0.0,0.0,0.0,0,0
3978,3978,MIIC,25,1.5,2,250,1,0.0199561119079589,False,0.8,0.4324324324324324,0.5614035087719298,25,35
3979,3979,GHC,25,1.5,2,250,1,0.2550668716430664,False,0.6666666666666666,0.3783783783783784,0.4827586206896551,30,38
3980,3980,FCI,25,1.5,2,250,1,0.0314228534698486,False,0.0,0.0,0.0,0,0
3981,3981,MIIC,25,1.5,2,250,2,0.0243239402770996,False,0.7916666666666666,0.5135135135135135,0.6229508196721311,23,31
3982,3982,GHC,25,1.5,2,250,2,0.2643790245056152,False,0.76,0.5135135135135135,0.6129032258064517,24,34
3983,3983,FCI,25,1.5,2,250,2,0.0339479446411132,False,0.0,0.0,0.0,0,0
3984,3984,MIIC,25,1.5,2,250,3,0.024609088897705,False,0.8,0.4324324324324324,0.5614035087719298,25,31
3985,3985,GHC,25,1.5,2,250,3,0.2730770111083984,False,0.8333333333333334,0.5405405405405406,0.6557377049180328,21,26
3986,3986,FCI,25,1.5,2,250,3,0.0344612598419189,False,0.0,0.0,0.0,0,0
3987,3987,MIIC,25,1.5,2,250,4,0.0238628387451171,False,0.8095238095238095,0.4594594594594595,0.5862068965517242,24,34
3988,3988,GHC,25,1.5,2,250,4,0.2648830413818359,False,0.8333333333333334,0.5405405405405406,0.6557377049180328,21,28
3989,3989,FCI,25,1.5,2,250,4,0.0274538993835449,False,0.0,0.0,0.0,0,0
3990,3990,MIIC,25,1.5,2,500,0,0.0304439067840576,False,0.9166666666666666,0.5945945945945946,0.7213114754098361,17,32
3991,3991,GHC,25,1.5,2,500,0,0.2774126529693603,False,0.896551724137931,0.7027027027027027,0.787878787878788,14,24
3992,3992,FCI,25,1.5,2,500,0,0.121255874633789,False,0.0,0.0,0.0,0,0
3993,3993,MIIC,25,1.5,2,500,1,0.0411911010742187,False,1.0,0.6756756756756757,0.8064516129032258,12,22
3994,3994,GHC,25,1.5,2,500,1,0.3027122020721435,False,0.9655172413793104,0.7567567567567568,0.8484848484848485,10,23
3995,3995,FCI,25,1.5,2,500,1,0.0904300212860107,False,0.0,0.0,0.0,0,0
3996,3996,MIIC,25,1.5,2,500,2,0.0339326858520507,False,0.8333333333333334,0.5405405405405406,0.6557377049180328,21,36
3997,3997,GHC,25,1.5,2,500,2,0.2668569087982178,False,0.75,0.4864864864864865,0.5901639344262296,25,40
3998,3998,FCI,25,1.5,2,500,2,0.0446882247924804,False,0.0,0.0,0.0,0,0
3999,3999,MIIC,25,1.5,2,500,3,0.0334351062774658,False,0.8620689655172413,0.6756756756756757,0.7575757575757576,16,33
4000,4000,GHC,25,1.5,2,500,3,0.2856998443603515,False,0.8928571428571429,0.6756756756756757,0.7692307692307693,15,31
4001,4001,FCI,25,1.5,2,500,3,0.4767501354217529,False,0.0,0.0,0.0,0,0
4002,4002,MIIC,25,1.5,2,500,4,0.0355660915374755,False,0.9,0.7297297297297297,0.8059701492537312,13,23
4003,4003,GHC,25,1.5,2,500,4,0.2844269275665283,False,0.9310344827586208,0.7297297297297297,0.8181818181818181,12,23
4004,4004,FCI,25,1.5,2,500,4,0.7743737697601318,False,0.0,0.0,0.0,0,0
4005,4005,MIIC,25,1.5,2,1000,0,0.037053108215332,False,1.0,0.5945945945945946,0.7457627118644068,15,21
4006,4006,GHC,25,1.5,2,1000,0,0.3070738315582275,False,0.8846153846153846,0.6216216216216216,0.7301587301587302,17,26
4007,4007,FCI,25,1.5,2,1000,0,0.0927000045776367,False,0.0,0.0,0.0,0,0
4008,4008,MIIC,25,1.5,2,1000,1,0.0454668998718261,False,0.9615384615384616,0.6944444444444444,0.8064516129032258,12,16
4009,4009,GHC,25,1.5,2,1000,1,0.2922139167785644,False,0.8518518518518519,0.6388888888888888,0.7301587301587301,17,25
4010,4010,FCI,25,1.5,2,1000,1,0.1468281745910644,False,0.0,0.0,0.0,0,0
4011,4011,MIIC,25,1.5,2,1000,2,0.0570669174194335,False,0.8709677419354839,0.75,0.8059701492537312,13,22
4012,4012,GHC,25,1.5,2,1000,2,0.2910408973693847,False,0.78125,0.6944444444444444,0.7352941176470588,18,36
4013,4013,FCI,25,1.5,2,1000,2,1.3294730186462402,False,0.0,0.0,0.0,0,0
4014,4014,MIIC,25,1.5,2,1000,3,0.0414059162139892,False,1.0,0.6216216216216216,0.7666666666666667,14,25
4015,4015,GHC,25,1.5,2,1000,3,0.3128929138183594,False,0.7777777777777778,0.7567567567567568,0.7671232876712328,17,28
4016,4016,FCI,25,1.5,2,1000,3,0.1691079139709472,False,0.0,0.0,0.0,0,0
4017,4017,MIIC,25,1.5,2,1000,4,0.0390410423278808,False,0.92,0.6216216216216216,0.7419354838709677,16,22
4018,4018,GHC,25,1.5,2,1000,4,0.2957298755645752,False,0.7352941176470589,0.6756756756756757,0.7042253521126761,21,32
4019,4019,FCI,25,1.5,2,1000,4,2.447683811187744,False,0.0,0.0,0.0,0,0
4020,4020,MIIC,25,1.5,3,100,0,0.0126240253448486,False,0.8,0.2162162162162162,0.3404255319148936,31,37
4021,4021,GHC,25,1.5,3,100,0,0.2338480949401855,False,0.6666666666666666,0.2162162162162162,0.326530612244898,33,37
4022,4022,FCI,25,1.5,3,100,0,0.0242271423339843,False,0.0,0.0,0.0,0,0
4023,4023,MIIC,25,1.5,3,100,1,0.0174510478973388,False,0.7368421052631579,0.3783783783783784,0.5,28,40
4024,4024,GHC,25,1.5,3,100,1,0.2470419406890869,False,0.6666666666666666,0.2702702702702703,0.3846153846153846,32,42
4025,4025,FCI,25,1.5,3,100,1,0.0238111019134521,False,0.0,0.0,0.0,0,0
4026,4026,MIIC,25,1.5,3,100,2,0.0170228481292724,False,0.8,0.3333333333333333,0.4705882352941176,27,36
4027,4027,GHC,25,1.5,3,100,2,0.2510361671447754,False,0.7647058823529411,0.3611111111111111,0.490566037735849,27,35
4028,4028,FCI,25,1.5,3,100,2,0.0249860286712646,False,0.0,0.0,0.0,0,0
4029,4029,MIIC,25,1.5,3,100,3,0.0181310176849365,False,0.6428571428571429,0.2432432432432432,0.3529411764705882,33,41
4030,4030,GHC,25,1.5,3,100,3,0.2546842098236084,False,0.5,0.2432432432432432,0.3272727272727273,37,44
4031,4031,FCI,25,1.5,3,100,3,0.026242971420288,False,0.0,0.0,0.0,0,0
4032,4032,MIIC,25,1.5,3,100,4,0.0162417888641357,False,0.6666666666666666,0.2702702702702703,0.3846153846153846,32,39
4033,4033,GHC,25,1.5,3,100,4,0.238948106765747,False,0.7272727272727273,0.2162162162162162,0.3333333333333333,32,37
4034,4034,FCI,25,1.5,3,100,4,0.0322937965393066,False,0.0,0.0,0.0,0,0
4035,4035,MIIC,25,1.5,3,250,0,0.0181348323822021,False,0.9411764705882352,0.4324324324324324,0.5925925925925927,22,34
4036,4036,GHC,25,1.5,3,250,0,0.2533721923828125,False,0.8888888888888888,0.4324324324324324,0.5818181818181818,23,34
4037,4037,FCI,25,1.5,3,250,0,0.0303139686584472,False,0.0,0.0,0.0,0,0
4038,4038,MIIC,25,1.5,3,250,1,0.0158870220184326,False,0.9166666666666666,0.2972972972972973,0.4489795918367347,27,34
4039,4039,GHC,25,1.5,3,250,1,0.239635944366455,False,0.9090909090909092,0.2702702702702703,0.4166666666666667,28,34
4040,4040,FCI,25,1.5,3,250,1,0.0278620719909667,False,0.0,0.0,0.0,0,0
4041,4041,MIIC,25,1.5,3,250,2,0.019240379333496,False,0.8888888888888888,0.4324324324324324,0.5818181818181818,23,32
4042,4042,GHC,25,1.5,3,250,2,0.2449989318847656,False,1.0,0.3783783783783784,0.5490196078431372,23,33
4043,4043,FCI,25,1.5,3,250,2,0.0294389724731445,False,0.0,0.0,0.0,0,0
4044,4044,MIIC,25,1.5,3,250,3,0.0227408409118652,False,0.8095238095238095,0.4594594594594595,0.5862068965517242,24,34
4045,4045,GHC,25,1.5,3,250,3,0.2572739124298095,False,0.8421052631578947,0.4324324324324324,0.5714285714285715,24,36
4046,4046,FCI,25,1.5,3,250,3,0.028998851776123,False,0.0,0.0,0.0,0,0
4047,4047,MIIC,25,1.5,3,250,4,0.0244150161743164,False,0.875,0.5675675675675675,0.6885245901639344,19,32
4048,4048,GHC,25,1.5,3,250,4,0.2555599212646484,False,0.85,0.4594594594594595,0.5964912280701754,23,31
4049,4049,FCI,25,1.5,3,250,4,0.0606777667999267,False,1.0,0.1891891891891892,0.3181818181818182,30,34
4050,4050,MIIC,25,1.5,3,500,0,0.0311269760131835,False,0.9615384615384616,0.6756756756756757,0.7936507936507937,13,22
4051,4051,GHC,25,1.5,3,500,0,0.2830381393432617,False,0.925925925925926,0.6756756756756757,0.7812500000000001,14,25
4052,4052,FCI,25,1.5,3,500,0,0.0656001567840576,False,0.0,0.0,0.0,0,0
4053,4053,MIIC,25,1.5,3,500,1,0.0255241394042968,False,0.8695652173913043,0.5405405405405406,0.6666666666666666,20,24
4054,4054,GHC,25,1.5,3,500,1,0.2775359153747558,False,0.8076923076923077,0.5675675675675675,0.6666666666666666,21,30
4055,4055,FCI,25,1.5,3,500,1,0.2186160087585449,False,0.0,0.0,0.0,0,0
4056,4056,MIIC,25,1.5,3,500,2,0.0282962322235107,False,0.95,0.5277777777777778,0.6785714285714285,18,22
4057,4057,GHC,25,1.5,3,500,2,0.2728791236877441,False,0.8,0.5555555555555556,0.6557377049180328,21,32
4058,4058,FCI,25,1.5,3,500,2,0.0357346534729003,False,0.0,0.0,0.0,0,0
4059,4059,MIIC,25,1.5,3,500,3,0.0253510475158691,False,0.95,0.5135135135135135,0.6666666666666667,19,33
4060,4060,GHC,25,1.5,3,500,3,0.2677521705627441,False,0.8947368421052632,0.4594594594594595,0.6071428571428572,22,35
4061,4061,FCI,25,1.5,3,500,3,0.0661840438842773,False,0.0,0.0,0.0,0,0
4062,4062,MIIC,25,1.5,3,500,4,0.0280261039733886,False,0.88,0.5945945945945946,0.7096774193548386,18,27
4063,4063,GHC,25,1.5,3,500,4,0.2606680393218994,False,1.0,0.5675675675675675,0.7241379310344828,16,29
4064,4064,FCI,25,1.5,3,500,4,0.0696659088134765,False,0.0,0.0,0.0,0,0
4065,4065,MIIC,25,1.5,3,1000,0,0.0357317924499511,False,0.9565217391304348,0.6111111111111112,0.7457627118644068,15,20
4066,4066,GHC,25,1.5,3,1000,0,0.2823541164398193,False,0.9629629629629628,0.7222222222222222,0.8253968253968254,11,13
4067,4067,FCI,25,1.5,3,1000,0,0.0550198554992675,False,0.0,0.0,0.0,0,0
4068,4068,MIIC,25,1.5,3,1000,1,0.0420098304748535,False,0.9642857142857144,0.7297297297297297,0.8307692307692307,11,15
4069,4069,GHC,25,1.5,3,1000,1,0.2918977737426758,False,0.9375,0.8108108108108109,0.8695652173913043,9,18
4070,4070,FCI,25,1.5,3,1000,1,0.5978178977966309,False,0.0,0.0,0.0,0,0
4071,4071,MIIC,25,1.5,3,1000,2,0.0358061790466308,False,0.9583333333333334,0.6216216216216216,0.7540983606557377,15,20
4072,4072,GHC,25,1.5,3,1000,2,0.2826108932495117,False,0.9230769230769232,0.6486486486486487,0.7619047619047619,15,18
4073,4073,FCI,25,1.5,3,1000,2,0.1854729652404785,False,0.0,0.0,0.0,0,0
4074,4074,MIIC,25,1.5,3,1000,3,0.0405387878417968,False,0.9642857142857144,0.7297297297297297,0.8307692307692307,11,27
4075,4075,GHC,25,1.5,3,1000,3,0.2941880226135254,False,0.9333333333333332,0.7567567567567568,0.835820895522388,11,19
4076,4076,FCI,25,1.5,3,1000,3,0.2645988464355469,False,0.0,0.0,0.0,0,0
4077,4077,MIIC,25,1.5,3,1000,4,0.0400187969207763,False,1.0,0.7297297297297297,0.8437499999999999,10,18
4078,4078,GHC,25,1.5,3,1000,4,0.3184211254119873,False,0.9444444444444444,0.918918918918919,0.9315068493150684,5,10
4079,4079,FCI,25,1.5,3,1000,4,0.5062730312347412,False,0.0,0.0,0.0,0,0
4080,4080,MIIC,25,1.5,4,100,0,0.018010139465332,False,0.7777777777777778,0.3888888888888889,0.5185185185185185,26,29
4081,4081,GHC,25,1.5,4,100,0,0.2296869754791259,False,0.8,0.2222222222222222,0.3478260869565218,30,33
4082,4082,FCI,25,1.5,4,100,0,0.0263428688049316,False,0.0,0.0,0.0,0,0
4083,4083,MIIC,25,1.5,4,100,1,0.0109398365020751,False,1.0,0.1891891891891892,0.3181818181818182,30,36
4084,4084,GHC,25,1.5,4,100,1,0.2199239730834961,False,1.0,0.1351351351351351,0.2380952380952381,32,37
4085,4085,FCI,25,1.5,4,100,1,0.0233209133148193,False,0.0,0.0,0.0,0,0
4086,4086,MIIC,25,1.5,4,100,2,0.0128290653228759,False,0.9,0.25,0.391304347826087,28,34
4087,4087,GHC,25,1.5,4,100,2,0.2261528968811035,False,0.8888888888888888,0.2222222222222222,0.3555555555555555,29,32
4088,4088,FCI,25,1.5,4,100,2,0.0277419090270996,False,0.0,0.0,0.0,0,0
4089,4089,MIIC,25,1.5,4,100,3,0.0106399059295654,False,1.0,0.1621621621621621,0.2790697674418604,31,36
4090,4090,GHC,25,1.5,4,100,3,0.2297310829162597,False,1.0,0.1891891891891892,0.3181818181818182,30,30
4091,4091,FCI,25,1.5,4,100,3,0.0215089321136474,False,0.0,0.0,0.0,0,0
4092,4092,MIIC,25,1.5,4,100,4,0.0150070190429687,False,0.8461538461538461,0.2972972972972973,0.44,28,38
4093,4093,GHC,25,1.5,4,100,4,0.2278871536254882,False,0.875,0.1891891891891892,0.3111111111111111,31,36
4094,4094,FCI,25,1.5,4,100,4,0.0254628658294677,False,0.0,0.0,0.0,0,0
4095,4095,MIIC,25,1.5,4,250,0,0.0207359790802001,False,0.9444444444444444,0.4594594594594595,0.6181818181818182,21,36
4096,4096,GHC,25,1.5,4,250,0,0.2550520896911621,False,0.8333333333333334,0.4054054054054054,0.5454545454545455,25,35
4097,4097,FCI,25,1.5,4,250,0,0.029238224029541,False,0.0,0.0,0.0,0,0
4098,4098,MIIC,25,1.5,4,250,1,0.0167899131774902,False,0.9285714285714286,0.3513513513513513,0.5098039215686275,25,36
4099,4099,GHC,25,1.5,4,250,1,0.241758108139038,False,0.9230769230769232,0.3243243243243243,0.48,26,34
4100,4100,FCI,25,1.5,4,250,1,0.0279438495635986,False,0.0,0.0,0.0,0,0
4101,4101,MIIC,25,1.5,4,250,2,0.0151569843292236,False,1.0,0.3243243243243243,0.489795918367347,25,32
4102,4102,GHC,25,1.5,4,250,2,0.2397811412811279,False,0.8333333333333334,0.2702702702702703,0.4081632653061225,29,34
4103,4103,FCI,25,1.5,4,250,2,0.0261120796203613,False,0.0,0.0,0.0,0,0
4104,4104,MIIC,25,1.5,4,250,3,0.0155529975891113,False,0.9166666666666666,0.2972972972972973,0.4489795918367347,27,34
4105,4105,GHC,25,1.5,4,250,3,0.2425258159637451,False,0.9285714285714286,0.3513513513513513,0.5098039215686275,25,31
4106,4106,FCI,25,1.5,4,250,3,0.0276768207550048,False,0.0,0.0,0.0,0,0
4107,4107,MIIC,25,1.5,4,250,4,0.0156140327453613,False,1.0,0.3243243243243243,0.489795918367347,25,34
4108,4108,GHC,25,1.5,4,250,4,0.2332310676574707,False,1.0,0.2432432432432432,0.391304347826087,28,34
4109,4109,FCI,25,1.5,4,250,4,0.0283589363098144,False,0.0,0.0,0.0,0,0
4110,4110,MIIC,25,1.5,4,500,0,0.0234558582305908,False,1.0,0.5405405405405406,0.7017543859649124,17,23
4111,4111,GHC,25,1.5,4,500,0,0.2631039619445801,False,1.0,0.5405405405405406,0.7017543859649124,17,19
4112,4112,FCI,25,1.5,4,500,0,0.036266803741455,False,0.0,0.0,0.0,0,0
4113,4113,MIIC,25,1.5,4,500,1,0.0251491069793701,False,0.9523809523809524,0.5405405405405406,0.6896551724137931,18,28
4114,4114,GHC,25,1.5,4,500,1,0.251262903213501,False,1.0,0.4864864864864865,0.6545454545454547,19,26
4115,4115,FCI,25,1.5,4,500,1,0.0392498970031738,False,0.0,0.0,0.0,0,0
4116,4116,MIIC,25,1.5,4,500,2,0.0198299884796142,False,0.9333333333333332,0.3783783783783784,0.5384615384615385,24,35
4117,4117,GHC,25,1.5,4,500,2,0.2532920837402344,False,0.8125,0.3513513513513513,0.490566037735849,27,38
4118,4118,FCI,25,1.5,4,500,2,0.0287320613861084,False,0.0,0.0,0.0,0,0
4119,4119,MIIC,25,1.5,4,500,3,0.0187189579010009,False,1.0,0.3513513513513513,0.52,24,29
4120,4120,GHC,25,1.5,4,500,3,0.2478470802307129,False,0.8461538461538461,0.2972972972972973,0.44,28,33
4121,4121,FCI,25,1.5,4,500,3,0.031804084777832,False,0.0,0.0,0.0,0,0
4122,4122,MIIC,25,1.5,4,500,4,0.0232760906219482,False,1.0,0.4864864864864865,0.6545454545454547,19,27
4123,4123,GHC,25,1.5,4,500,4,0.259512186050415,False,0.9375,0.4054054054054054,0.5660377358490566,23,32
4124,4124,FCI,25,1.5,4,500,4,0.0329670906066894,False,0.0,0.0,0.0,0,0
4125,4125,MIIC,25,1.5,4,1000,0,0.0435042381286621,False,1.0,0.8918918918918919,0.9428571428571428,4,8
4126,4126,GHC,25,1.5,4,1000,0,0.2937541007995605,False,0.925925925925926,0.6756756756756757,0.7812500000000001,14,24
4127,4127,FCI,25,1.5,4,1000,0,0.0982868671417236,False,0.0,0.0,0.0,0,0
4128,4128,MIIC,25,1.5,4,1000,1,0.0322449207305908,False,0.9090909090909092,0.5405405405405406,0.6779661016949153,19,23
4129,4129,GHC,25,1.5,4,1000,1,0.2697436809539795,False,0.9,0.4864864864864865,0.631578947368421,21,26
4130,4130,FCI,25,1.5,4,1000,1,0.0531609058380126,False,0.0,0.0,0.0,0,0
4131,4131,MIIC,25,1.5,4,1000,2,0.0348448753356933,False,0.9583333333333334,0.6216216216216216,0.7540983606557377,15,21
4132,4132,GHC,25,1.5,4,1000,2,0.2775230407714844,False,0.88,0.5945945945945946,0.7096774193548386,18,27
4133,4133,FCI,25,1.5,4,1000,2,0.0845980644226074,False,0.0,0.0,0.0,0,0
4134,4134,MIIC,25,1.5,4,1000,3,0.0315010547637939,False,0.9545454545454546,0.5675675675675675,0.711864406779661,17,22
4135,4135,GHC,25,1.5,4,1000,3,0.2677092552185058,False,0.95,0.5135135135135135,0.6666666666666667,19,22
4136,4136,FCI,25,1.5,4,1000,3,0.0511949062347412,False,0.0,0.0,0.0,0,0
4137,4137,MIIC,25,1.5,4,1000,4,0.040248155593872,False,0.9615384615384616,0.6756756756756757,0.7936507936507937,13,17
4138,4138,GHC,25,1.5,4,1000,4,0.2856659889221191,False,0.75,0.5675675675675675,0.6461538461538462,23,35
4139,4139,FCI,25,1.5,4,1000,4,0.1272478103637695,False,0.0,0.0,0.0,0,0
4140,4140,MIIC,25,1.7,2,100,0,0.0197951793670654,False,0.4285714285714285,0.2142857142857142,0.2857142857142857,45,53
4141,4141,GHC,25,1.7,2,100,0,0.2586348056793213,False,0.5238095238095238,0.2619047619047619,0.3492063492063492,41,48
4142,4142,FCI,25,1.7,2,100,0,0.0249209403991699,False,0.0,0.0,0.0,0,0
4143,4143,MIIC,25,1.7,2,100,1,0.0263712406158447,False,0.5833333333333334,0.3333333333333333,0.4242424242424242,38,45
4144,4144,GHC,25,1.7,2,100,1,0.2559819221496582,False,0.631578947368421,0.2857142857142857,0.3934426229508196,37,45
4145,4145,FCI,25,1.7,2,100,1,0.0243940353393554,False,0.0,0.0,0.0,0,0
4146,4146,MIIC,25,1.7,2,100,2,0.0295088291168212,False,0.6071428571428571,0.4047619047619047,0.4857142857142857,36,48
4147,4147,GHC,25,1.7,2,100,2,0.277383804321289,False,0.5862068965517241,0.4047619047619047,0.4788732394366197,37,47
4148,4148,FCI,25,1.7,2,100,2,0.0294678211212158,False,0.0,0.0,0.0,0,0
4149,4149,MIIC,25,1.7,2,100,3,0.0220658779144287,False,0.7,0.3333333333333333,0.4516129032258064,34,46
4150,4150,GHC,25,1.7,2,100,3,0.2635529041290283,False,0.65,0.3095238095238095,0.4193548387096774,36,44
4151,4151,FCI,25,1.7,2,100,3,0.024418830871582,False,0.0,0.0,0.0,0,0
4152,4152,MIIC,25,1.7,2,100,4,0.0168287754058837,False,0.4375,0.1707317073170731,0.2456140350877193,43,46
4153,4153,GHC,25,1.7,2,100,4,0.2524030208587646,False,0.4117647058823529,0.1707317073170731,0.2413793103448275,44,50
4154,4154,FCI,25,1.7,2,100,4,0.0227391719818115,False,0.0,0.0,0.0,0,0
4155,4155,MIIC,25,1.7,2,250,0,0.0202157497406005,False,0.8823529411764706,0.3571428571428571,0.5084745762711864,29,38
4156,4156,GHC,25,1.7,2,250,0,0.2640750408172607,False,0.85,0.4047619047619047,0.5483870967741935,28,33
4157,4157,FCI,25,1.7,2,250,0,0.0273921489715576,False,0.0,0.0,0.0,0,0
4158,4158,MIIC,25,1.7,2,250,1,0.028580904006958,False,0.8076923076923077,0.5,0.6176470588235294,26,31
4159,4159,GHC,25,1.7,2,250,1,0.2857599258422851,False,0.8064516129032258,0.5952380952380952,0.684931506849315,23,34
4160,4160,FCI,25,1.7,2,250,1,0.0618641376495361,False,0.0,0.0,0.0,0,0
4161,4161,MIIC,25,1.7,2,250,2,0.0241041183471679,False,0.8695652173913043,0.4761904761904761,0.6153846153846153,25,35
4162,4162,GHC,25,1.7,2,250,2,0.2630162239074707,False,0.8636363636363636,0.4523809523809524,0.59375,26,32
4163,4163,FCI,25,1.7,2,250,2,0.0460481643676757,False,0.0,0.0,0.0,0,0
4164,4164,MIIC,25,1.7,2,250,3,0.0286018848419189,False,0.8846153846153846,0.5609756097560976,0.6865671641791045,21,35
4165,4165,GHC,25,1.7,2,250,3,0.2706649303436279,False,0.7407407407407407,0.4878048780487805,0.588235294117647,28,43
4166,4166,FCI,25,1.7,2,250,3,0.1602177619934082,False,0.0,0.0,0.0,0,0
4167,4167,MIIC,25,1.7,2,250,4,0.0272998809814453,False,0.8181818181818182,0.4285714285714285,0.5625,28,39
4168,4168,GHC,25,1.7,2,250,4,0.2773177623748779,False,0.7142857142857143,0.4761904761904761,0.5714285714285714,30,38
4169,4169,FCI,25,1.7,2,250,4,0.0289008617401123,False,0.0,0.0,0.0,0,0
4170,4170,MIIC,25,1.7,2,500,0,0.0357937812805175,False,0.8620689655172413,0.5952380952380952,0.7042253521126761,21,30
4171,4171,GHC,25,1.7,2,500,0,0.2920236587524414,False,0.9,0.6428571428571429,0.75,18,34
4172,4172,FCI,25,1.7,2,500,0,0.2741479873657226,False,0.0,0.0,0.0,0,0
4173,4173,MIIC,25,1.7,2,500,1,0.0282859802246093,False,0.9166666666666666,0.5238095238095238,0.6666666666666667,22,30
4174,4174,GHC,25,1.7,2,500,1,0.2802648544311523,False,0.7586206896551724,0.5238095238095238,0.6197183098591549,27,44
4175,4175,FCI,25,1.7,2,500,1,0.0694270133972168,False,0.0,0.0,0.0,0,0
4176,4176,MIIC,25,1.7,2,500,2,0.0351498126983642,False,0.8620689655172413,0.6097560975609756,0.7142857142857144,20,35
4177,4177,GHC,25,1.7,2,500,2,0.3001210689544678,False,0.7878787878787878,0.6341463414634146,0.7027027027027027,22,33
4178,4178,FCI,25,1.7,2,500,2,1.245924949645996,False,0.0,0.0,0.0,0,0
4179,4179,MIIC,25,1.7,2,500,3,0.0345849990844726,False,0.8888888888888888,0.5853658536585366,0.7058823529411764,20,29
4180,4180,GHC,25,1.7,2,500,3,0.2901790142059326,False,0.8666666666666667,0.6341463414634146,0.7323943661971831,19,30
4181,4181,FCI,25,1.7,2,500,3,0.2379000186920166,False,0.0,0.0,0.0,0,0
4182,4182,MIIC,25,1.7,2,500,4,0.0257458686828613,False,0.8,0.3902439024390244,0.5245901639344263,29,37
4183,4183,GHC,25,1.7,2,500,4,0.2846858501434326,False,0.7037037037037037,0.4634146341463415,0.5588235294117647,30,38
4184,4184,FCI,25,1.7,2,500,4,0.5696570873260498,False,0.0,0.0,0.0,0,0
4185,4185,MIIC,25,1.7,2,1000,0,0.0576169490814209,False,0.9375,0.7142857142857143,0.8108108108108109,14,24
4186,4186,GHC,25,1.7,2,1000,0,0.3211719989776611,False,0.9487179487179488,0.8809523809523809,0.9135802469135802,7,13
4187,4187,FCI,25,1.7,2,1000,0,16.248642921447754,False,0.0,0.0,0.0,0,0
4188,4188,MIIC,25,1.7,2,1000,1,0.0450150966644287,False,0.9,0.6428571428571429,0.75,18,26
4189,4189,GHC,25,1.7,2,1000,1,0.3106818199157715,False,0.8285714285714286,0.6904761904761905,0.7532467532467533,19,32
4190,4190,FCI,25,1.7,2,1000,1,0.951585054397583,False,0.0,0.0,0.0,0,0
4191,4191,MIIC,25,1.7,2,1000,2,0.0366199016571044,False,0.8148148148148148,0.5238095238095238,0.6376811594202898,25,31
4192,4192,GHC,25,1.7,2,1000,2,0.3211178779602051,False,0.8823529411764706,0.7142857142857143,0.7894736842105262,16,22
4193,4193,FCI,25,1.7,2,1000,2,16.481421947479248,False,0.0,0.0,0.0,0,0
4194,4194,MIIC,25,1.7,2,1000,3,0.0560278892517089,False,0.935483870967742,0.6904761904761905,0.7945205479452055,15,25
4195,4195,GHC,25,1.7,2,1000,3,0.3080072402954101,False,0.9333333333333332,0.6666666666666666,0.7777777777777778,16,21
4196,4196,FCI,25,1.7,2,1000,3,7.525828838348389,False,0.0,0.0,0.0,0,0
4197,4197,MIIC,25,1.7,2,1000,4,0.0497581958770751,False,0.9393939393939394,0.7380952380952381,0.8266666666666667,13,18
4198,4198,GHC,25,1.7,2,1000,4,0.3273782730102539,False,0.7948717948717948,0.7380952380952381,0.7654320987654322,19,29
4199,4199,FCI,25,1.7,2,1000,4,2.233386993408203,False,0.0,0.0,0.0,0,0
4200,4200,MIIC,25,1.7,3,100,0,0.0174250602722167,False,0.7777777777777778,0.3333333333333333,0.4666666666666666,32,38
4201,4201,GHC,25,1.7,3,100,0,0.2551379203796386,False,0.8125,0.3095238095238095,0.4482758620689655,32,37
4202,4202,FCI,25,1.7,3,100,0,0.0256061553955078,False,0.0,0.0,0.0,0,0
4203,4203,MIIC,25,1.7,3,100,1,0.0133998394012451,False,0.8181818181818182,0.2142857142857142,0.3396226415094339,35,39
4204,4204,GHC,25,1.7,3,100,1,0.2308981418609619,False,0.6666666666666666,0.1428571428571428,0.2352941176470588,39,41
4205,4205,FCI,25,1.7,3,100,1,0.0231928825378417,False,0.0,0.0,0.0,0,0
4206,4206,MIIC,25,1.7,3,100,2,0.0098187923431396,False,0.4,0.0476190476190476,0.0851063829787234,43,44
4207,4207,GHC,25,1.7,3,100,2,0.2152528762817382,False,0.5,0.0476190476190476,0.0869565217391304,42,43
4208,4208,FCI,25,1.7,3,100,2,0.0233850479125976,False,0.0,0.0,0.0,0,0
4209,4209,MIIC,25,1.7,3,100,3,0.0145208835601806,False,0.8333333333333334,0.238095238095238,0.3703703703703703,34,43
4210,4210,GHC,25,1.7,3,100,3,0.2257699966430664,False,0.8888888888888888,0.1904761904761904,0.3137254901960784,35,39
4211,4211,FCI,25,1.7,3,100,3,0.0226209163665771,False,0.0,0.0,0.0,0,0
4212,4212,MIIC,25,1.7,3,100,4,0.0158438682556152,False,0.8666666666666667,0.3095238095238095,0.4561403508771929,31,41
4213,4213,GHC,25,1.7,3,100,4,0.2322239875793457,False,0.8333333333333334,0.238095238095238,0.3703703703703703,34,39
4214,4214,FCI,25,1.7,3,100,4,0.0245108604431152,False,0.0,0.0,0.0,0,0
4215,4215,MIIC,25,1.7,3,250,0,0.0168302059173584,False,0.9333333333333332,0.3333333333333333,0.4912280701754386,29,41
4216,4216,GHC,25,1.7,3,250,0,0.2464950084686279,False,0.8666666666666667,0.3095238095238095,0.4561403508771929,31,42
4217,4217,FCI,25,1.7,3,250,0,0.0269622802734375,False,0.0,0.0,0.0,0,0
4218,4218,MIIC,25,1.7,3,250,1,0.0185480117797851,False,0.9285714285714286,0.3095238095238095,0.4642857142857143,30,38
4219,4219,GHC,25,1.7,3,250,1,0.2431192398071289,False,0.8571428571428571,0.2857142857142857,0.4285714285714285,32,40
4220,4220,FCI,25,1.7,3,250,1,0.0272798538208007,False,0.0,0.0,0.0,0,0
4221,4221,MIIC,25,1.7,3,250,2,0.0208683013916015,False,0.9,0.4285714285714285,0.5806451612903225,26,37
4222,4222,GHC,25,1.7,3,250,2,0.256537914276123,False,0.8888888888888888,0.3809523809523809,0.5333333333333333,28,35
4223,4223,FCI,25,1.7,3,250,2,0.0294611454010009,False,0.0,0.0,0.0,0,0
4224,4224,MIIC,25,1.7,3,250,3,0.0166568756103515,False,0.9285714285714286,0.3095238095238095,0.4642857142857143,30,40
4225,4225,GHC,25,1.7,3,250,3,0.2449169158935547,False,0.875,0.3333333333333333,0.4827586206896551,30,38
4226,4226,FCI,25,1.7,3,250,3,0.0327508449554443,False,0.0,0.0,0.0,0,0
4227,4227,MIIC,25,1.7,3,250,4,0.0150437355041503,False,0.75,0.2142857142857142,0.3333333333333333,36,41
4228,4228,GHC,25,1.7,3,250,4,0.2284660339355468,False,0.7,0.1666666666666666,0.2692307692307692,38,43
4229,4229,FCI,25,1.7,3,250,4,0.0255730152130126,False,0.0,0.0,0.0,0,0
4230,4230,MIIC,25,1.7,3,500,0,0.0267810821533203,False,0.9523809523809524,0.4761904761904761,0.634920634920635,23,29
4231,4231,GHC,25,1.7,3,500,0,0.2687559127807617,False,0.875,0.5,0.6363636363636364,24,32
4232,4232,FCI,25,1.7,3,500,0,0.0776329040527343,False,0.0,0.0,0.0,0,0
4233,4233,MIIC,25,1.7,3,500,1,0.0220370292663574,False,0.8947368421052632,0.4047619047619047,0.5573770491803278,27,39
4234,4234,GHC,25,1.7,3,500,1,0.2596359252929687,False,0.8,0.3809523809523809,0.5161290322580645,30,37
4235,4235,FCI,25,1.7,3,500,1,0.0320131778717041,False,0.0,0.0,0.0,0,0
4236,4236,MIIC,25,1.7,3,500,2,0.0249452590942382,False,0.9090909090909092,0.4761904761904761,0.6249999999999999,24,35
4237,4237,GHC,25,1.7,3,500,2,0.2733209133148193,False,0.9565217391304348,0.5238095238095238,0.6769230769230768,21,28
4238,4238,FCI,25,1.7,3,500,2,0.146885871887207,False,0.0,0.0,0.0,0,0
4239,4239,MIIC,25,1.7,3,500,3,0.0298030376434326,False,1.0,0.6585365853658537,0.7941176470588235,14,21
4240,4240,GHC,25,1.7,3,500,3,0.2749640941619873,False,0.925925925925926,0.6097560975609756,0.7352941176470589,18,30
4241,4241,FCI,25,1.7,3,500,3,0.2392020225524902,False,0.0,0.0,0.0,0,0
4242,4242,MIIC,25,1.7,3,500,4,0.0229082107543945,False,1.0,0.4523809523809524,0.6229508196721312,23,33
4243,4243,GHC,25,1.7,3,500,4,0.2652769088745117,False,1.0,0.4523809523809524,0.6229508196721312,23,34
4244,4244,FCI,25,1.7,3,500,4,0.0397901535034179,False,0.0,0.0,0.0,0,0
4245,4245,MIIC,25,1.7,3,1000,0,0.0435338020324707,False,0.9,0.6428571428571429,0.75,18,27
4246,4246,GHC,25,1.7,3,1000,0,0.2973659038543701,False,0.8888888888888888,0.5714285714285714,0.6956521739130435,21,34
4247,4247,FCI,25,1.7,3,1000,0,0.4075920581817627,False,0.0,0.0,0.0,0,0
4248,4248,MIIC,25,1.7,3,1000,1,0.0287959575653076,False,0.9473684210526316,0.4285714285714285,0.5901639344262295,25,38
4249,4249,GHC,25,1.7,3,1000,1,0.2724757194519043,False,0.9047619047619048,0.4523809523809524,0.6031746031746031,25,37
4250,4250,FCI,25,1.7,3,1000,1,0.7011950016021729,False,0.0,0.0,0.0,0,0
4251,4251,MIIC,25,1.7,3,1000,2,0.0467450618743896,False,1.0,0.7142857142857143,0.8333333333333333,12,21
4252,4252,GHC,25,1.7,3,1000,2,0.3035261631011963,False,0.8857142857142857,0.7380952380952381,0.8051948051948051,15,27
4253,4253,FCI,25,1.7,3,1000,2,1.3288021087646484,False,0.0,0.0,0.0,0,0
4254,4254,MIIC,25,1.7,3,1000,3,0.0419659614562988,False,0.9642857142857144,0.6428571428571429,0.7714285714285715,16,27
4255,4255,GHC,25,1.7,3,1000,3,0.2990970611572265,False,0.8709677419354839,0.6428571428571429,0.7397260273972603,19,26
4256,4256,FCI,25,1.7,3,1000,3,0.7809209823608398,False,0.0,0.0,0.0,0,0
4257,4257,MIIC,25,1.7,3,1000,4,0.0342919826507568,False,0.9565217391304348,0.5365853658536586,0.6875000000000001,20,29
4258,4258,GHC,25,1.7,3,1000,4,0.2836999893188476,False,0.8846153846153846,0.5609756097560976,0.6865671641791045,21,27
4259,4259,FCI,25,1.7,3,1000,4,0.3623518943786621,False,0.0,0.0,0.0,0,0
4260,4260,MIIC,25,1.7,4,100,0,0.0093879699707031,False,0.75,0.0714285714285714,0.1304347826086956,40,41
4261,4261,GHC,25,1.7,4,100,0,0.2194340229034423,False,1.0,0.0714285714285714,0.1333333333333333,39,40
4262,4262,FCI,25,1.7,4,100,0,0.0218591690063476,False,0.8333333333333334,0.119047619047619,0.2083333333333333,38,41
4263,4263,MIIC,25,1.7,4,100,1,0.0190598964691162,False,0.75,0.3658536585365853,0.4918032786885247,31,37
4264,4264,GHC,25,1.7,4,100,1,0.2389218807220459,False,0.7692307692307693,0.2439024390243902,0.3703703703703703,34,40
4265,4265,FCI,25,1.7,4,100,1,0.0251798629760742,False,0.0,0.0,0.0,0,0
4266,4266,MIIC,25,1.7,4,100,2,0.0107522010803222,False,1.0,0.1428571428571428,0.25,36,38
4267,4267,GHC,25,1.7,4,100,2,0.2176258563995361,False,1.0,0.1428571428571428,0.25,36,38
4268,4268,FCI,25,1.7,4,100,2,0.0214478969573974,False,0.0,0.0,0.0,0,0
4269,4269,MIIC,25,1.7,4,100,3,0.0155179500579833,False,0.8181818181818182,0.2142857142857142,0.3396226415094339,35,40
4270,4270,GHC,25,1.7,4,100,3,0.272493839263916,False,0.8181818181818182,0.2142857142857142,0.3396226415094339,35,39
4271,4271,FCI,25,1.7,4,100,3,0.0243270397186279,False,0.0,0.0,0.0,0,0
4272,4272,MIIC,25,1.7,4,100,4,0.0110530853271484,False,0.4,0.0476190476190476,0.0851063829787234,43,44
4273,4273,GHC,25,1.7,4,100,4,0.2261669635772705,False,0.5,0.0476190476190476,0.0869565217391304,42,43
4274,4274,FCI,25,1.7,4,100,4,0.024155855178833,False,0.0,0.0,0.0,0,0
4275,4275,MIIC,25,1.7,4,250,0,0.0165398120880126,False,1.0,0.3095238095238095,0.4727272727272727,29,37
4276,4276,GHC,25,1.7,4,250,0,0.2489910125732422,False,1.0,0.3333333333333333,0.5,28,35
4277,4277,FCI,25,1.7,4,250,0,0.035621166229248,False,0.0,0.0,0.0,0,0
4278,4278,MIIC,25,1.7,4,250,1,0.0167419910430908,False,1.0,0.2857142857142857,0.4444444444444445,30,39
4279,4279,GHC,25,1.7,4,250,1,0.2364931106567382,False,1.0,0.238095238095238,0.3846153846153846,32,37
4280,4280,FCI,25,1.7,4,250,1,0.028095006942749,False,0.0,0.0,0.0,0,0
4281,4281,MIIC,25,1.7,4,250,2,0.0179390907287597,False,1.0,0.238095238095238,0.3846153846153846,32,36
4282,4282,GHC,25,1.7,4,250,2,0.2495980262756347,False,0.75,0.2142857142857142,0.3333333333333333,36,41
4283,4283,FCI,25,1.7,4,250,2,0.0391097068786621,False,0.0,0.0,0.0,0,0
4284,4284,MIIC,25,1.7,4,250,3,0.0177991390228271,False,0.875,0.3333333333333333,0.4827586206896551,30,38
4285,4285,GHC,25,1.7,4,250,3,0.2420930862426757,False,0.9285714285714286,0.3095238095238095,0.4642857142857143,30,38
4286,4286,FCI,25,1.7,4,250,3,0.0293378829956054,False,0.0,0.0,0.0,0,0
4287,4287,MIIC,25,1.7,4,250,4,0.0169029235839843,False,0.9166666666666666,0.2682926829268293,0.4150943396226415,31,40
4288,4288,GHC,25,1.7,4,250,4,0.2629621028900146,False,0.8666666666666667,0.3170731707317073,0.4642857142857143,30,36
4289,4289,FCI,25,1.7,4,250,4,0.0314421653747558,False,0.0,0.0,0.0,0,0
4290,4290,MIIC,25,1.7,4,500,0,0.0182499885559082,False,1.0,0.3658536585365853,0.5357142857142857,26,35
4291,4291,GHC,25,1.7,4,500,0,0.2456321716308593,False,0.8461538461538461,0.2682926829268293,0.4074074074074075,32,38
4292,4292,FCI,25,1.7,4,500,0,0.0360651016235351,False,0.0,0.0,0.0,0,0
4293,4293,MIIC,25,1.7,4,500,1,0.0241358280181884,False,0.95,0.4523809523809524,0.6129032258064516,24,30
4294,4294,GHC,25,1.7,4,500,1,0.2604341506958008,False,0.9,0.4285714285714285,0.5806451612903225,26,33
4295,4295,FCI,25,1.7,4,500,1,0.0447409152984619,False,0.0,0.0,0.0,0,0
4296,4296,MIIC,25,1.7,4,500,2,0.0193812847137451,False,0.9375,0.3571428571428571,0.5172413793103449,28,39
4297,4297,GHC,25,1.7,4,500,2,0.2404799461364746,False,0.9166666666666666,0.2619047619047619,0.4074074074074074,32,40
4298,4298,FCI,25,1.7,4,500,2,0.0366678237915039,False,0.0,0.0,0.0,0,0
4299,4299,MIIC,25,1.7,4,500,3,0.0202906131744384,False,1.0,0.3809523809523809,0.5517241379310345,26,32
4300,4300,GHC,25,1.7,4,500,3,0.2582988739013672,False,0.9444444444444444,0.4047619047619047,0.5666666666666667,26,30
4301,4301,FCI,25,1.7,4,500,3,0.0465707778930664,False,0.0,0.0,0.0,0,0
4302,4302,MIIC,25,1.7,4,500,4,0.0215380191802978,False,1.0,0.4146341463414634,0.5862068965517241,24,33
4303,4303,GHC,25,1.7,4,500,4,0.2457020282745361,False,1.0,0.3414634146341463,0.5090909090909091,27,36
4304,4304,FCI,25,1.7,4,500,4,0.0424950122833251,False,0.0,0.0,0.0,0,0
4305,4305,MIIC,25,1.7,4,1000,0,0.0320677757263183,False,1.0,0.5238095238095238,0.6875000000000001,20,28
4306,4306,GHC,25,1.7,4,1000,0,0.2693181037902832,False,0.8695652173913043,0.4761904761904761,0.6153846153846153,25,32
4307,4307,FCI,25,1.7,4,1000,0,0.0913002490997314,False,0.0,0.0,0.0,0,0
4308,4308,MIIC,25,1.7,4,1000,1,0.0250642299652099,False,1.0,0.3809523809523809,0.5517241379310345,26,33
4309,4309,GHC,25,1.7,4,1000,1,0.2668688297271728,False,0.8947368421052632,0.4047619047619047,0.5573770491803278,27,31
4310,4310,FCI,25,1.7,4,1000,1,0.0995011329650878,False,0.0,0.0,0.0,0,0
4311,4311,MIIC,25,1.7,4,1000,2,0.0254619121551513,False,1.0,0.4761904761904761,0.6451612903225806,22,31
4312,4312,GHC,25,1.7,4,1000,2,0.2815432548522949,False,0.9565217391304348,0.5238095238095238,0.6769230769230768,21,30
4313,4313,FCI,25,1.7,4,1000,2,0.1322650909423828,False,0.0,0.0,0.0,0,0
4314,4314,MIIC,25,1.7,4,1000,3,0.02760910987854,False,1.0,0.4761904761904761,0.6451612903225806,22,30
4315,4315,GHC,25,1.7,4,1000,3,0.2526941299438476,False,1.0,0.4047619047619047,0.576271186440678,25,29
4316,4316,FCI,25,1.7,4,1000,3,0.0918130874633789,False,0.0,0.0,0.0,0,0
4317,4317,MIIC,25,1.7,4,1000,4,0.0344190597534179,False,1.0,0.5476190476190477,0.7076923076923077,19,31
4318,4318,GHC,25,1.7,4,1000,4,0.2699019908905029,False,0.9565217391304348,0.5238095238095238,0.6769230769230768,21,32
4319,4319,FCI,25,1.7,4,1000,4,0.1772668361663818,False,0.0,0.0,0.0,0,0
4320,4320,MIIC,25,1.9,2,100,0,0.0267050266265869,False,0.6538461538461539,0.3617021276595745,0.4657534246575342,39,51
4321,4321,GHC,25,1.9,2,100,0,0.2773101329803467,False,0.5925925925925926,0.3404255319148936,0.4324324324324324,42,49
4322,4322,FCI,25,1.9,2,100,0,0.025162935256958,False,0.0,0.0,0.0,0,0
4323,4323,MIIC,25,1.9,2,100,1,0.0250890254974365,False,0.6153846153846154,0.3404255319148936,0.4383561643835616,41,52
4324,4324,GHC,25,1.9,2,100,1,0.284081220626831,False,0.5517241379310345,0.3404255319148936,0.4210526315789473,44,53
4325,4325,FCI,25,1.9,2,100,1,0.0273559093475341,False,0.0,0.0,0.0,0,0
4326,4326,MIIC,25,1.9,2,100,2,0.0271282196044921,False,0.7142857142857143,0.3191489361702128,0.4411764705882353,38,46
4327,4327,GHC,25,1.9,2,100,2,0.2737398147583008,False,0.6,0.3191489361702128,0.4166666666666667,42,52
4328,4328,FCI,25,1.9,2,100,2,0.026616096496582,False,0.0,0.0,0.0,0,0
4329,4329,MIIC,25,1.9,2,100,3,0.021348237991333,False,0.6086956521739131,0.3111111111111111,0.411764705882353,40,49
4330,4330,GHC,25,1.9,2,100,3,0.2644910812377929,False,0.6521739130434783,0.3333333333333333,0.4411764705882353,38,44
4331,4331,FCI,25,1.9,2,100,3,0.0275161266326904,False,0.0,0.0,0.0,0,0
4332,4332,MIIC,25,1.9,2,100,4,0.0237019062042236,False,0.6086956521739131,0.2978723404255319,0.3999999999999999,42,48
4333,4333,GHC,25,1.9,2,100,4,0.2540500164031982,False,0.5882352941176471,0.2127659574468085,0.3125,44,50
4334,4334,FCI,25,1.9,2,100,4,0.0251061916351318,False,0.0,0.0,0.0,0,0
4335,4335,MIIC,25,1.9,2,250,0,0.0223731994628906,False,0.8421052631578947,0.3404255319148936,0.4848484848484848,34,45
4336,4336,GHC,25,1.9,2,250,0,0.2505598068237304,False,0.8421052631578947,0.3404255319148936,0.4848484848484848,34,44
4337,4337,FCI,25,1.9,2,250,0,0.0329468250274658,False,0.0,0.0,0.0,0,0
4338,4338,MIIC,25,1.9,2,250,1,0.0300099849700927,False,0.8076923076923077,0.4468085106382978,0.5753424657534246,31,42
4339,4339,GHC,25,1.9,2,250,1,0.2939090728759765,False,0.8518518518518519,0.4893617021276595,0.6216216216216216,28,35
4340,4340,FCI,25,1.9,2,250,1,0.0468459129333496,False,0.0,0.0,0.0,0,0
4341,4341,MIIC,25,1.9,2,250,2,0.0264477729797363,False,0.7916666666666666,0.4042553191489361,0.5352112676056338,33,43
4342,4342,GHC,25,1.9,2,250,2,0.2656748294830322,False,0.8260869565217391,0.4042553191489361,0.5428571428571428,32,40
4343,4343,FCI,25,1.9,2,250,2,0.0408141613006591,False,0.0,0.0,0.0,0,0
4344,4344,MIIC,25,1.9,2,250,3,0.034463882446289,False,0.75,0.5333333333333333,0.6233766233766235,29,40
4345,4345,GHC,25,1.9,2,250,3,0.2831389904022217,False,0.7857142857142857,0.4888888888888889,0.6027397260273972,29,38
4346,4346,FCI,25,1.9,2,250,3,0.0486118793487548,False,0.0,0.0,0.0,0,0
4347,4347,MIIC,25,1.9,2,250,4,0.0343587398529052,False,0.7857142857142857,0.4782608695652174,0.5945945945945946,30,40
4348,4348,GHC,25,1.9,2,250,4,0.2866191864013672,False,0.696969696969697,0.5,0.5822784810126582,33,41
4349,4349,FCI,25,1.9,2,250,4,0.0418081283569335,False,0.0,0.0,0.0,0,0
4350,4350,MIIC,25,1.9,2,500,0,0.034531831741333,False,0.84,0.4468085106382978,0.5833333333333334,30,42
4351,4351,GHC,25,1.9,2,500,0,0.2853729724884033,False,0.8333333333333334,0.5319148936170213,0.6493506493506493,27,35
4352,4352,FCI,25,1.9,2,500,0,0.0882711410522461,False,0.0,0.0,0.0,0,0
4353,4353,MIIC,25,1.9,2,500,1,0.0396161079406738,False,0.8333333333333334,0.5319148936170213,0.6493506493506493,27,37
4354,4354,GHC,25,1.9,2,500,1,0.2765240669250488,False,0.8518518518518519,0.4893617021276595,0.6216216216216216,28,42
4355,4355,FCI,25,1.9,2,500,1,0.287156343460083,False,0.0,0.0,0.0,0,0
4356,4356,MIIC,25,1.9,2,500,2,0.0326020717620849,False,0.88,0.4680851063829787,0.6111111111111112,28,38
4357,4357,GHC,25,1.9,2,500,2,0.2983021736145019,False,0.78125,0.5319148936170213,0.6329113924050632,29,38
4358,4358,FCI,25,1.9,2,500,2,0.0747938156127929,False,0.0,0.0,0.0,0,0
4359,4359,MIIC,25,1.9,2,500,3,0.0349869728088378,False,0.9032258064516128,0.5957446808510638,0.7179487179487178,22,26
4360,4360,GHC,25,1.9,2,500,3,0.2910590171813965,False,0.8064516129032258,0.5319148936170213,0.641025641025641,28,36
4361,4361,FCI,25,1.9,2,500,3,2.8883888721466064,False,0.0,0.0,0.0,0,0
4362,4362,MIIC,25,1.9,2,500,4,0.0354387760162353,False,0.8076923076923077,0.4468085106382978,0.5753424657534246,31,40
4363,4363,GHC,25,1.9,2,500,4,0.2978081703186035,False,0.8387096774193549,0.5531914893617021,0.6666666666666666,26,33
4364,4364,FCI,25,1.9,2,500,4,0.1722660064697265,False,0.0,0.0,0.0,0,0
4365,4365,MIIC,25,1.9,2,1000,0,0.0430550575256347,False,0.9642857142857144,0.574468085106383,0.7200000000000001,21,23
4366,4366,GHC,25,1.9,2,1000,0,0.3308632373809814,False,0.7575757575757576,0.5319148936170213,0.625,30,41
4367,4367,FCI,25,1.9,2,1000,0,0.5149691104888916,False,0.0,0.0,0.0,0,0
4368,4368,MIIC,25,1.9,2,1000,1,0.0526230335235595,False,0.918918918918919,0.723404255319149,0.8095238095238095,16,23
4369,4369,GHC,25,1.9,2,1000,1,0.3099949359893799,False,0.7804878048780488,0.6808510638297872,0.7272727272727273,24,39
4370,4370,FCI,25,1.9,2,1000,1,11.769942045211792,False,0.0,0.0,0.0,0,0
4371,4371,MIIC,25,1.9,2,1000,2,0.0498938560485839,False,0.875,0.5957446808510638,0.7088607594936708,23,31
4372,4372,GHC,25,1.9,2,1000,2,0.3081440925598144,False,0.85,0.723404255319149,0.7816091954022989,19,26
4373,4373,FCI,25,1.9,2,1000,2,9.607685089111328,False,0.0,0.0,0.0,0,0
4374,4374,MIIC,25,1.9,2,1000,3,0.0538408756256103,False,0.918918918918919,0.723404255319149,0.8095238095238095,16,20
4375,4375,GHC,25,1.9,2,1000,3,0.3279099464416504,False,0.7441860465116279,0.6808510638297872,0.711111111111111,26,36
4376,4376,FCI,25,1.9,2,1000,3,3.893902063369751,False,0.0,0.0,0.0,0,0
4377,4377,MIIC,25,1.9,2,1000,4,0.0715382099151611,False,0.9411764705882352,0.6808510638297872,0.7901234567901235,17,26
4378,4378,GHC,25,1.9,2,1000,4,0.301908016204834,False,0.9428571428571428,0.7021276595744681,0.8048780487804879,16,23
4379,4379,FCI,25,1.9,2,1000,4,9.517940998077393,False,0.0,0.0,0.0,0,0
4380,4380,MIIC,25,1.9,3,100,0,0.0208890438079834,False,0.8181818181818182,0.391304347826087,0.5294117647058824,32,41
4381,4381,GHC,25,1.9,3,100,0,0.2536959648132324,False,0.8333333333333334,0.3260869565217391,0.46875,34,45
4382,4382,FCI,25,1.9,3,100,0,0.0255868434906005,False,0.0,0.0,0.0,0,0
4383,4383,MIIC,25,1.9,3,100,1,0.012632131576538,False,0.8,0.1739130434782608,0.2857142857142857,40,46
4384,4384,GHC,25,1.9,3,100,1,0.23008394241333,False,0.7777777777777778,0.1521739130434782,0.2545454545454546,41,46
4385,4385,FCI,25,1.9,3,100,1,0.0233237743377685,False,0.0,0.0,0.0,0,0
4386,4386,MIIC,25,1.9,3,100,2,0.0179040431976318,False,0.8333333333333334,0.3191489361702128,0.4615384615384616,35,49
4387,4387,GHC,25,1.9,3,100,2,0.239631175994873,False,0.8,0.2553191489361702,0.3870967741935484,38,48
4388,4388,FCI,25,1.9,3,100,2,0.0251688957214355,False,0.0,0.0,0.0,0,0
4389,4389,MIIC,25,1.9,3,100,3,0.021381139755249,False,0.6086956521739131,0.2978723404255319,0.3999999999999999,42,50
4390,4390,GHC,25,1.9,3,100,3,0.2454872131347656,False,0.6470588235294118,0.2340425531914893,0.34375,42,52
4391,4391,FCI,25,1.9,3,100,3,0.0245659351348876,False,0.0,0.0,0.0,0,0
4392,4392,MIIC,25,1.9,3,100,4,0.0146718025207519,False,0.4615384615384615,0.1276595744680851,0.2,48,52
4393,4393,GHC,25,1.9,3,100,4,0.231856107711792,False,0.4166666666666667,0.1063829787234042,0.1694915254237288,49,50
4394,4394,FCI,25,1.9,3,100,4,0.0303359031677246,False,0.0,0.0,0.0,0,0
4395,4395,MIIC,25,1.9,3,250,0,0.0265688896179199,False,0.8695652173913043,0.425531914893617,0.5714285714285714,30,36
4396,4396,GHC,25,1.9,3,250,0,0.2670731544494629,False,0.9047619047619048,0.4042553191489361,0.5588235294117647,30,40
4397,4397,FCI,25,1.9,3,250,0,0.0437712669372558,False,0.0,0.0,0.0,0,0
4398,4398,MIIC,25,1.9,3,250,1,0.0208768844604492,False,0.8888888888888888,0.3404255319148936,0.4923076923076923,33,43
4399,4399,GHC,25,1.9,3,250,1,0.2545111179351806,False,0.8888888888888888,0.3404255319148936,0.4923076923076923,33,44
4400,4400,FCI,25,1.9,3,250,1,0.042342185974121,False,0.0,0.0,0.0,0,0
4401,4401,MIIC,25,1.9,3,250,2,0.0181436538696289,False,1.0,0.3695652173913043,0.5396825396825397,29,40
4402,4402,GHC,25,1.9,3,250,2,0.2434618473052978,False,1.0,0.3478260869565217,0.5161290322580645,30,40
4403,4403,FCI,25,1.9,3,250,2,0.0415780544281005,False,0.0,0.0,0.0,0,0
4404,4404,MIIC,25,1.9,3,250,3,0.0213918685913085,False,0.9473684210526316,0.3829787234042553,0.5454545454545454,30,41
4405,4405,GHC,25,1.9,3,250,3,0.2674052715301513,False,0.9047619047619048,0.4042553191489361,0.5588235294117647,30,39
4406,4406,FCI,25,1.9,3,250,3,0.0370619297027587,False,0.0,0.0,0.0,0,0
4407,4407,MIIC,25,1.9,3,250,4,0.0196859836578369,False,0.9444444444444444,0.3695652173913043,0.53125,30,41
4408,4408,GHC,25,1.9,3,250,4,0.2450771331787109,False,1.0,0.3478260869565217,0.5161290322580645,30,37
4409,4409,FCI,25,1.9,3,250,4,0.0353391170501709,False,0.0,0.0,0.0,0,0
4410,4410,MIIC,25,1.9,3,500,0,0.0288140773773193,False,0.9565217391304348,0.4680851063829787,0.6285714285714286,26,35
4411,4411,GHC,25,1.9,3,500,0,0.2681741714477539,False,0.88,0.4680851063829787,0.6111111111111112,28,40
4412,4412,FCI,25,1.9,3,500,0,0.0511281490325927,False,0.0,0.0,0.0,0,0
4413,4413,MIIC,25,1.9,3,500,1,0.0229020118713378,False,0.9047619047619048,0.4042553191489361,0.5588235294117647,30,35
4414,4414,GHC,25,1.9,3,500,1,0.274730920791626,False,0.875,0.4468085106382978,0.591549295774648,29,34
4415,4415,FCI,25,1.9,3,500,1,0.0411939620971679,False,0.0,0.0,0.0,0,0
4416,4416,MIIC,25,1.9,3,500,2,0.0294840335845947,False,0.8846153846153846,0.5,0.6388888888888888,26,34
4417,4417,GHC,25,1.9,3,500,2,0.2634880542755127,False,0.8260869565217391,0.4130434782608695,0.5507246376811594,31,43
4418,4418,FCI,25,1.9,3,500,2,0.1463696956634521,False,0.0,0.0,0.0,0,0
4419,4419,MIIC,25,1.9,3,500,3,0.0266220569610595,False,0.9130434782608696,0.4468085106382978,0.6,28,39
4420,4420,GHC,25,1.9,3,500,3,0.2947139739990234,False,0.76,0.4042553191489361,0.5277777777777778,34,49
4421,4421,FCI,25,1.9,3,500,3,0.0505678653717041,False,0.0,0.0,0.0,0,0
4422,4422,MIIC,25,1.9,3,500,4,0.02683687210083,False,1.0,0.425531914893617,0.5970149253731344,27,41
4423,4423,GHC,25,1.9,3,500,4,0.2722663879394531,False,0.88,0.4680851063829787,0.6111111111111112,28,43
4424,4424,FCI,25,1.9,3,500,4,0.0524861812591552,False,0.0,0.0,0.0,0,0
4425,4425,MIIC,25,1.9,3,1000,0,0.0450890064239501,False,0.9032258064516128,0.6086956521739131,0.7272727272727272,21,34
4426,4426,GHC,25,1.9,3,1000,0,0.2858710289001465,False,0.8666666666666667,0.5652173913043478,0.6842105263157895,24,39
4427,4427,FCI,25,1.9,3,1000,0,0.1120450496673584,False,0.0,0.0,0.0,0,0
4428,4428,MIIC,25,1.9,3,1000,1,0.0423240661621093,False,1.0,0.5531914893617021,0.7123287671232876,21,26
4429,4429,GHC,25,1.9,3,1000,1,0.2913370132446289,False,0.896551724137931,0.5531914893617021,0.6842105263157894,24,32
4430,4430,FCI,25,1.9,3,1000,1,0.4315121173858642,False,0.0,0.0,0.0,0,0
4431,4431,MIIC,25,1.9,3,1000,2,0.0469410419464111,False,1.0,0.6382978723404256,0.7792207792207793,17,28
4432,4432,GHC,25,1.9,3,1000,2,0.2940220832824707,False,0.8823529411764706,0.6382978723404256,0.7407407407407407,21,35
4433,4433,FCI,25,1.9,3,1000,2,0.688082218170166,False,0.0,0.0,0.0,0,0
4434,4434,MIIC,25,1.9,3,1000,3,0.0363709926605224,False,0.9629629629629628,0.5531914893617021,0.7027027027027027,22,32
4435,4435,GHC,25,1.9,3,1000,3,0.2970650196075439,False,0.9032258064516128,0.5957446808510638,0.7179487179487178,22,30
4436,4436,FCI,25,1.9,3,1000,3,0.3954641819000244,False,0.0,0.0,0.0,0,0
4437,4437,MIIC,25,1.9,3,1000,4,0.0454483032226562,False,0.9310344827586208,0.574468085106383,0.7105263157894737,22,25
4438,4438,GHC,25,1.9,3,1000,4,0.2877776622772217,False,0.8333333333333334,0.5319148936170213,0.6493506493506493,27,38
4439,4439,FCI,25,1.9,3,1000,4,0.4141538143157959,False,0.0,0.0,0.0,0,0
4440,4440,MIIC,25,1.9,4,100,0,0.0099461078643798,False,0.4,0.0425531914893617,0.0769230769230769,48,50
4441,4441,GHC,25,1.9,4,100,0,0.2066559791564941,False,1.0,0.0212765957446808,0.0416666666666666,46,47
4442,4442,FCI,25,1.9,4,100,0,0.0221941471099853,False,0.0,0.0,0.0,0,0
4443,4443,MIIC,25,1.9,4,100,1,0.0133230686187744,False,0.9090909090909092,0.2127659574468085,0.3448275862068965,38,42
4444,4444,GHC,25,1.9,4,100,1,0.2317490577697754,False,0.8181818181818182,0.1914893617021276,0.3103448275862068,40,46
4445,4445,FCI,25,1.9,4,100,1,0.022648811340332,False,0.7142857142857143,0.1063829787234042,0.1851851851851851,44,48
4446,4446,MIIC,25,1.9,4,100,2,0.0117356777191162,False,0.75,0.1276595744680851,0.2181818181818182,43,47
4447,4447,GHC,25,1.9,4,100,2,0.2241888046264648,False,0.75,0.1276595744680851,0.2181818181818182,43,47
4448,4448,FCI,25,1.9,4,100,2,0.0219030380249023,False,0.6666666666666666,0.1276595744680851,0.2142857142857142,44,48
4449,4449,MIIC,25,1.9,4,100,3,0.0106277465820312,False,1.0,0.1276595744680851,0.2264150943396226,41,45
4450,4450,GHC,25,1.9,4,100,3,0.211794376373291,False,1.0,0.0638297872340425,0.12,44,45
4451,4451,FCI,25,1.9,4,100,3,0.0247321128845214,False,0.0,0.0,0.0,0,0
4452,4452,MIIC,25,1.9,4,100,4,0.0179698467254638,False,0.8125,0.2765957446808511,0.4126984126984127,37,45
4453,4453,GHC,25,1.9,4,100,4,0.2382488250732422,False,0.9090909090909092,0.2127659574468085,0.3448275862068965,38,44
4454,4454,FCI,25,1.9,4,100,4,0.0253229141235351,False,0.0,0.0,0.0,0,0
4455,4455,MIIC,25,1.9,4,250,0,0.0157680511474609,False,0.9166666666666666,0.2340425531914893,0.3728813559322034,37,41
4456,4456,GHC,25,1.9,4,250,0,0.2330071926116943,False,1.0,0.2127659574468085,0.3508771929824561,37,42
4457,4457,FCI,25,1.9,4,250,0,0.0291340351104736,False,0.0,0.0,0.0,0,0
4458,4458,MIIC,25,1.9,4,250,1,0.0138380527496337,False,1.0,0.2127659574468085,0.3508771929824561,37,42
4459,4459,GHC,25,1.9,4,250,1,0.231623888015747,False,1.0,0.1702127659574468,0.2909090909090909,39,43
4460,4460,FCI,25,1.9,4,250,1,0.0256209373474121,False,0.0,0.0,0.0,0,0
4461,4461,MIIC,25,1.9,4,250,2,0.0129921436309814,False,1.0,0.1739130434782608,0.2962962962962963,38,42
4462,4462,GHC,25,1.9,4,250,2,0.2168269157409668,False,1.0,0.108695652173913,0.196078431372549,41,43
4463,4463,FCI,25,1.9,4,250,2,0.0293338298797607,False,0.0,0.0,0.0,0,0
4464,4464,MIIC,25,1.9,4,250,3,0.0192859172821044,False,0.8888888888888888,0.3404255319148936,0.4923076923076923,33,42
4465,4465,GHC,25,1.9,4,250,3,0.2466180324554443,False,0.9285714285714286,0.2765957446808511,0.4262295081967213,35,41
4466,4466,FCI,25,1.9,4,250,3,0.0321762561798095,False,0.0,0.0,0.0,0,0
4467,4467,MIIC,25,1.9,4,250,4,0.0168540477752685,False,0.9285714285714286,0.2765957446808511,0.4262295081967213,35,41
4468,4468,GHC,25,1.9,4,250,4,0.2487847805023193,False,0.9333333333333332,0.2978723404255319,0.4516129032258065,34,39
4469,4469,FCI,25,1.9,4,250,4,0.027756929397583,False,0.0,0.0,0.0,0,0
4470,4470,MIIC,25,1.9,4,500,0,0.0257258415222167,False,1.0,0.4680851063829787,0.6376811594202899,25,32
4471,4471,GHC,25,1.9,4,500,0,0.2519910335540771,False,0.9473684210526316,0.3829787234042553,0.5454545454545454,30,40
4472,4472,FCI,25,1.9,4,500,0,0.0725622177124023,False,0.0,0.0,0.0,0,0
4473,4473,MIIC,25,1.9,4,500,1,0.0204560756683349,False,0.9411764705882352,0.3404255319148936,0.5,32,41
4474,4474,GHC,25,1.9,4,500,1,0.2470550537109375,False,1.0,0.3404255319148936,0.5079365079365079,31,37
4475,4475,FCI,25,1.9,4,500,1,0.069094181060791,False,0.0,0.0,0.0,0,0
4476,4476,MIIC,25,1.9,4,500,2,0.0265719890594482,False,0.9583333333333334,0.4893617021276595,0.6478873239436619,25,35
4477,4477,GHC,25,1.9,4,500,2,0.2556049823760986,False,0.95,0.4042553191489361,0.5671641791044776,29,39
4478,4478,FCI,25,1.9,4,500,2,0.0404706001281738,False,0.0,0.0,0.0,0,0
4479,4479,MIIC,25,1.9,4,500,3,0.0210890769958496,False,0.8823529411764706,0.3191489361702128,0.46875,34,39
4480,4480,GHC,25,1.9,4,500,3,0.2530930042266845,False,0.8823529411764706,0.3191489361702128,0.46875,34,38
4481,4481,FCI,25,1.9,4,500,3,0.0559780597686767,False,0.0,0.0,0.0,0,0
4482,4482,MIIC,25,1.9,4,500,4,0.0252931118011474,False,0.95,0.4042553191489361,0.5671641791044776,29,44
4483,4483,GHC,25,1.9,4,500,4,0.2552249431610107,False,0.8888888888888888,0.3404255319148936,0.4923076923076923,33,42
4484,4484,FCI,25,1.9,4,500,4,0.0920531749725341,False,0.0,0.0,0.0,0,0
4485,4485,MIIC,25,1.9,4,1000,0,0.0315601825714111,False,1.0,0.5,0.6666666666666666,23,33
4486,4486,GHC,25,1.9,4,1000,0,0.2700541019439697,False,0.9565217391304348,0.4782608695652174,0.6376811594202898,25,37
4487,4487,FCI,25,1.9,4,1000,0,0.0647838115692138,False,0.0,0.0,0.0,0,0
4488,4488,MIIC,25,1.9,4,1000,1,0.0318260192871093,False,1.0,0.5217391304347826,0.6857142857142856,22,34
4489,4489,GHC,25,1.9,4,1000,1,0.2733051776885986,False,0.8695652173913043,0.4347826086956521,0.5797101449275363,29,41
4490,4490,FCI,25,1.9,4,1000,1,0.0682621002197265,False,0.0,0.0,0.0,0,0
4491,4491,MIIC,25,1.9,4,1000,2,0.0272738933563232,False,1.0,0.4042553191489361,0.5757575757575757,28,35
4492,4492,GHC,25,1.9,4,1000,2,0.2618367671966553,False,1.0,0.4468085106382978,0.6176470588235294,26,30
4493,4493,FCI,25,1.9,4,1000,2,0.059809923171997,False,0.0,0.0,0.0,0,0
4494,4494,MIIC,25,1.9,4,1000,3,0.0385651588439941,False,0.9130434782608696,0.4468085106382978,0.6,28,32
4495,4495,GHC,25,1.9,4,1000,3,0.2629671096801758,False,0.8571428571428571,0.3829787234042553,0.5294117647058824,32,37
4496,4496,FCI,25,1.9,4,1000,3,0.2420871257781982,False,0.0,0.0,0.0,0,0
4497,4497,MIIC,25,1.9,4,1000,4,0.0287399291992187,False,1.0,0.4680851063829787,0.6376811594202899,25,38
4498,4498,GHC,25,1.9,4,1000,4,0.2765290737152099,False,0.875,0.4468085106382978,0.591549295774648,29,40
4499,4499,FCI,25,1.9,4,1000,4,0.0705959796905517,False,0.0,0.0,0.0,0,0
